node_id,population
347401075,109
426748309,178
426748382,131
426748384,107
426748418,91
426748432,126
426748483,108
426748498,109
426748512,69
426748524,93
426748607,54
426807718,109
426807724,80
426807728,92
426807729,62
426807731,52
426807742,34
426816915,147
426816916,262
426816921,224
441034766,124
441034768,96
441034777,148
441034779,128
441034780,120
441034781,87
441034782,114
441034783,89
441037188,98
441037189,114
441037381,127
441037382,146
441037384,101
441037385,104
441037386,112
443353278,60
566890264,72
566890265,82
566890270,74
566890273,98
566890276,82
566890277,99
566890278,88
566890285,76
566890301,81
566890305,77
566890308,58
566890309,53
625828893,126
625828894,88
625828896,92
625828898,79
625828901,127
625828902,116
625828903,119
625828904,125
625828905,104
625828907,112
625828912,96
625828915,79
625828916,119
625828918,104
625828921,107
625828922,123
625828923,88
625828924,101
813348627,190
1191193999,47
1191194035,47
1191194249,27
1191194410,45
1191194594,55
1191194726,74
1191194779,45
1191194890,40
1191195029,46
1323385810,93
1323385817,129
1323385820,124
1323385826,154
1360408570,92
1360408573,71
1360408721,89
1424350678,220
1424350682,197
1424350716,241
1424350758,353
1424350759,269
1424350763,248
1424350766,266
1424350779,231
1424350783,313
1424350809,275
1424350811,275
1424350818,274
1424350820,306
1424350823,263
1424350826,219
1424350827,229
1424350832,370
1424350846,373
1424350849,318
1424350852,254
1424350855,375
1424350857,366
1424350860,342
1424350862,302
1424350865,248
1424350866,232
1424350870,378
1424350872,300
1424350874,248
1424350876,262
1424350898,303
1424350901,242
1424350903,355
1424350906,355
1424350908,350
1424350909,303
1424350917,316
1424350919,318
1424350921,318
1424350923,220
1424350927,291
1424350932,230
1424350934,332
1424350945,271
1424350946,235
1424350948,235
1424350949,309
1424350953,247
1424350956,381
1424350968,325
1424350971,278
1424350990,324
1424350993,221
1424351001,393
1424351007,294
1424351010,365
1424351019,264
1424351026,287
1424351027,350
1424351030,395
1424351031,347
1424351035,310
1424351038,289
1424351045,283
1424351049,294
1424351050,289
1424351059,229
1424351060,350
1424351063,420
1424351064,259
1424351066,314
1424351068,230
1424351072,336
1424351076,250
1424351078,326
1424351087,351
1424351089,400
1424351093,223
1424351095,375
1424351097,253
1424351098,215
1424351100,304
1424351104,322
1424351105,371
1424351114,363
1424351115,269
1424351117,419
1424351119,277
1424351120,302
1424351127,264
1424351132,425
1424351134,244
1424351135,248
1424351146,308
1424351148,421
1424351150,384
1424351152,334
1424351153,424
1424351156,393
1424351158,317
1424351160,287
1424351164,349
1424351167,340
1424351170,283
1424351184,230
1424351186,372
1424351188,296
1424351190,406
1424351192,269
1424351195,247
1424351198,373
1424351200,243
1424351203,270
1424351205,349
1424351211,397
1424351214,284
1424351218,270
1424351221,376
1424351226,409
1424351229,330
1424351233,244
1424351236,223
1424351239,279
1424351242,235
1424351247,341
1424351250,248
1424351251,328
1424351254,337
1424351257,339
1424351259,271
1424351261,412
1424351263,357
1424351265,356
1424351270,251
1424351276,255
1424351281,420
1424351283,287
1424351284,289
1424351286,338
1424351287,356
1424351291,411
1424351292,290
1424351293,378
1424351294,229
1424351302,354
1424351307,327
1424351309,230
1424351310,242
1424351311,319
1424351313,387
1424351314,347
1424351315,407
1424351316,406
1424351320,307
1424351325,406
1424351327,234
1424351334,229
1424351337,406
1424351350,405
1424351352,292
1424351354,356
1424351355,331
1424351357,416
1424351360,337
1424351361,312
1424351370,317
1424351372,300
1424351379,360
1424351380,426
1424351382,288
1424351388,298
1424351390,268
1424351409,406
1424351411,390
1424351417,227
1424351418,229
1424351436,323
1424351441,238
1424351442,376
1424351451,290
1424351457,243
1424351467,383
1424351480,265
1424351481,319
1424351486,253
1424351489,282
1424351499,218
1424351502,218
1424351512,249
1424351514,224
1424351519,332
1424351533,394
1424351537,278
1424351548,281
1424351552,312
1424351553,375
1424351563,371
1424351571,226
1424351573,240
1424351574,306
1424351576,260
1424351580,341
1424351582,300
1424351584,236
1424351591,257
1424351597,335
1424351623,233
1424351626,447
1424351628,239
1424351633,396
1424351635,245
1424351651,399
1424351655,454
1424351661,401
1424351664,409
1424351666,382
1424351668,411
1424351671,419
1424351676,239
1424351683,367
1424351688,334
1424351690,392
1424351692,308
1424351693,294
1424351710,365
1424351712,267
1424351721,267
1424351733,332
1424351758,323
1424351765,265
1424351774,297
1424351786,301
1424351788,319
1424351803,352
1424351808,357
1424351811,323
1424351813,432
1424351816,449
1424351818,344
1424351822,290
1424351824,334
1424351828,441
1424351831,321
1424351835,429
1424351840,363
1424351857,353
1424351859,301
1424351861,378
1424351863,263
1424352170,421
1424352174,430
1424352175,302
1424352177,384
1424352181,258
1424352184,348
1424352201,291
1424352210,469
1424352217,279
1424352222,440
1424352226,435
1424352231,345
1424352240,424
1424352243,358
1424352244,421
1424352246,305
1424352249,353
1424352281,268
1424352289,398
1424352291,294
1424352295,327
1424352303,345
1424352308,338
1424352311,368
1424352314,356
1424352317,377
1424352322,338
1424352323,380
1424352325,421
1424352326,282
1424352329,273
1424352360,235
1424352363,397
1424352366,328
1424352374,357
1424352378,347
1424352386,301
1424352392,453
1424352395,410
1424352399,258
1424352403,292
1424352412,272
1424352415,294
1424352418,286
1424352420,437
1424352434,345
1424352438,298
1424352446,357
1424352450,364
1424352454,386
1424352458,388
1424352466,290
1424352471,297
1424352474,445
1424352479,372
1424352496,397
1424352501,280
1424352503,396
1424352508,388
1424352509,267
1424352512,308
1424352518,356
1424352521,229
1424352525,356
1424352528,378
1424352533,286
1424352539,285
1424352561,350
1424352565,277
1424352572,432
1424352574,341
1424352576,250
1424352581,481
1424352586,373
1424352590,268
1424352606,378
1424352612,225
1424352635,404
1424352639,371
1424352641,368
1424352644,226
1424352654,360
1424352657,225
1424352665,297
1424352667,231
1424352669,374
1424352671,280
1424352673,382
1424352674,318
1424352697,261
1424352698,221
1424352700,261
1424352703,308
1424352704,351
1424352707,308
1424352709,387
1424352712,262
1424352715,375
1424352722,423
1424352725,336
1424352728,332
1424352732,371
1424352735,243
1424352738,247
1424352742,286
1424352759,353
1424352770,343
1424352774,341
1424352776,359
1424352779,229
1424352787,424
1424352789,255
1424352799,306
1424352801,346
1424352803,381
1424352809,336
1424352835,222
1424352838,376
1424352843,260
1424352847,368
1424352850,404
1424352853,256
1424352857,235
1424352866,278
1424352896,456
1424352897,307
1424352898,368
1424352900,379
1424352902,374
1424352906,286
1424352911,453
1424352915,324
1424352925,344
1424352929,337
1424352936,410
1424352966,396
1424352973,245
1424352980,352
1424352984,365
1424352986,365
1424352997,274
1424353001,238
1424353003,257
1424353006,305
1424353008,356
1424353036,376
1424353044,392
1424353047,284
1424353049,350
1424353052,255
1424353056,368
1424353064,316
1424353068,249
1424353074,332
1424353083,298
1424353096,316
1424353105,308
1424353108,377
1424353118,393
1424353125,383
1424353127,330
1424353130,329
1424353132,415
1424353135,376
1424353138,335
1424353148,399
1424353151,327
1424353154,371
1424353190,423
1424353193,449
1424353198,451
1424353204,368
1424353207,346
1424353216,429
1424353229,329
1424353248,432
1424353251,350
1424353254,266
1424353262,273
1424353265,370
1424353283,250
1424353290,308
1424353293,332
1424353295,292
1424353317,307
1424353323,401
1424353329,268
1424353333,428
1424353336,412
1424353342,335
1424353348,276
1424353350,405
1424353362,259
1424353368,316
1424353389,454
1424353406,459
1424353414,391
1424353417,305
1424353418,414
1424353422,397
1424353427,329
1424353435,389
1424353438,240
1424353442,295
1424353457,368
1424353467,289
1424353468,295
1424353470,433
1424353471,459
1424395831,358
1424395895,341
1424395900,370
1424395906,219
1424395912,276
1424395918,263
1424395920,208
1424395925,328
1424395928,287
1424395929,272
1424395931,226
1424395933,237
1424395939,343
1424395941,216
1424395949,256
1424395954,240
1424395956,295
1424395958,311
1424395959,290
1424395961,222
1424395972,246
1424395974,345
1424395978,305
1424395994,328
1424396007,323
1424396012,314
1424396036,209
1424396038,268
1424396042,299
1424396050,248
1424396053,325
1424396061,284
1424396076,210
1424396077,372
1424396080,291
1424396083,335
1424396087,288
1424396097,346
1424396103,251
1424396111,267
1424396113,278
1424396121,247
1424396137,267
1424396139,360
1424396140,287
1424396151,281
1424396152,242
1424396153,231
1424396155,200
1424396165,345
1424396171,257
1424396173,239
1424396177,287
1424396179,245
1424396183,278
1424396190,370
1424396191,313
1424396192,350
1424396193,306
1424396194,265
1424396206,392
1424396209,364
1424396210,313
1424396211,441
1424396213,347
1424396217,417
1424396220,222
1424396222,309
1424396224,258
1424396226,293
1424396230,324
1424396232,358
1424396236,435
1424396238,301
1424396240,308
1424396242,381
1424396243,256
1424396244,235
1424396245,246
1424396246,324
1424396247,305
1424396248,450
1424396250,285
1424396258,367
1424396259,299
1424396261,325
1424396266,220
1424396271,311
1424396273,335
1424396275,378
1424396278,333
1424396285,211
1424396287,261
1424396291,218
1424396293,220
1424396295,387
1424396297,388
1424396298,370
1424396300,382
1424396301,378
1424396302,343
1424396304,216
1424396308,251
1424396313,307
1424396314,424
1424396315,249
1424396319,158
1424396320,356
1424396322,227
1424396324,283
1424396326,370
1424396328,319
1424396333,248
1424396334,386
1424396335,320
1424396346,414
1424396348,305
1424396351,337
1424396353,306
1424396359,263
1424396361,361
1424396373,262
1424396375,246
1424396376,323
1424396378,352
1424396390,415
1424396392,390
1424396398,275
1424396401,311
1424396403,242
1424396407,365
1424396408,439
1424396412,334
1424396414,359
1424396416,311
1424396418,386
1424396420,316
1424396431,253
1424396433,286
1424396435,242
1424396439,231
1424396440,213
1424396442,326
1424396444,353
1424396448,292
1424396452,292
1424396455,421
1424396460,365
1424396471,315
1424396474,269
1424396478,420
1424396481,303
1424396483,287
1424396484,408
1424396485,318
1424396486,393
1424396494,339
1424396498,368
1424396500,276
1424396515,280
1424396519,291
1424396523,252
1424396526,418
1424396530,278
1424396531,341
1424396533,392
1424396538,378
1424396541,289
1424396544,243
1424396547,430
1424396550,373
1424396573,259
1424396586,289
1424479527,248
1424479528,193
1424479529,243
1424479532,185
1424479533,263
1424479540,326
1424479542,248
1424479548,236
1424479553,180
1424479560,308
1424479562,189
1424479563,183
1424479564,208
1424479567,184
1424479568,274
1424479570,255
1424479571,221
1424479573,194
1424479574,195
1424479575,235
1424479577,185
1424479578,307
1424479580,210
1424479586,246
1424479588,240
1424479589,240
1424479591,192
1424479594,197
1424479595,279
1424479597,197
1424479598,264
1424479601,256
1424479607,212
1424479610,254
1424479611,342
1424479613,315
1424479614,224
1424479619,242
1424479620,242
1424479623,280
1424479624,314
1424479625,220
1424479631,268
1424479633,332
1424479634,191
1424479637,279
1424479644,304
1424479647,209
1424479649,194
1424479655,207
1424479663,337
1424479668,186
1424479676,237
1424479677,193
1424479683,221
1424479684,285
1424479686,239
1424479687,276
1424479688,278
1424479689,322
1424479693,190
1424479697,354
1424479701,286
1424479702,214
1424479703,311
1424479707,321
1424479709,232
1424479710,346
1424479711,268
1424479713,288
1424479714,348
1424479719,246
1424479720,317
1424479721,245
1424479725,349
1424479726,287
1424479734,226
1424479735,255
1424479736,247
1424479738,202
1424479748,196
1424479749,255
1424479750,191
1424479753,217
1424479755,313
1424479759,309
1424479760,309
1424479763,268
1424479765,369
1424479767,288
1424479770,216
1424479782,214
1424479786,309
1424479801,222
1424479806,282
1424479808,355
1424479811,196
1424479829,200
1424479833,361
1424479853,318
1424479855,217
1424479865,351
1424479871,346
1424479879,299
1424479917,303
1424479941,247
1424479951,214
1424479990,304
1424480098,262
1424480132,340
1424480135,383
1424480143,223
1424480146,338
1424480149,269
1424480151,396
1424480152,278
1424480155,350
1424480158,335
1424480172,305
1424480186,294
1424480189,296
1424480202,266
1424480219,325
1424480223,341
1424480242,227
1424480247,305
1424480248,195
1424480257,349
1424480261,290
1424480285,304
1424480287,221
1424480289,332
1424480293,305
1424480303,341
1424480304,184
1424480305,380
1424480306,221
1424480309,248
1424480314,399
1424480327,335
1424480328,264
1424480329,243
1424480334,330
1424480336,297
1424480348,226
1424480350,278
1424480353,284
1424480366,306
1424480368,327
1424480369,196
1424480372,162
1424480376,344
1424480381,278
1424480387,321
1424480390,162
1424480392,251
1424480394,257
1424480399,159
1424480401,346
1424480420,211
1424480424,301
1424480427,333
1424480443,221
1424480444,220
1424480446,216
1424480448,289
1424480458,229
1424480459,257
1424480462,338
1424480464,265
1424480467,214
1424480471,195
1424480472,238
1424480477,190
1424480486,213
1424480488,280
1424480490,247
1424480493,315
1424480497,228
1424480499,187
1424480503,290
1424480505,295
1424480510,213
1424480514,183
1424618407,299
1424618416,351
1424618418,344
1424618420,299
1424618422,258
1424618423,349
1424618425,449
1424618427,383
1424618436,357
1424618439,272
1424618440,301
1424618441,309
1424618443,419
1424618446,441
1424618448,422
1424618455,426
1424618456,461
1424618457,464
1424618458,269
1424618459,277
1424618462,322
1424618463,392
1424618465,274
1424618474,434
1424618475,381
1424618476,376
1424618477,291
1424618478,320
1424618479,285
1424618483,448
1424618486,386
1424618488,427
1424618490,315
1424618491,337
1424618493,362
1424618494,436
1424618495,421
1424618497,305
1424618498,464
1424618499,282
1424618500,449
1424618501,288
1424618502,297
1424618503,445
1424618504,314
1424618507,353
1424618508,356
1424618509,310
1424618510,418
1424618511,461
1424618513,446
1424618514,343
1424618515,370
1424618516,325
1424618517,312
1424618519,302
1424618520,464
1424618522,472
1424618524,442
1424618527,379
1424618528,383
1424618529,389
1424618532,374
1424618533,350
1424618534,297
1424618537,298
1424618538,470
1424618539,367
1424618540,489
1424618543,318
1424618545,399
1424618548,306
1424618550,310
1424618551,278
1424618554,299
1424618555,490
1424618561,332
1424618566,416
1424618567,382
1424618570,354
1424618574,382
1424618579,319
1424618581,507
1424618583,453
1424618584,433
1424618585,387
1424618587,313
1424618588,471
1424618590,351
1424618591,285
1424618595,357
1424618599,449
1424618600,425
1424618601,437
1424618604,462
1424618605,322
1424618607,469
1424618608,378
1424618610,432
1424618611,274
1424618612,516
1424618615,322
1424618616,283
1424618619,385
1424618620,304
1424618621,315
1424618623,428
1424618625,369
1424618627,502
1424618628,349
1424618631,454
1424618633,363
1424618634,434
1424618636,398
1424618638,392
1424618639,495
1424618640,357
1424618643,324
1424618645,419
1424618646,450
1424618647,283
1424618648,386
1424618650,465
1424618652,460
1424618653,512
1424618655,410
1424618658,436
1424618659,355
1424618660,511
1424618661,341
1424618662,451
1424618663,379
1424618664,427
1424618665,449
1424618667,380
1424618669,465
1424618670,380
1424618671,431
1424618672,366
1424618674,380
1424618676,359
1424618677,313
1424618679,287
1424618680,447
1424618681,435
1424618684,439
1424618685,287
1424618686,366
1424618691,334
1424618693,474
1424618695,456
1424618696,346
1424618697,447
1424618698,312
1424618701,354
1424618703,317
1424618704,332
1424618705,450
1424618706,511
1424618707,332
1424618709,387
1424618713,450
1424618714,520
1424618715,438
1424618716,344
1424618717,439
1424618718,363
1424618721,541
1424618723,361
1424618725,452
1424618727,294
1424618728,387
1424618730,436
1424618731,408
1424618732,397
1424618735,521
1424618736,488
1424618737,362
1424618739,424
1424618742,374
1424618745,443
1424618746,372
1424618747,346
1424618748,444
1424618749,483
1424618753,500
1424618754,521
1424618755,473
1424618757,480
1424618760,438
1424618763,354
1424618764,401
1424618765,318
1424618769,451
1424618771,356
1424618773,350
1424618775,400
1424618777,392
1424618779,315
1424618782,493
1424618784,502
1424618786,306
1424618788,299
1424618791,356
1424618792,490
1424618795,500
1424618796,320
1424618798,442
1424618800,319
1424618801,389
1424618807,542
1424618808,337
1424618809,304
1424618811,397
1424618812,442
1424618814,481
1424618816,525
1424618820,295
1424618822,326
1424618824,463
1424618826,355
1424618830,514
1424618831,436
1424618832,312
1424618833,460
1424618834,305
1424618836,377
1424618838,427
1424618839,415
1424618840,465
1424618841,447
1424618842,535
1424618843,520
1424618846,422
1424618848,292
1424618850,432
1424618852,526
1424618855,356
1424618858,407
1424618861,398
1424618866,307
1424618868,431
1424618869,349
1424618870,484
1424618872,503
1424618878,466
1424618879,397
1424618882,350
1424618883,442
1424618884,468
1424618886,387
1424618887,521
1424618891,331
1424618893,484
1424618894,299
1424618899,310
1424618900,406
1424618903,285
1424618904,285
1424618908,287
1424618909,381
1424618911,458
1424618913,279
1424618914,427
1424618915,475
1424618918,316
1424618920,310
1424618921,490
1424618922,450
1424618927,399
1424618930,449
1424618931,331
1424618932,372
1424618933,444
1424618934,334
1424618935,455
1424618937,439
1424618940,465
1424618941,414
1424618942,382
1424618946,344
1424618948,342
1424618952,457
1424618954,303
1424618955,306
1424618957,321
1424618958,335
1424618959,472
1424618961,393
1424618962,505
1424618963,319
1424618964,443
1424618965,403
1424618967,372
1424618968,484
1424618970,513
1424618972,497
1424618973,341
1424618974,338
1424618975,447
1424618978,341
1424618980,446
1424618981,427
1424618982,414
1424618985,482
1424618987,473
1424618989,296
1424618995,306
1424618996,439
1424618997,408
1424618999,365
1424619000,399
1424619001,465
1424619003,508
1424619004,414
1424619006,361
1424619007,358
1424619011,433
1424619013,378
1424619014,420
1424619016,464
1424619018,311
1424619019,282
1424619020,350
1424619024,527
1424619027,425
1424619028,314
1424619033,529
1424619039,423
1424619041,423
1424619042,509
1424619043,312
1424619045,357
1424619049,467
1424619055,351
1424619056,417
1424619060,340
1424619063,297
1424619068,310
1424619124,386
1424619125,315
1424619128,338
1424619130,524
1424619131,387
1424619134,399
1424619136,318
1424619138,387
1424619139,370
1424619140,461
1424619142,348
1424619143,538
1424619145,518
1424619147,330
1424619151,307
1424619153,310
1424619155,418
1424619157,302
1424619158,530
1424619163,475
1424619167,265
1424619171,418
1424619172,534
1424619201,118
1424619204,191
1424619208,134
1424619213,247
1424619220,188
1424619221,520
1424619232,354
1424619233,256
1424619234,439
1424619236,440
1424619237,563
1424619244,409
1424619246,413
1424619258,199
1424619262,146
1424619263,183
1424619267,170
1424619268,143
1424619271,259
1424619272,196
1424619273,208
1424619278,181
1424619279,188
1424619280,219
1424619281,267
1424619284,245
1424619288,187
1424619289,160
1424619290,218
1424619296,219
1424619297,177
1424619298,217
1424619300,241
1424619301,180
1424619303,168
1424619308,190
1424619309,165
1424619310,151
1424619312,230
1424619316,202
1424619317,162
1424619318,208
1424619319,248
1424619320,157
1424619326,254
1424619327,259
1424619329,222
1424619330,223
1424619331,125
1424619334,253
1424619336,189
1424619339,220
1425255010,396
1425255011,265
1425255012,280
1425255019,422
1425255021,405
1425255022,276
1425255024,436
1425255028,455
1425255030,393
1425255031,377
1425255039,267
1425255043,461
1425255045,349
1425255049,493
1425255051,355
1425255053,412
1425255059,338
1425255061,323
1425255063,452
1425255067,400
1425255073,391
1425255075,475
1425255076,506
1425255078,494
1425255090,314
1425255094,392
1425255095,491
1425255098,348
1425255099,313
1425255101,449
1425255103,399
1425255105,400
1425255111,535
1425255113,399
1425255120,387
1425255122,340
1425255123,362
1425255124,313
1425255125,483
1425255129,501
1425255131,361
1425255141,364
1425255144,451
1425255145,296
1425255146,389
1425255154,410
1425255158,461
1425255159,298
1425255163,451
1425255166,349
1425255167,393
1425255171,298
1425255173,409
1425255175,415
1425255177,347
1425255179,324
1425255181,319
1425255182,336
1425255183,319
1425255184,476
1425255186,385
1425255187,489
1425255188,491
1425255189,319
1425255190,412
1425255192,507
1425255193,438
1425255195,379
1425255196,406
1425255197,266
1425255199,382
1425255200,506
1425255203,535
1425255205,298
1425255207,481
1425255208,367
1425255209,479
1425255210,309
1425255211,490
1425255212,480
1425255213,319
1425255214,280
1425255215,448
1425255218,335
1425255220,428
1425255221,537
1425255223,383
1425255224,370
1425255225,402
1425255231,287
1425255232,487
1425255233,382
1425255236,313
1425255237,368
1425255240,469
1425255241,328
1425255242,453
1425255244,442
1425255246,508
1425255247,559
1425255248,451
1425255249,540
1425255251,297
1425255252,513
1425255254,407
1425255255,437
1425255256,511
1425255258,565
1425255259,419
1425255260,381
1425255261,390
1425255264,374
1425255265,394
1425255266,387
1425255268,322
1425255271,317
1425255272,453
1425255273,364
1425255274,543
1425255275,458
1425255276,285
1425255280,321
1425255281,340
1425255282,556
1425255283,358
1425255284,387
1425255285,528
1425255286,488
1425255287,335
1425255288,317
1425255289,319
1425255290,320
1425255291,320
1425255293,447
1425255294,532
1425255296,395
1425255297,440
1425255298,339
1425255300,496
1425255301,447
1425255302,489
1425255304,485
1425255305,394
1425255306,323
1425255307,330
1425255308,391
1425255310,522
1425255311,398
1425255312,467
1425255313,444
1425255314,342
1425255316,359
1425255317,432
1425255318,478
1425255322,392
1425255323,327
1425255324,472
1425255326,347
1425255329,519
1425255330,338
1425255331,310
1425255333,421
1425255335,393
1425255338,434
1425255339,395
1425255340,542
1425255341,423
1425255342,402
1425255343,373
1425255344,311
1425255345,455
1425255346,329
1425255347,444
1425255348,313
1425255349,537
1425255350,418
1425255351,523
1425255352,436
1425255353,301
1425255354,485
1425255359,465
1425255360,489
1425255361,384
1425255363,448
1425255366,535
1425255367,441
1425255368,364
1425255369,450
1425255370,464
1425255379,516
1425255383,376
1425255386,382
1425255387,501
1425255388,418
1425255389,489
1425255391,366
1425255392,342
1425255393,496
1425255396,318
1425255398,350
1425255399,447
1425255400,467
1425255401,520
1425255402,371
1425255403,327
1425255404,517
1425255405,322
1425255406,345
1425255407,367
1425255408,424
1425255409,523
1425255410,468
1425255411,460
1425255412,337
1425255413,388
1425255414,419
1425255415,331
1425255416,349
1425255418,364
1425255420,327
1425255422,415
1425255423,465
1425255424,296
1425255425,413
1425255427,485
1425255429,482
1425255430,495
1425255431,408
1425255432,475
1425255434,354
1425255440,343
1425319074,293
1425319075,359
1425319076,335
1425319077,308
1425319078,402
1425319080,321
1425319081,322
1425319082,277
1425319083,355
1425319085,310
1425319087,335
1425319088,302
1425319089,435
1425319090,467
1425319092,366
1425319093,393
1425319095,449
1425319097,493
1425319098,351
1425319099,456
1425319101,440
1425319103,435
1425319105,352
1425319106,286
1425319107,260
1425319110,367
1425319112,355
1425319115,364
1425319116,373
1425319118,388
1425319119,438
1425319120,279
1425319121,310
1425319122,456
1425319126,458
1425319127,471
1425319128,458
1425319133,434
1425319134,327
1425319136,360
1425319139,317
1425319140,389
1425319141,464
1425319142,317
1425319144,385
1425319145,338
1425319146,295
1425319155,283
1425319157,279
1425319158,495
1425319161,364
1425319163,431
1425319166,416
1425319168,284
1425319176,308
1425319178,421
1425319180,295
1425319182,455
1425319189,290
1425319190,441
1425319191,433
1425319193,290
1425319194,327
1425319202,443
1425319205,331
1425319206,338
1425319207,385
1425319209,298
1425319210,414
1425319212,421
1425319216,348
1425319223,463
1425319224,322
1425319228,246
1425319230,367
1425319232,464
1425319235,289
1425319241,286
1425319249,386
1425319251,426
1425319253,267
1425319254,382
1425319255,458
1425319260,363
1425319263,289
1425319265,329
1425319269,366
1425319280,345
1425319283,420
1425319284,388
1425319285,388
1425319286,468
1425319287,389
1425319288,321
1425319298,497
1425319299,344
1425319300,443
1425319301,428
1425319304,264
1425319305,405
1425319306,321
1425319308,278
1425319310,329
1425319311,349
1425319312,424
1425319314,431
1425319316,485
1425319317,317
1425319318,292
1425319319,343
1425319320,284
1425319322,528
1425319323,383
1425319326,319
1425319330,499
1425319333,383
1425319336,242
1425319339,284
1425319343,370
1425319345,428
1425319346,338
1425319348,439
1425319349,397
1425319350,490
1425319352,347
1425319354,241
1425319356,464
1425319357,288
1425319358,385
1425319359,398
1425319360,255
1425319362,423
1425319363,519
1425319364,462
1425319365,328
1425319367,434
1425319370,336
1425319371,396
1425319372,459
1425319376,424
1425319377,336
1425319378,310
1425319380,344
1425319381,347
1425319383,364
1425319384,433
1425319385,311
1425319388,393
1425319389,407
1425319391,298
1425319393,473
1425319394,373
1425319395,381
1425319396,276
1425319397,450
1425319398,512
1425319401,393
1425319403,437
1425319404,524
1425319405,374
1425319407,360
1425319408,355
1425319409,441
1425319410,304
1425319412,321
1425319414,506
1425319415,336
1425319416,399
1425319417,298
1425319418,431
1425319419,425
1425319421,292
1425319422,430
1425319423,291
1425319425,430
1425319426,429
1425319427,489
1425319428,236
1425319429,289
1425319430,389
1425319433,355
1425319434,359
1425319435,238
1425319436,357
1425319438,414
1425319439,253
1425319441,360
1425319442,432
1425319443,290
1425319445,388
1425319447,279
1425319448,435
1425319449,440
1425319451,422
1425319452,337
1425319453,334
1425319455,409
1425319456,275
1425319457,282
1425319459,270
1425319460,454
1425319461,440
1425319462,430
1425319463,385
1425319464,356
1425319465,403
1425319467,370
1425319468,408
1425319469,268
1425319470,417
1425319471,348
1425319472,331
1425319475,403
1425319476,278
1425319477,408
1425319478,472
1425319479,500
1425319481,354
1425319482,295
1425319483,288
1425319484,253
1425319485,283
1425319486,300
1425319487,441
1425319488,252
1425319489,295
1425319491,464
1425319492,336
1425319493,415
1425319494,402
1425319495,471
1425319496,430
1425319497,420
1425319498,390
1425319499,347
1425319500,293
1425319501,341
1425319503,313
1425319505,398
1425319506,348
1425319509,279
1425319510,327
1425319511,453
1425319512,355
1425319513,445
1425319516,420
1425319517,251
1425319519,372
1425319520,295
1425319521,295
1425319522,347
1425319523,460
1425319524,340
1425319526,341
1425319527,331
1425319529,406
1425319530,427
1425319531,344
1425319533,375
1425319534,304
1425319536,351
1425319537,364
1425319538,432
1425319539,284
1425319540,315
1425319546,346
1425319548,232
1425319549,326
1425319550,382
1425319551,427
1425319552,267
1425319556,415
1425319557,362
1425319558,448
1425319560,323
1425319561,326
1425319563,411
1425319564,449
1425319566,305
1425319567,370
1425319568,398
1425319569,450
1425319571,266
1425319573,373
1425319577,310
1425319578,445
1425319580,383
1425319582,317
1425319584,505
1425319585,335
1425319586,306
1425319588,299
1425319592,239
1425319597,261
1425319598,353
1425319600,368
1425319602,433
1425319604,231
1425319605,409
1425319607,252
1425319609,468
1425319611,256
1425319612,339
1425319613,290
1425319614,427
1425319617,358
1425319619,414
1425319623,322
1425319630,463
1425319632,380
1425319637,451
1425319640,472
1425319642,477
1425319646,260
1425319649,280
1425319654,328
1425319656,318
1425319657,289
1425319726,432
1425319728,507
1425319730,360
1425319738,413
1425319740,377
1425319744,489
1425319745,322
1425319752,379
1425319756,387
1425319758,277
1425319759,317
1425319766,477
1425319768,501
1425319772,464
1425319781,351
1425319789,313
1425319790,295
1425319797,401
1425319803,388
1425319805,390
1425319807,343
1425319817,308
1425319826,431
1425319832,310
1425319839,347
1425319851,248
1425319855,302
1425319859,456
1425319861,317
1425319863,273
1425319869,417
1425319871,352
1425319873,243
1425319877,299
1425319879,280
1425319884,414
1425319885,290
1425319887,238
1425319889,267
1425319892,319
1425319900,263
1425319904,441
1425319906,301
1425319908,345
1425319910,322
1425319915,338
1425319918,265
1425319930,433
1425319931,410
1425319933,209
1425319934,255
1425319935,469
1425319939,358
1425319946,284
1425319947,281
1425319948,338
1425319951,393
1425319953,349
1425319954,400
1425319962,356
1425319963,330
1425319964,350
1425319965,315
1425319976,261
1425319977,261
1425319978,261
1425319979,368
1425319980,245
1425319981,326
1425319982,321
1425319991,360
1425319993,393
1425319994,417
1425319995,390
1425320005,210
1425320008,306
1425320009,350
1425320011,257
1425320012,258
1425320024,294
1425320027,330
1425320028,330
1425320035,270
1425320037,433
1425320039,387
1425320040,293
1425320041,352
1425320043,249
1425320050,417
1425320052,445
1425320055,257
1425320056,407
1425320057,438
1425320058,352
1425320059,452
1425320065,370
1425320069,273
1425320071,446
1425320073,378
1425320078,362
1425320081,270
1425320083,365
1425320085,251
1425320088,407
1425320090,254
1425320094,325
1425320100,410
1425320102,341
1425320103,359
1425320104,304
1425320105,437
1425320111,409
1425320115,317
1425320117,285
1425320120,241
1425320132,348
1425320140,445
1425320142,370
1425320143,226
1425320151,424
1425320154,328
1425320193,425
1425320194,296
1425320196,287
1425320197,414
1425320211,300
1425320214,348
1425320219,449
1425320222,278
1425320227,261
1425320241,385
1425320242,315
1425320250,256
1425320251,302
1425320252,390
1425320257,257
1425320281,285
1425385791,347
1425385797,292
1425385824,358
1425385828,291
1425385830,386
1425385834,330
1425385845,236
1425385849,391
1425385867,304
1425385868,241
1425385872,226
1425385874,346
1425385876,207
1425385885,268
1425385897,246
1425385905,278
1425385907,296
1425385911,332
1425385912,253
1425385928,237
1425385929,312
1425385930,305
1425385934,351
1425385936,254
1425385946,226
1425385947,274
1425385951,324
1425385954,300
1425385956,350
1425385961,311
1425385963,306
1425385967,340
1425385970,212
1425385974,324
1425385976,306
1425385979,312
1425385986,245
1425385988,380
1425385993,378
1425385996,241
1425385998,357
1425386001,378
1425386007,261
1425386009,386
1425386011,354
1425386014,425
1425386016,422
1425386018,238
1425386021,313
1425386035,351
1425386037,261
1425386040,306
1425386041,428
1425386051,243
1425386053,321
1425386055,397
1425386058,306
1425386065,336
1425386072,443
1425386078,340
1425386081,238
1425386082,251
1425386088,418
1425386089,265
1425386091,347
1425386092,254
1425386094,319
1425386098,423
1425386099,335
1425386101,432
1425386103,289
1425386105,332
1425386109,425
1425386110,329
1425386115,291
1425386116,411
1425386117,317
1425386119,346
1425386121,429
1425386122,277
1425386125,297
1425386126,245
1425386130,320
1425386132,280
1425386134,374
1425386135,275
1425386136,378
1425386138,295
1425386142,314
1425386146,305
1425386149,385
1425386151,315
1425386153,295
1425386154,414
1425386155,373
1425386157,287
1425386158,398
1425386161,308
1425386167,251
1425386169,346
1425386170,249
1425386171,271
1425386172,389
1425386173,268
1425386174,410
1425386178,456
1425386179,371
1425386181,387
1425386183,362
1425386184,469
1425386186,310
1425386189,258
1425386192,352
1425386195,358
1425386200,281
1425386204,376
1425386205,249
1425386210,442
1425386211,303
1425386215,255
1425386216,273
1425386218,308
1425386222,305
1425386224,261
1425386229,307
1425386230,289
1425386232,329
1425386235,330
1425386236,299
1425386243,319
1425386245,272
1425386246,252
1425386248,292
1425386250,401
1425386251,461
1425386254,414
1425386255,353
1425386264,339
1425386266,317
1425386268,416
1425386269,376
1425386270,431
1425386272,412
1425386273,349
1425386275,411
1425386276,424
1425386282,296
1425386284,450
1425386286,272
1425386287,465
1425386288,380
1425386290,272
1425386294,393
1425386297,242
1425386301,419
1425386303,417
1425386304,379
1425386308,438
1425386309,281
1425386311,286
1425386312,343
1425386313,263
1425386314,363
1425386320,290
1425386321,339
1425386322,343
1425386323,416
1425386324,313
1425386327,452
1425386334,349
1425386336,304
1425386339,364
1425386340,358
1425386342,311
1425386346,362
1425386348,301
1425386349,335
1425386351,352
1425386352,349
1425386353,452
1425386355,314
1425386360,475
1425386364,434
1425386366,445
1425386369,445
1425386370,292
1425386379,378
1425386382,296
1425386384,443
1425386389,364
1425386391,321
1425386393,468
1425386397,288
1425386400,389
1425386403,426
1425386407,276
1425386408,398
1425386410,462
1425386413,280
1425386416,381
1425386417,333
1425386420,414
1425386422,292
1425386424,448
1425386428,470
1425386429,308
1425386431,341
1425386433,376
1425386435,446
1425386443,369
1425386444,304
1425386446,274
1425386447,499
1425386448,386
1425386450,472
1425386454,382
1425386457,486
1425386458,292
1425386461,299
1425386463,488
1425386467,495
1425480422,322
1425480423,332
1425480424,355
1425480427,348
1425480428,299
1425480429,456
1425480430,314
1425480431,415
1425480433,274
1425480435,268
1425480436,406
1425480438,335
1425480440,407
1425480442,282
1425480443,475
1425480445,431
1425480446,453
1425480448,294
1425480450,344
1425480452,347
1425480454,396
1425480458,332
1425480460,278
1425480462,355
1425480464,322
1425480466,329
1425480467,318
1425480470,327
1425480474,378
1425480495,355
1425480497,348
1425480500,396
1425480502,451
1425480503,363
1425480505,406
1425480513,513
1425480516,398
1425480527,473
1425480530,459
1425480550,288
1425480551,363
1425480557,423
1425480570,503
1425480578,387
1425480583,306
1425480589,424
1425480597,311
1425480605,475
1425480613,416
1425480619,464
1425480621,507
1425480624,429
1425480627,437
1425480628,479
1425480636,502
1425480642,478
1425480645,301
1425480651,416
1425480660,344
1425480662,505
1425480674,452
1425480681,383
1425480683,338
1425480689,378
1425480694,458
1425480697,340
1425480700,314
1425480710,503
1425480713,481
1425480719,341
1425480721,364
1425480730,528
1425480744,472
1425480747,447
1425480750,348
1425480757,376
1425480767,296
1425480768,482
1425480769,307
1425480777,307
1425480797,475
1425480800,547
1425480802,493
1425480813,390
1425480821,418
1425480825,417
1425480827,389
1425480843,440
1425480857,413
1425480862,462
1425480877,558
1425480884,536
1425480887,324
1425480892,406
1425480895,334
1425480911,400
1425480918,361
1425480921,354
1425480926,508
1425480939,440
1425480945,548
1425480948,318
1425480952,335
1425480958,416
1425480959,338
1425480960,378
1425480961,568
1425480963,345
1425480977,371
1425480979,458
1425480991,418
1425480994,438
1425480996,409
1425481000,524
1425481006,347
1425481012,423
1425481019,496
1425481021,511
1425481030,386
1425481034,464
1425481036,331
1425481037,340
1425481038,315
1425481040,509
1425481041,405
1425481069,511
1425481090,335
1425481105,560
1425481106,552
1425481109,342
1425481110,329
1425481115,339
1425481126,560
1425481131,361
1425481143,440
1425481149,442
1425481189,517
1425481199,436
1425481206,465
1425481213,568
1425481214,367
1425481224,556
1425481226,339
1425481228,459
1425481230,584
1425481235,512
1425481240,516
1425481242,398
1425481252,444
1425481254,429
1425481256,470
1425481268,455
1425481276,415
1425481279,412
1425481280,395
1425481288,430
1425481290,367
1425481295,571
1425481299,472
1425481305,362
1425481307,520
1425481308,565
1425481309,405
1425481311,377
1425481312,330
1425481313,340
1425481323,508
1425481324,611
1425481325,339
1425481328,538
1425481330,303
1425481339,491
1425481349,540
1425481350,425
1425481356,332
1425481358,495
1425481361,619
1425481379,398
1425481380,381
1425481385,363
1425481388,483
1425481390,493
1425481402,551
1425481403,539
1425481404,580
1425481407,552
1425481412,407
1425481415,450
1425481419,387
1425481428,431
1425481433,588
1425481436,520
1425481440,577
1425481443,420
1425481445,456
1425481446,464
1425481460,329
1425481463,380
1425481465,488
1425481469,331
1425481599,559
1425481600,350
1425481602,368
1425481603,510
1425481605,334
1425481607,553
1425481629,512
1425481632,328
1425481637,523
1425481648,474
1425481656,517
1425481675,561
1425481678,530
1425481682,467
1425481697,401
1425481702,479
1425481703,597
1425481706,461
1425481708,490
1425481709,450
1425481710,541
1425481712,559
1425481715,372
1425481719,368
1425481721,479
1425481725,463
1425481727,455
1425481730,315
1425481733,440
1425481737,455
1425481746,490
1425481749,477
1425481758,527
1425481769,499
1425481809,532
1425481815,493
1425481822,462
1425481833,479
1425481839,340
1425481841,388
1425481844,456
1425481850,549
1425481852,495
1425481853,338
1425481854,472
1425481861,373
1425481864,510
1425481867,533
1425481869,471
1425481880,439
1425544614,379
1425544618,389
1425544622,518
1425544624,499
1425544628,423
1425544640,390
1425544642,306
1425544651,331
1425544657,345
1425544661,386
1425544671,524
1425544674,425
1425544680,350
1425544684,321
1425544688,372
1425544698,487
1425544704,382
1425544707,487
1425544712,455
1425544718,313
1425544737,433
1425544743,546
1425544747,384
1425544764,301
1425544768,519
1425544775,499
1425544789,416
1425544791,415
1425544792,344
1425544793,481
1425544802,408
1425544803,288
1425544819,464
1425544821,520
1425544822,481
1425544825,352
1425544830,307
1425544854,520
1425544855,509
1425544857,415
1425544859,457
1425544860,387
1425544862,385
1425544874,328
1425544876,307
1425544880,334
1425544882,491
1425544885,327
1425544904,334
1425544911,422
1425544929,336
1425544935,332
1425544957,412
1425544959,362
1425544967,400
1425544979,508
1425544980,315
1425544982,516
1425544985,508
1425544989,497
1425545002,432
1425545007,440
1425545012,436
1425545021,464
1425545033,287
1425545036,506
1425545037,375
1425545049,465
1425545055,376
1425545060,282
1425545069,409
1425545075,359
1425545081,364
1425545085,336
1425545088,334
1425545097,407
1425545102,351
1425545106,479
1425545108,306
1425545127,326
1425545128,346
1425545129,381
1425545133,418
1425545144,424
1425545147,487
1425545152,317
1425545154,449
1425545157,283
1425545172,323
1425545176,383
1425545178,265
1425545179,416
1425545189,400
1425545191,463
1425545193,392
1425545201,394
1425545214,362
1425545218,285
1425545219,311
1425545220,435
1425545222,488
1425545235,275
1425545238,378
1425545244,428
1425545257,451
1425545259,410
1425545264,393
1425545270,417
1425545276,473
1425545282,305
1425545288,455
1425545291,271
1425545293,448
1425545307,275
1425545309,323
1425545318,274
1425545321,370
1425545327,357
1425545332,299
1425545339,349
1425545344,348
1425545349,454
1425545352,490
1425545356,441
1425545366,291
1425545367,320
1425545373,445
1425545379,291
1425545381,382
1425545383,509
1425545384,481
1425545386,342
1425545388,403
1425545396,394
1425545399,429
1425545403,295
1425545409,305
1425545411,393
1425545415,336
1425545417,399
1425545419,367
1425545442,442
1425545447,445
1425545468,374
1425545474,429
1425545492,314
1425545498,358
1425545504,305
1425545505,450
1425545507,424
1425545518,454
1425545519,463
1425545521,473
1425545530,302
1425545531,449
1425545542,378
1425545543,352
1425545546,389
1425545557,333
1425545559,313
1425545560,307
1425545564,277
1425545568,376
1425545571,443
1425545573,394
1425545581,394
1425545588,345
1425545594,359
1425545597,307
1425545598,456
1425545599,296
1425545610,428
1425545613,388
1425545615,400
1425545623,467
1425545624,318
1425545628,453
1425545648,429
1425545650,441
1425545655,415
1425545662,441
1425545665,501
1425545671,360
1425545678,435
1425545679,430
1425545701,387
1425545725,502
1425545745,373
1425545751,392
1425545752,305
1425545766,305
1425545768,478
1425545770,374
1425545775,371
1425545819,334
1425545845,373
1425545870,441
1425545884,458
1425545887,274
1425545894,387
1425545898,362
1425545907,392
1425699945,243
1425699946,242
1425699949,248
1425699955,267
1425699956,274
1425699957,322
1425699958,416
1425699961,396
1425699962,232
1425699963,388
1425699965,426
1425699967,275
1425699968,360
1425699969,233
1425699970,399
1425699972,298
1425699974,375
1425699975,294
1425699977,357
1425699978,282
1425699979,321
1425699980,430
1425699981,434
1425699982,304
1425699983,210
1425699984,424
1425699985,250
1425699987,208
1425699988,413
1425699991,388
1425699993,364
1425699994,333
1425699996,403
1425699997,372
1425700000,272
1425700001,463
1425700002,290
1425700006,281
1425700009,352
1425700010,431
1425700011,289
1425700012,282
1425700013,270
1425700017,405
1425700018,294
1425700019,338
1425700022,426
1425700023,241
1425700025,281
1425700026,349
1425700029,355
1425700032,309
1425700033,312
1425700036,268
1425700038,375
1425700039,407
1425700042,257
1425700043,321
1425700044,416
1425700045,241
1425700047,295
1425700050,335
1425700051,285
1425700054,311
1425700055,332
1425700056,270
1425700058,339
1425700059,366
1425700060,346
1425700061,264
1425700065,423
1425700066,278
1425700069,384
1425700070,266
1425700071,378
1425700072,274
1425700073,215
1425700074,327
1425700075,251
1425700076,276
1425700077,338
1425700078,346
1425700080,247
1425700081,399
1425700082,393
1425700083,416
1425700085,367
1425700086,369
1425700087,291
1425700088,361
1425700089,424
1425700090,248
1425700091,290
1425700093,244
1425700094,435
1425700095,275
1425700097,358
1425700101,419
1425700103,427
1425700105,257
1425700106,402
1425700108,402
1425700109,243
1425700112,357
1425700113,307
1425700116,317
1425700117,331
1425700119,285
1425700120,262
1425700123,249
1425700124,258
1425700125,358
1425700126,246
1425700127,275
1425700130,363
1425700132,291
1425700136,264
1425700137,420
1425700139,313
1425700140,394
1425700141,237
1425700143,371
1425700144,461
1425700145,352
1425700149,337
1425700151,350
1425700152,263
1425700160,366
1425700161,383
1425700167,430
1425700170,300
1425700171,215
1425700172,350
1425700173,222
1425700186,285
1425700196,298
1425700200,368
1425700202,221
1425700203,263
1425700205,239
1425700211,382
1425700219,416
1425700220,234
1425700224,219
1425700232,324
1425700237,213
1425700238,254
1425700239,231
1425700243,432
1425700262,258
1425700264,332
1425700268,241
1425700272,424
1425700282,373
1425700283,354
1425700287,320
1425700288,275
1425700292,287
1425700294,351
1425700301,201
1425700302,292
1425700307,290
1425700308,322
1425700309,361
1425700310,258
1425700311,357
1425700318,205
1425700327,302
1425700330,208
1425700332,379
1425700336,313
1425700337,316
1425700340,256
1425700342,269
1425700345,325
1425700346,263
1425700347,187
1425700350,373
1425700351,260
1425700352,272
1425700354,315
1425700355,382
1425700358,289
1425700359,376
1425700360,435
1425700364,352
1425700373,309
1425700375,356
1425700377,318
1425700378,267
1425700382,304
1425700383,287
1425700387,249
1425700388,307
1425700390,228
1425700392,288
1425700394,332
1425700397,363
1425700399,233
1425700401,273
1425700402,313
1425700406,210
1425700407,235
1425700408,257
1425700409,228
1425700411,260
1425700413,243
1425700414,295
1425700420,189
1425700423,257
1425700426,215
1425700430,264
1425700432,271
1425700433,282
1425700439,233
1425700442,204
1425700448,348
1425700453,222
1425700455,184
1425700458,231
1425700460,371
1425700464,288
1425700466,332
1425700467,358
1425700469,212
1425700471,419
1425700472,213
1425700478,350
1425700479,258
1425700481,264
1425700483,336
1425700484,248
1425700485,400
1425700488,241
1425700489,296
1425700491,365
1425700494,227
1425700496,368
1425700497,328
1425700499,294
1425700504,212
1425700513,320
1425700539,324
1425700543,319
1425700546,204
1425700548,216
1425700550,332
1425700554,206
1425700555,361
1425700562,341
1425700563,224
1425700564,246
1425700566,310
1425700573,189
1425700575,333
1425700580,368
1425700581,326
1425700584,233
1425700586,321
1425700587,328
1425700589,212
1425700592,274
1425700594,347
1425700595,350
1425700596,249
1425700598,287
1425700602,227
1425700604,236
1425700619,180
1425700622,328
1425700624,246
1425700625,327
1425700627,212
1425700630,236
1425700638,288
1425700639,247
1425700642,330
1425700643,386
1425700645,308
1425700648,219
1425700650,322
1425700651,221
1425700653,289
1425700655,264
1425700656,281
1425700658,198
1425700659,192
1425700661,268
1425700664,332
1425700666,309
1425700667,390
1425700670,207
1425700671,326
1425700672,237
1425700673,298
1425700674,231
1425700675,265
1425700679,303
1425700681,234
1425700685,253
1425700686,287
1425700692,213
1425700694,337
1425700696,307
1425700706,386
1425700707,353
1425700711,309
1425700718,303
1425700719,351
1425700721,346
1425700722,238
1425700724,221
1425700725,324
1425700731,218
1425700732,271
1425700735,206
1425700738,292
1425700742,255
1425700743,283
1425700752,376
1425700756,344
1425700757,235
1425700761,289
1425700762,314
1425700764,269
1425700765,307
1425700767,220
1425700771,368
1425700772,202
1425700776,329
1425700779,306
1425700780,229
1425700782,287
1425700785,223
1425700788,320
1425700789,286
1425700790,219
1425700794,207
1425700795,339
1425700798,232
1425700799,350
1425700804,340
1425700805,326
1425700807,233
1425700808,314
1425700809,366
1425700812,206
1425700813,227
1425700824,208
1425700853,254
1425700860,311
1425700867,268
1425700868,283
1425700869,239
1425700872,211
1425700874,232
1425700882,326
1425716595,343
1425716596,298
1425716605,390
1425716606,245
1425716607,271
1425716612,260
1425716619,400
1425716622,348
1425716630,330
1425716641,217
1425716644,249
1425716650,318
1425716653,285
1425716660,384
1425716663,346
1425716665,294
1425716675,332
1425716677,327
1425716679,247
1425716680,291
1425716681,361
1425716685,244
1425716687,310
1425716688,217
1425716689,272
1425716694,334
1425716697,275
1425716698,277
1425716700,265
1425716703,223
1425716707,234
1425716708,242
1425716717,300
1425716718,242
1425716720,239
1425716723,349
1425716732,250
1425716735,260
1425716741,228
1425716742,195
1425716747,294
1426200719,358
1426200738,262
1426200739,465
1426200741,429
1426200742,426
1426200743,450
1426200746,452
1426200748,323
1426200749,397
1426200751,387
1426200774,317
1426200776,308
1426200778,286
1426200782,388
1426200783,438
1426200785,425
1426200787,329
1426200799,289
1426200802,350
1426200804,376
1426200811,459
1426200813,426
1426200815,475
1426200816,432
1426200820,464
1426200836,358
1426200839,277
1426200847,260
1426200850,323
1426200852,297
1426200854,296
1426200869,419
1426200872,296
1426200905,461
1426200914,397
1426200922,385
1426200929,384
1426200932,320
1426200937,381
1426200939,293
1426200941,430
1426200944,313
1426200949,315
1426200953,391
1426200955,372
1426200977,335
1426200980,394
1426200983,283
1426200989,375
1426201010,312
1426201012,318
1426201013,271
1426201015,319
1426201020,301
1426201022,354
1426201041,279
1426201044,273
1426201051,348
1426201055,268
1426201058,411
1426201069,434
1426201070,336
1426201073,416
1426201075,242
1426201089,248
1426201094,393
1426201106,391
1426201107,397
1426201109,254
1426201115,401
1426201121,325
1426201125,318
1426201143,272
1426201145,474
1426201148,243
1426201173,397
1426201175,368
1426201181,407
1426201188,381
1426201190,420
1426201195,267
1426201209,243
1426201218,377
1426201220,327
1426201245,251
1426201248,290
1426201255,296
1426201257,265
1426201260,249
1426201284,436
1426201288,316
1426201291,444
1426201295,414
1426201310,272
1426201312,399
1426201316,349
1426201320,397
1426201324,251
1426201345,288
1426201346,238
1426201348,344
1426201353,459
1426201382,374
1426201386,399
1426201389,453
1426201392,361
1426201394,240
1426201412,401
1426201420,302
1426201424,227
1426201428,351
1426201431,436
1426201443,298
1426201447,345
1426201449,254
1426201451,249
1426201457,242
1426201465,382
1426201467,397
1426201482,262
1426201483,303
1426201486,256
1426201487,240
1426201488,349
1426201489,376
1426201491,379
1426201492,304
1426201510,326
1426201513,253
1426201515,247
1426201517,431
1426201519,412
1426201521,412
1426201523,415
1426201526,341
1426201528,420
1426201533,317
1426201543,224
1426201545,228
1426201547,264
1426201555,235
1426201557,296
1426201560,376
1426201563,400
1426201565,356
1426201570,241
1426201582,394
1426201585,288
1426201587,208
1426201588,268
1426201591,306
1426201592,283
1426201597,398
1426201622,372
1426201624,372
1426201626,238
1426201633,396
1426201637,339
1426201639,277
1426201649,353
1426201656,329
1426201675,290
1426201689,233
1426201692,335
1426201700,259
1426201730,258
1426201739,232
1426201777,417
1426201780,279
1426201783,287
1426201785,250
1426201787,410
1426201796,350
1426201799,366
1426201831,282
1426201836,265
1426201839,305
1426201843,250
1426201845,407
1426201876,402
1426201879,319
1426201882,375
1426201889,331
1426201891,283
1426201899,313
1426201906,226
1426201940,382
1426201943,247
1426201945,290
1426201950,333
1426201953,228
1426201960,233
1426201984,364
1426201990,236
1426201993,291
1426201997,291
1426202002,242
1426202004,255
1426202010,372
1426202031,371
1426202033,249
1426202036,426
1426202039,331
1426202042,334
1426202045,359
1426202067,358
1426202070,364
1426202073,286
1426202083,294
1426202085,275
1426202087,245
1426202090,341
1426202091,238
1426202093,257
1426202104,230
1426202107,254
1426202112,354
1426202114,330
1426202119,314
1426202123,218
1426202131,282
1426202146,255
1426202147,346
1426202148,336
1426202158,290
1426202165,281
1426202188,354
1426202192,336
1426202194,287
1426202195,299
1426202199,201
1426202201,383
1426202203,254
1426202222,248
1426202236,400
1426202239,326
1426202242,206
1426202243,215
1426202267,197
1426202277,300
1426202281,222
1426202287,354
1426202291,386
1426202308,281
1426202310,295
1426202315,266
1426202317,219
1426202323,341
1426202326,232
1426202332,209
1426202547,269
1426202552,204
1426202557,283
1426202560,333
1426202568,318
1426202570,321
1426202588,338
1426202593,284
1426202598,359
1426202600,303
1426202608,230
1426202613,380
1426202632,253
1426202637,210
1426202640,254
1426202646,264
1426202649,279
1426202652,271
1426202655,368
1426202656,242
1426202676,301
1426202682,270
1426202688,348
1426202691,225
1426202693,223
1426202697,297
1426202699,294
1426202726,351
1426202728,299
1426202734,343
1426202737,256
1426202740,190
1426202743,226
1426202745,214
1426202754,253
1426202765,294
1426202775,268
1426202778,303
1426202787,277
1426202795,326
1426202816,322
1426202820,254
1426202823,245
1426202830,307
1426202832,320
1426202856,259
1426202862,253
1426202867,298
1426202869,315
1426202872,224
1426202874,247
1426202877,326
1426202905,203
1426202912,337
1426239153,313
1426239158,398
1426239162,373
1426239168,278
1426239171,489
1426239173,375
1426239202,513
1426239215,351
1426239228,480
1426239231,501
1426239257,411
1426239264,328
1426239268,445
1426239272,403
1426239283,506
1426239297,371
1426239298,343
1426239323,312
1426239327,446
1426239344,511
1426239350,275
1426239357,441
1426239392,497
1426239403,294
1426239408,292
1426239410,446
1426239418,436
1426239456,296
1426239460,453
1426239461,390
1426239467,500
1426239475,486
1426239497,448
1426239500,406
1426239501,340
1426239509,377
1426239517,296
1426239535,439
1426239541,307
1426239548,398
1426239558,291
1426239569,328
1426239601,336
1426239604,373
1426239609,440
1426239612,290
1426239613,483
1426239615,498
1426239616,359
1426239622,430
1426239641,377
1426239651,317
1426239662,407
1426239669,299
1426239672,483
1426239692,502
1426239700,472
1426239702,387
1426239703,412
1426239705,526
1426239708,333
1426239710,297
1426239733,410
1426239737,353
1426239745,343
1426239748,281
1426239757,420
1426239760,340
1426239764,322
1426239780,288
1426239786,341
1426239792,488
1426239794,354
1426239824,440
1426239827,468
1426239832,343
1426239838,473
1426239840,436
1426239842,410
1426239846,266
1426239847,293
1426239851,508
1426239866,463
1426239869,492
1426239871,485
1426239872,280
1426239882,474
1426239884,371
1426239891,448
1426239906,276
1426239914,340
1426239921,447
1426239922,440
1426239926,399
1426239945,335
1426239946,343
1426239947,498
1426239949,371
1426239953,375
1426239954,388
1426239959,371
1426239967,385
1426239984,381
1426239990,451
1426239993,467
1426239997,478
1426239999,401
1426240003,360
1426240005,417
1426240007,468
1426240009,371
1426240010,424
1426240011,415
1426240038,424
1426240039,424
1426240040,309
1426240042,372
1426240044,396
1426240047,268
1426240051,459
1426240053,405
1426240057,278
1426240060,444
1426240079,437
1426240081,442
1426240084,363
1426240090,432
1426240093,361
1426240096,395
1426240104,262
1426240111,408
1426240113,428
1426240132,393
1426240135,384
1426240137,439
1426240140,421
1426240142,301
1426240144,482
1426240147,424
1426240150,497
1426240153,482
1426240156,477
1426240158,396
1426240174,416
1426240178,314
1426240179,382
1426240183,428
1426240185,379
1426240187,474
1426240190,263
1426240192,348
1426240195,353
1426240196,356
1426240206,291
1426240208,295
1426240210,412
1426240212,370
1426240213,270
1426240214,273
1426240216,374
1426240218,279
1426240220,384
1426240222,405
1426240226,312
1426240229,403
1426240248,300
1426240250,337
1426240253,421
1426240258,357
1426240260,451
1426240262,320
1426240264,330
1426240267,335
1426240273,376
1426240288,490
1426240289,261
1426240291,461
1426240295,446
1426240296,356
1426240298,343
1426240300,369
1426240305,297
1426240310,447
1426240312,363
1426240314,431
1426240316,364
1426240318,380
1426240336,424
1426240341,342
1426240343,450
1426240347,304
1426240349,436
1426240351,428
1426240353,410
1426240355,332
1426333288,536
1426333290,394
1426333298,516
1426333311,349
1426333313,394
1426333318,431
1426333322,394
1426333324,414
1426333330,530
1426333334,379
1426333341,508
1426333343,317
1426333345,522
1426333349,500
1426333350,408
1426333360,493
1426333362,534
1426551946,527
1426551947,417
1426551948,439
1426551951,521
1426551952,386
1426551953,538
1426551954,399
1426551955,520
1426551956,332
1426551957,324
1426551962,575
1426551964,543
1426551966,543
1426551968,557
1426551970,423
1426551971,388
1426551972,345
1426551973,443
1426551976,364
1426551978,552
1426551980,312
1426551982,348
1426551983,384
1426551985,362
1426551987,378
1426551988,479
1426551990,388
1426551992,472
1426551994,539
1426551996,459
1426551997,481
1426552001,402
1426552004,347
1426552005,388
1426552007,577
1426552010,474
1426552012,371
1426552014,424
1426552016,524
1426552018,476
1426552020,457
1426552021,538
1426552022,470
1426552024,471
1426552026,358
1426552028,329
1426552030,521
1426552034,465
1426552035,411
1426552036,473
1426552037,324
1426552039,513
1426552040,365
1426552042,518
1426552043,442
1426552050,378
1426552051,293
1426552052,520
1426552053,345
1426552054,318
1426552055,504
1426552056,397
1426552057,401
1426552064,368
1426552066,544
1426552067,357
1426552068,360
1426552069,384
1426552070,352
1426552071,380
1426552078,325
1426552080,346
1426552082,410
1426552083,533
1426552084,298
1426552085,356
1426552087,543
1426552093,530
1426552095,452
1426552096,358
1426552098,385
1426552099,352
1426552100,334
1426552101,399
1426552102,449
1426552107,392
1426552109,456
1426552111,371
1426552128,386
1426552134,499
1426552137,520
1426552140,376
1426552152,441
1426552154,363
1426552165,305
1426552175,464
1426552179,326
1427166100,414
1427166106,429
1427166124,350
1427166126,327
1427166153,392
1427179170,534
1427179198,471
1427179241,402
1427179250,295
1427179251,457
1427179256,307
1427179296,431
1427203286,549
1427203287,443
1427203292,420
1427203303,339
1427203310,332
1427203313,456
1427203314,570
1427203317,393
1427203318,483
1427203319,488
1427203328,341
1427203334,376
1427203335,416
1427203336,510
1427203337,445
1427203341,519
1427203342,564
1427203343,526
1427203344,599
1427203346,532
1427203347,531
1427203348,569
1427203352,526
1427203354,544
1427203357,582
1427203358,455
1427203360,499
1427203362,462
1427203363,557
1427203364,442
1427203366,521
1427203367,542
1427203368,603
1427203369,397
1427203371,518
1427203372,539
1427203373,550
1427203376,572
1427203377,480
1427203379,490
1427203381,349
1427203383,587
1427203385,401
1427203387,517
1427203388,541
1427203389,443
1427203390,379
1427203392,371
1427203396,553
1427203399,461
1427203400,328
1427203404,511
1427203406,389
1427203408,558
1427203414,401
1427203415,371
1427203425,339
1427203426,461
1427203428,442
1427203430,526
1427203431,442
1427203437,411
1427203439,391
1427203447,391
1427203452,571
1427203463,345
1427203464,584
1427203467,405
1427203470,344
1427203483,366
1427203485,332
1427203497,534
1427203499,459
1427203501,408
1427203503,499
1427203505,502
1427203507,573
1427203510,576
1427203511,503
1427203517,555
1427203518,531
1427203521,451
1427203522,505
1427203523,347
1427203524,523
1427203527,594
1427203531,340
1427203533,543
1427203534,570
1427203536,375
1427203538,458
1427203541,567
1427203542,577
1427203543,332
1427203544,421
1427203549,504
1427203550,373
1427203552,414
1427203553,321
1427203555,335
1427203557,467
1427203558,492
1427203559,489
1427203564,524
1427203565,402
1427203566,365
1427203567,318
1427203569,368
1427203570,397
1427203573,362
1427203577,327
1427203578,356
1427203585,491
1427203588,479
1427203594,561
1427203596,540
1427203598,477
1427203602,349
1427203614,463
1427203615,328
1427203618,426
1427203621,414
1427203623,423
1427203631,363
1427203632,490
1427203652,494
1428088076,517
1428088077,506
1428088080,480
1428088083,338
1428088084,533
1428088085,482
1428088088,406
1428088089,421
1428088091,593
1428088092,505
1428088094,475
1428088096,504
1428088099,446
1428088100,460
1428088101,411
1428088103,454
1428088104,522
1428088107,340
1428088108,551
1428088109,408
1428088110,522
1428088112,481
1428088114,513
1428088115,498
1428088116,601
1428088118,472
1428088124,536
1428088130,528
1428088131,396
1428088132,408
1428088133,448
1428088134,387
1428088137,433
1428088138,435
1428088139,499
1428088140,397
1428088141,528
1428088142,453
1428088144,529
1428088145,351
1428088147,460
1428088148,338
1428088150,533
1428088151,405
1428088152,597
1428088154,420
1428088155,489
1428088157,402
1428088158,503
1428088159,438
1428088161,445
1428088162,396
1428088164,360
1428088169,363
1428088170,612
1428088173,446
1428088174,338
1428088175,599
1428088176,335
1428088178,424
1428088179,528
1428088181,587
1428088182,530
1428088184,460
1428088185,597
1428088186,340
1428088187,608
1428088191,538
1428088194,591
1428088195,380
1428088196,369
1428088198,490
1428088200,466
1428088201,475
1428088202,588
1428088203,517
1428088204,417
1428088205,439
1428088207,347
1428088208,384
1428088211,362
1428088212,550
1428088217,539
1428088219,479
1428088221,426
1428088222,514
1428088223,554
1428088224,576
1428088228,483
1428088230,551
1428088233,467
1428088235,458
1428088238,567
1428088239,428
1428088240,437
1428088241,413
1428088243,479
1428088247,482
1428088249,525
1428088256,450
1428088257,390
1428088259,562
1428088261,405
1428088262,574
1428088265,383
1428088266,486
1428088268,484
1428088269,558
1428088270,348
1428088271,554
1428088272,478
1428088273,491
1428088274,472
1428088275,332
1428088276,445
1428088277,392
1428088278,416
1428088280,485
1428088287,481
1428088288,354
1428088289,348
1428088290,378
1428088294,368
1428088295,500
1428088302,373
1428088304,556
1428088305,367
1428088307,354
1428088310,564
1428088311,399
1428088313,423
1428088316,567
1428088317,564
1428088318,531
1428088322,334
1428088326,478
1428088330,576
1428088332,610
1428088333,344
1428088335,440
1428088336,416
1428088339,365
1428088341,493
1428088343,384
1428088346,425
1428088348,335
1428088349,452
1428088350,373
1428088352,427
1428088355,367
1428088359,596
1428088361,349
1428088363,457
1428088364,393
1428088373,337
1428088374,385
1428088375,343
1428088376,367
1428088383,466
1428088387,511
1428088388,343
1428088389,444
1428088390,466
1428088393,392
1428088394,422
1428088397,330
1428088399,390
1428088401,459
1428088403,594
1428088404,589
1428088405,594
1428088408,424
1428088410,341
1428088412,418
1428088415,388
1428088419,331
1428088421,353
1428088422,451
1428088425,423
1428088429,370
1428088430,528
1428088432,421
1428088434,550
1428088437,375
1428088443,477
1428088445,388
1428088449,441
1428088451,367
1428088452,372
1428088453,498
1428088454,397
1428088455,377
1428088458,580
1428088461,338
1428088462,483
1428088463,480
1428088465,394
1428088466,443
1428088467,351
1428088470,524
1428088471,384
1428088472,383
1428088475,425
1428088477,578
1428088478,546
1428088479,577
1428088480,502
1428088481,510
1428088484,436
1428088488,584
1428088489,445
1428088491,422
1428088492,498
1428088494,478
1428088495,359
1428088496,426
1428088498,421
1428088501,520
1428088502,424
1428088505,543
1428088506,443
1428088509,534
1428088510,361
1428088511,573
1428088514,448
1428088515,388
1428088516,371
1428088519,391
1428088521,424
1428088522,518
1428088523,579
1428088528,519
1428088532,471
1428088535,457
1428088536,546
1428088537,550
1428088538,399
1428088539,583
1428088540,426
1428088541,537
1428088542,582
1428088545,507
1428104566,370
1428104568,476
1428104571,332
1428104573,535
1428104574,395
1428104576,509
1428104577,567
1428104580,369
1428104581,425
1428104582,509
1428104585,433
1428104589,375
1428104591,326
1428104592,430
1428104593,498
1428104595,480
1428104596,361
1428104597,443
1428104601,423
1428104602,395
1428104604,529
1428104606,399
1428104607,478
1428104608,577
1428104609,479
1428104610,496
1428104613,343
1428104614,366
1428104616,360
1428104618,535
1428104619,545
1428104621,368
1428104622,382
1428104623,408
1428104624,486
1428104625,496
1428104626,504
1428104627,567
1428104635,408
1428104636,502
1428104637,473
1428104639,409
1428104640,573
1428104641,345
1428104644,522
1428104645,525
1428104646,576
1428104647,468
1428104648,413
1428104649,555
1428104651,536
1428104654,464
1428104657,536
1428104658,391
1428104659,459
1428104662,572
1428104663,407
1428104665,458
1428104667,571
1428104668,536
1428104670,570
1428104671,431
1428104672,599
1428104674,376
1428104676,446
1428104677,460
1428104679,548
1428104680,595
1428104682,505
1428104683,501
1428104685,447
1428104688,471
1428104692,477
1428104696,333
1428104700,468
1428104705,582
1428104706,525
1428104713,549
1428104714,407
1428104715,443
1428104717,334
1428104723,406
1428104724,461
1428104733,405
1428104736,312
1428104737,487
1428104739,449
1428104744,445
1428104745,369
1428104746,476
1428104747,450
1428104751,430
1428104758,457
1428104760,307
1428104767,597
1428104770,345
1428104777,453
1428104778,385
1428104780,475
1428104785,398
1428104786,568
1428104792,419
1428104798,455
1428104802,357
1428104805,341
1428104807,440
1428104808,454
1428104809,436
1428104810,571
1428104819,504
1428104821,586
1428104823,400
1428104824,545
1428104825,476
1428104827,490
1428104829,576
1428104831,489
1428104838,558
1428104839,513
1428104840,351
1428104841,513
1428104843,452
1428104848,590
1428104860,541
1428104862,345
1428104864,357
1428104870,332
1428104871,455
1428104872,338
1428104873,513
1428104874,473
1428104885,512
1428104886,370
1428104887,453
1428104888,347
1428104889,566
1428104890,367
1428104891,344
1428104896,352
1428104898,505
1428104900,350
1428104905,489
1428104909,515
1428104912,518
1428104914,369
1428104916,338
1428104917,443
1428104918,390
1428104919,506
1428104920,426
1428104928,449
1428104930,351
1428104931,445
1428104932,364
1428104933,506
1428104935,321
1428104936,550
1428104938,510
1428104940,365
1428104942,306
1428104948,408
1428104950,360
1428104952,381
1428104954,563
1428104956,477
1428104958,376
1428104960,474
1428104962,385
1428104963,556
1428104965,329
1428104969,519
1428104971,528
1428104973,320
1428104975,344
1428104977,427
1428104979,524
1428104980,460
1428104981,494
1428104982,546
1428104983,518
1428104984,451
1428104992,456
1428104994,516
1428104995,368
1428104996,547
1428104997,306
1428104998,370
1428104999,552
1428105000,413
1428105003,359
1428105016,370
1428105017,460
1428105018,519
1428105019,336
1428105020,327
1428105022,442
1428105024,578
1428119309,368
1428119310,541
1428119311,526
1428119312,372
1428119313,504
1428119314,476
1428119315,429
1428119316,410
1428119318,504
1428119319,501
1428119320,494
1428119321,550
1428119323,422
1428119324,501
1428119326,523
1428119328,358
1428119331,310
1428119332,399
1428119333,521
1428119337,379
1428119339,478
1428119348,301
1428119349,382
1428119350,448
1428119360,337
1428119362,541
1428119365,333
1428119366,521
1428119368,354
1428119370,543
1428119373,447
1428119374,325
1428119379,310
1428119381,313
1428119383,460
1428119391,505
1428119393,408
1428119396,425
1428119399,452
1428119401,445
1428119402,480
1428119404,421
1428119405,499
1428119407,564
1428119409,400
1428119411,304
1428119412,332
1428119413,451
1428119414,394
1428119417,552
1428119419,472
1428119420,432
1428119421,524
1428119422,370
1428119424,523
1428119425,301
1428119426,465
1428119427,547
1428119428,506
1428119429,536
1428119430,419
1428119432,521
1428119437,451
1428119438,456
1428119441,320
1428119442,355
1428119443,455
1428119444,329
1428119446,508
1428119447,519
1428119450,536
1428119451,335
1428119452,560
1428119453,322
1428119456,442
1428119457,521
1428119458,340
1428119459,314
1428119460,317
1428119462,433
1428119463,531
1428119464,329
1428119465,317
1428119466,468
1428119470,358
1428119471,509
1428119472,563
1428119473,517
1428119476,529
1428119477,445
1428119478,486
1428119479,364
1428119482,334
1428119486,494
1428119488,320
1428119490,543
1428119495,502
1428119497,517
1428119498,385
1428119499,438
1428119502,517
1428119503,377
1428119507,415
1428119514,445
1428119515,568
1428119517,516
1428119519,345
1428119525,422
1428119530,425
1428119535,321
1428119539,424
1428119544,387
1428119545,312
1428119546,455
1428119549,345
1428119552,429
1428119553,353
1428119554,495
1428119559,367
1428119560,552
1428119564,290
1428119566,412
1428119572,396
1428119578,368
1428119582,438
1428119585,508
1428119589,556
1428119590,395
1428119593,357
1428119595,492
1428119597,471
1428119598,348
1428119599,517
1428119600,462
1428119603,486
1428119605,400
1428119617,393
1428119619,362
1428119621,519
1428119629,344
1428119630,480
1428119631,517
1428119637,508
1428119639,320
1428119651,369
1428119654,446
1428119656,460
1428119658,536
1428119660,369
1428119662,543
1428119663,356
1428119666,417
1428119668,302
1428119672,527
1428119674,345
1428119676,382
1428119678,528
1428119680,466
1428119682,305
1428119691,307
1428119692,453
1428119693,376
1428119695,363
1428119696,467
1428119705,374
1428119707,447
1428119709,422
1428119712,354
1428119715,344
1428119717,370
1428119719,307
1428119726,373
1428119728,524
1428119732,521
1428119734,404
1428119736,465
1428119745,447
1428119747,510
1428119750,365
1428119756,387
1428119762,377
1428119768,319
1428119772,384
1428119774,534
1428119777,552
1428119785,330
1428119786,423
1428119787,410
1428119788,426
1428119789,452
1428119790,308
1428119791,544
1428119792,562
1428119801,487
1428119802,490
1428152140,399
1428152146,345
1428152150,302
1428152153,407
1428152155,278
1428152157,463
1428152159,370
1428152161,368
1428152164,347
1428152166,499
1428152170,314
1428152172,302
1428152176,313
1428152178,426
1428152180,502
1428152185,326
1428152186,487
1428152187,349
1428152188,423
1428152189,277
1428152191,389
1428152193,429
1428152194,412
1428152206,338
1428152207,463
1428152208,502
1428152209,381
1428152210,425
1428152211,463
1428152212,332
1428152226,482
1428152230,316
1428152231,456
1428152232,297
1428152233,336
1428152234,403
1428152235,402
1428152236,473
1428152245,510
1428152251,311
1428152254,318
1428152258,362
1428152259,384
1428152260,393
1428152264,495
1428152266,461
1428152268,283
1428152276,386
1428152278,428
1428152279,375
1428152281,308
1428152286,365
1428152296,390
1428152298,333
1428152299,457
1428152301,317
1428152303,417
1428152310,408
1428152311,488
1428152312,318
1428152313,292
1428152315,353
1428152327,383
1428152328,350
1428152330,437
1428152331,341
1428152332,291
1428152333,371
1428152335,467
1428152343,488
1428152345,455
1428152346,388
1428152347,428
1428152348,445
1428152349,315
1428152358,400
1428152360,439
1428152362,323
1428152364,424
1428152365,379
1428152366,406
1428152371,269
1428152373,441
1428152380,460
1428152381,294
1428152384,346
1428152386,288
1428152388,281
1428152390,515
1428152392,405
1428152393,357
1428152395,334
1428152400,518
1428152405,338
1428152407,459
1428152409,340
1428152411,293
1428152419,424
1428152421,287
1428152423,435
1428152425,344
1428152431,461
1428152433,473
1428152441,467
1428152443,278
1428152445,446
1428152446,513
1428152452,326
1428152458,354
1428152468,492
1428152470,315
1428152478,439
1428152480,448
1428152484,297
1428152490,408
1428152497,435
1428152505,364
1428152509,457
1428152514,312
1428152516,355
1428152521,487
1428152523,337
1428152529,454
1428152531,293
1428152534,416
1428152536,301
1428152538,454
1428152544,472
1428152545,459
1428152546,536
1428152547,446
1428152549,445
1428152560,414
1428152563,489
1428152565,457
1428152567,515
1428152570,347
1428152578,409
1428152582,453
1428152590,354
1428152595,339
1428152597,523
1428152613,399
1428152618,320
1428152619,365
1428152622,398
1428152631,451
1428152637,481
1428152641,528
1428152643,406
1428152679,464
1428152680,373
1428152681,511
1428152707,344
1428152723,295
1428152725,485
1428152739,501
1428152746,370
1428152768,418
1428152784,384
1428152790,375
1428152793,356
1428152794,303
1428152832,426
1428152843,352
1428152849,421
1428152870,324
1428152876,543
1428152880,453
1428152882,512
1428152892,314
1428152895,453
1428152904,479
1428152914,355
1428152915,351
1428152924,352
1428152927,351
1428152940,382
1428152942,373
1428152947,355
1428152951,445
1428152954,289
1428152966,374
1428152979,417
1428152985,317
1428152989,332
1428152998,342
1428153010,275
1428153012,377
1428153035,287
1428153036,352
1428153038,521
1428153054,496
1428153061,345
1428153072,364
1428153077,381
1428153086,486
1428153097,471
1428153101,302
1428153103,320
1428153108,369
1428153119,495
1428153120,483
1428153121,306
1428153127,404
1428153129,323
1428153132,439
1428153143,504
1428153144,399
1428153146,298
1428153148,429
1428153149,378
1428153152,477
1428153155,341
1428153167,496
1428212949,290
1428212951,270
1428212959,285
1428212967,176
1428212968,286
1428212984,371
1428212991,194
1428212993,256
1428213001,189
1428213003,262
1428213007,373
1428213010,381
1428213013,180
1428213014,396
1428213039,327
1428213046,319
1428213049,225
1428213052,246
1428213058,327
1428213061,412
1428213063,379
1428213066,243
1428213067,279
1428213069,395
1428213070,293
1428213071,306
1428213073,308
1428213074,303
1428213076,315
1428213077,322
1428213078,368
1428213081,401
1428213085,268
1428213087,279
1428213088,308
1428213091,270
1428213092,268
1428213095,247
1428213096,227
1428213099,242
1428213101,274
1428213102,382
1428213103,283
1428213105,342
1428213108,395
1428213109,310
1428213111,283
1428213112,302
1428213113,314
1428213119,282
1428213122,233
1428213129,347
1428213132,301
1428213136,324
1428213140,298
1428213141,260
1428213146,263
1428213148,391
1428213157,243
1428213160,314
1428213165,322
1428213167,311
1428213168,472
1428213170,262
1428213171,232
1428213174,400
1428213175,393
1428213176,368
1428213177,239
1428213182,233
1428213183,365
1428213184,276
1428213186,228
1428213187,351
1428213188,311
1428213193,252
1428213194,209
1428213196,332
1428213198,362
1428213199,398
1428213200,212
1428213202,258
1428213205,350
1428213206,303
1428213207,302
1428213208,451
1428213209,302
1428213210,324
1428213212,405
1428213214,206
1428213216,427
1428213218,358
1428213220,365
1428213222,404
1428213226,334
1428213228,288
1428213229,258
1428213230,369
1428213232,402
1428213233,294
1428213241,377
1428213242,342
1428213244,304
1428213246,213
1428213250,294
1428213251,252
1428213259,254
1428213260,328
1428213262,262
1428213269,316
1428213271,379
1428213275,315
1428213278,505
1428213281,456
1428213284,371
1428213287,473
1428213288,417
1428213290,339
1428213293,332
1428213295,241
1428213301,343
1428213302,360
1428213303,251
1428213304,320
1428213305,499
1428213316,283
1428213318,320
1428213323,279
1428213324,290
1428213325,477
1428213336,413
1428213337,351
1428213339,310
1428213340,228
1428213341,349
1428213343,454
1428213345,401
1428213349,298
1428213351,386
1428213352,383
1428213357,371
1428213358,302
1428213363,420
1428213364,350
1428213367,426
1428213371,369
1428213374,277
1428213375,293
1428213377,362
1428213405,410
1428213406,371
1428213408,381
1428213417,303
1428213418,365
1428213420,341
1428213422,341
1428213423,323
1428213426,296
1428213427,325
1428213429,378
1428213432,409
1428213433,382
1428213437,355
1428213451,384
1428213454,388
1428213456,302
1428213459,458
1428213464,229
1428213469,224
1428213470,239
1428213471,244
1428213472,484
1428213474,284
1428213477,336
1428213480,311
1428213483,297
1428213490,275
1428213491,266
1428213493,353
1428213494,245
1428213501,463
1428213530,321
1428213532,353
1428213542,373
1428213544,255
1428213549,233
1428213550,492
1428213554,360
1428213560,340
1428213570,242
1428213577,336
1428213585,367
1428213586,384
1428213590,270
1428213599,418
1428213600,379
1428213602,286
1428213603,321
1428213604,303
1428213605,307
1428213607,386
1428213610,363
1428213615,313
1428213616,396
1428213617,358
1428213618,396
1428213619,387
1428213626,294
1428213631,412
1428213632,300
1428213634,315
1428213636,294
1428213637,357
1428213639,358
1428213642,341
1428213643,426
1428213646,441
1428213654,284
1428213655,420
1428213656,314
1428213658,448
1428213659,294
1428213664,309
1428213665,354
1428213667,282
1428213668,417
1428213671,364
1428213672,306
1428213673,389
1428213681,464
1428213682,408
1428213692,389
1428213697,314
1428213698,299
1428213700,459
1428213701,374
1428213703,407
1428213705,478
1428213707,270
1428213710,367
1428213713,307
1428213720,287
1428213725,381
1428213726,321
1428213728,470
1428213731,340
1428213735,414
1428213736,437
1428213739,381
1428213740,474
1428213741,325
1428213742,351
1428213743,282
1428213744,296
1428213758,426
1428213769,352
1428213770,316
1428213773,278
1428213779,355
1428213780,396
1428213792,308
1428213799,410
1428213811,384
1428213812,413
1428213814,299
1428213816,384
1428213824,280
1428213830,325
1428254388,463
1428254396,455
1428254431,330
1428254433,497
1428254437,308
1428254459,414
1428254462,510
1428254469,432
1428254484,475
1428254489,429
1428254496,454
1428254499,464
1428254513,432
1428254514,347
1428254521,482
1428254527,335
1428254539,504
1428254540,332
1428254544,340
1428254563,514
1428254571,361
1428254572,334
1428254582,473
1428254590,332
1428254593,310
1428254602,390
1428254609,360
1428254611,308
1428254620,303
1428254624,358
1428254629,337
1428254642,307
1428254643,453
1428254648,419
1428254663,294
1428254666,379
1428254675,474
1428254678,444
1428254690,410
1428254704,385
1428254710,318
1428254712,504
1428254730,481
1428254736,537
1428254752,346
1428254755,346
1428254763,311
1428254776,379
1428254777,344
1428254779,460
1428254784,330
1428254792,471
1428254800,296
1428254802,302
1428254804,514
1428254808,414
1428254818,355
1428254819,378
1428254823,337
1428254840,338
1428254854,408
1428254855,362
1428254856,451
1428254858,308
1428254867,443
1428254868,424
1428254875,309
1428254890,292
1428254893,393
1428254900,481
1428254917,435
1428254928,471
1428254945,388
1428254947,336
1428254957,425
1428254958,294
1428254961,454
1428254962,326
1428254964,312
1428254965,399
1428254967,416
1428254969,406
1428254972,368
1428254975,468
1428254977,476
1428254985,512
1428254986,395
1428254987,433
1428254989,426
1428254992,399
1428254993,365
1428254994,384
1428254996,275
1428254999,265
1428255000,466
1428255001,292
1428255002,396
1428255003,436
1428255004,313
1428255005,508
1428255008,299
1428255010,476
1428255011,444
1428255012,332
1428255015,318
1428255019,367
1428255021,388
1428255030,349
1428255034,540
1428255040,346
1428255044,476
1428255046,327
1428255047,477
1428255049,330
1428255052,394
1428255059,426
1428255062,319
1428255070,448
1428255077,342
1428255085,398
1428255089,417
1428255090,400
1428255092,303
1428255093,318
1428255100,304
1428255102,341
1428255105,322
1428255109,474
1428255111,385
1428255119,417
1428255121,347
1428255123,337
1428255124,384
1428255125,350
1428255126,353
1428255131,373
1428255133,392
1428255134,500
1428255136,319
1428255138,386
1428255140,310
1428255142,349
1428255143,417
1428255149,314
1428255151,404
1428255153,348
1428255156,283
1428255157,458
1428255174,361
1428255189,447
1428255212,360
1428255223,483
1428255241,335
1428255268,360
1428255275,440
1428280105,393
1428280109,396
1428280113,555
1428280116,441
1428280119,491
1428280122,460
1428280123,514
1428280127,514
1428280129,445
1428280130,385
1428280132,316
1428280133,449
1428280138,509
1428280141,419
1428280143,348
1428280146,365
1428280147,444
1428280150,525
1428280153,316
1428280154,464
1428280158,486
1428280161,545
1428280164,326
1428280168,556
1428280169,446
1428280170,505
1428280171,321
1428280172,448
1428280173,424
1428280176,386
1428280178,407
1428280179,447
1428280183,441
1428280187,322
1428280191,431
1428280197,355
1428280200,547
1428280201,541
1428280202,389
1428280204,327
1428280205,372
1428280207,375
1428280209,522
1428280212,404
1428280214,322
1428280216,302
1428280221,371
1428280222,529
1428280225,481
1428280235,424
1428280238,395
1428280240,536
1428280243,372
1428280245,537
1428280248,556
1428280251,403
1428280261,553
1428280262,385
1428280263,449
1428280266,332
1428280267,397
1428280270,369
1428280272,295
1428280275,298
1428280276,393
1428280278,469
1428280279,410
1428280284,390
1428280286,519
1428280287,553
1428280289,307
1428280290,400
1428280293,484
1428280294,453
1428280300,407
1428280301,485
1428280303,313
1428280304,380
1428280305,491
1428280307,462
1428280308,483
1428280311,287
1428280312,336
1428280314,285
1428280317,359
1428280318,304
1428280320,405
1428280322,428
1428280323,468
1428280324,394
1428280327,291
1428280329,484
1428280330,284
1428280337,518
1428280338,296
1428280339,407
1428280341,518
1428280345,455
1428280347,432
1428280348,468
1428280349,320
1428280351,455
1428280352,533
1428280353,496
1428280354,376
1428280355,359
1428280356,484
1428280357,430
1428280358,351
1428280363,330
1428280364,326
1428280366,411
1428280367,319
1428280369,304
1428280370,307
1428280371,467
1428280374,307
1428280375,327
1428280385,397
1428280393,353
1428280394,511
1428280401,497
1428280405,398
1428280412,402
1428280415,406
1428280418,304
1428280421,360
1428280423,323
1428280427,316
1428280428,416
1428280429,313
1428280430,309
1428280432,387
1428280433,398
1428280435,315
1428280436,273
1428280437,331
1428280440,342
1428280441,476
1428280445,492
1428280446,372
1428280455,377
1428280456,446
1428280459,429
1428280463,322
1428280481,301
1428280490,382
1428280499,412
1428280500,307
1428280517,346
1428311915,377
1428311917,367
1428311919,441
1428311920,466
1428311921,450
1428311923,371
1428311925,320
1428311927,531
1428311928,439
1428311929,333
1428311930,358
1428311933,507
1428311934,516
1428311936,542
1428311938,480
1428311939,425
1428311942,425
1428311943,360
1428311945,468
1428311946,471
1428311948,363
1428311949,557
1428311950,408
1428311952,321
1428311955,371
1428311957,548
1428311959,558
1428311960,439
1428311961,557
1428311965,554
1428311967,531
1428311968,500
1428311969,398
1428311970,507
1428311973,456
1428311980,503
1428311981,362
1428311983,509
1428311984,563
1428311991,370
1428311997,566
1428311998,402
1428312001,368
1428312002,338
1428312004,518
1428312013,450
1428312014,371
1428312026,467
1428312027,402
1428312032,421
1428312033,543
1428312036,484
1428312038,496
1428312039,458
1428312043,573
1428312044,382
1428312045,385
1428312048,331
1428312050,449
1428312054,466
1428312056,513
1428312057,402
1428312060,310
1428312061,469
1428312062,583
1428312063,391
1428312066,354
1428312067,376
1428312068,431
1428312069,378
1428312070,389
1428312071,486
1428312072,380
1428312075,408
1428312076,310
1428312077,553
1428312079,393
1428312080,400
1428312081,339
1428312084,468
1428312085,543
1428312086,325
1428312089,333
1428312090,331
1428312091,454
1428312103,552
1428312105,427
1428312108,406
1428312112,517
1428312114,471
1428312116,374
1428312124,336
1428312132,401
1428312135,515
1428312139,502
1428312155,480
1428312162,538
1428312163,381
1428312166,405
1428312182,323
1428312188,519
1428312204,460
1428312207,396
1428312209,322
1428312214,507
1428312223,477
1428312225,488
1428312228,362
1428312229,545
1428312231,488
1428312240,480
1428312243,485
1428312245,549
1428312246,546
1428312250,463
1428312252,396
1428312254,376
1428312256,488
1428312263,482
1428312264,325
1428312266,345
1428312272,520
1428312274,501
1428312287,560
1428312288,418
1428312292,507
1428312315,462
1428312317,370
1428312320,346
1428312334,523
1428312338,312
1428312340,419
1428312342,418
1428312347,439
1428312354,372
1428312356,490
1428312359,326
1428312361,476
1428312367,352
1428312371,486
1428312372,458
1428312373,358
1428312374,340
1428312376,479
1428312384,306
1428312385,324
1428312386,429
1428312388,532
1428312391,432
1428312393,387
1428312398,552
1428312401,430
1428312403,412
1428312406,416
1428312416,365
1428312417,393
1428312423,488
1428312430,307
1428312433,447
1428312435,327
1428312438,383
1428312439,327
1428312443,415
1428312445,466
1428312447,363
1428312452,316
1428312454,336
1428312461,479
1428312462,356
1428312464,465
1428312551,355
1428312562,318
1428312565,444
1428312568,387
1428312569,283
1428390634,543
1428390637,353
1428390641,409
1428390642,417
1428390643,445
1428390647,524
1428390650,314
1428390651,560
1428390652,476
1428390653,530
1428390654,513
1428390655,542
1428390659,476
1428390663,405
1428390668,424
1428390669,471
1428390672,428
1428390674,476
1428390678,324
1428390679,535
1428390680,362
1428390681,527
1428390685,342
1428390686,329
1428390688,502
1428390689,531
1428390691,475
1428390692,575
1428390694,371
1428390696,511
1428390698,384
1428390699,442
1428390700,421
1428390701,284
1428390702,469
1428390703,475
1428390704,336
1428390705,540
1428390706,444
1428390707,340
1428390708,456
1428390709,349
1428390710,296
1428390711,482
1428390712,329
1428390713,342
1428390714,487
1428390715,302
1428390717,504
1428390718,493
1428390720,339
1428390722,433
1428390723,328
1428390726,471
1428390727,329
1428390728,520
1428390729,328
1428390733,466
1428390741,323
1428390742,355
1428390746,419
1428390747,424
1428390750,558
1428390751,303
1428390752,285
1428390757,391
1428390758,369
1428390759,514
1428390769,491
1428390773,526
1428390775,338
1428390778,364
1428390781,479
1428390783,347
1428390789,475
1428390793,367
1428390802,343
1428390809,478
1428390810,354
1428390821,521
1428390822,368
1428390824,297
1428390834,355
1428390837,349
1428390839,428
1428390840,312
1428390849,446
1428390852,510
1428390855,388
1428390856,332
1428390862,407
1428390869,475
1428390870,434
1428390872,315
1428390880,432
1428390883,406
1428390892,376
1428390894,310
1428390895,512
1428390896,349
1428390897,327
1428390899,325
1428390900,439
1428390901,402
1428390902,350
1428390903,381
1428390905,443
1428390906,365
1428390908,524
1428390909,357
1428390911,325
1428390912,530
1428390914,491
1428390915,379
1428390920,455
1428390923,424
1428390924,372
1428390928,476
1428390929,474
1428390930,370
1428390934,413
1428390936,378
1428390937,281
1428390939,544
1428390943,409
1428390945,439
1428390950,436
1428390954,430
1428390958,358
1428390959,525
1428390965,431
1428390970,450
1428390971,398
1428390974,347
1428390977,299
1428390980,337
1428390982,328
1428390983,448
1428390987,461
1428390989,359
1428390990,370
1428390993,449
1428390996,312
1428390999,530
1428391000,371
1428391004,314
1428391006,331
1428391007,512
1428391010,324
1428391012,448
1428391014,320
1428391015,301
1428391018,466
1428391019,315
1428391022,280
1428391023,416
1428391025,463
1428391026,364
1428391028,309
1428391030,524
1428391033,406
1428391037,481
1428391038,466
1428391041,449
1428391044,353
1428391045,352
1428391046,454
1428391062,449
1428391069,499
1428391078,416
1428391079,320
1428391082,390
1428391084,431
1428391097,381
1428391101,479
1428391103,423
1428391110,256
1428391113,418
1428391118,422
1428391133,452
1428391146,372
1428391148,430
1428391169,394
1428391179,387
1428391189,282
1428391212,490
1428391227,472
1428391243,407
1428391247,392
1428391277,277
1428391281,401
1428391389,361
1428391390,442
1428391402,280
1428391413,426
1428391426,333
1428391473,410
1428391494,435
1428391515,327
1428391522,362
1428391528,471
1428391531,407
1428391535,277
1428391582,361
1428391611,334
1428391619,423
1428391630,401
1428391670,265
1428391679,388
1428391693,458
1428391702,439
1428391712,286
1428391749,342
1428391759,369
1428391783,312
1428391787,379
1428391791,269
1428391794,278
1428391798,416
1428391802,331
1428391809,432
1428391822,280
1428391827,373
1428391833,360
1428391836,453
1428391856,449
1428391857,366
1428391860,399
1428391861,321
1428391885,375
1428391886,285
1428391896,368
1428391910,290
1428391911,455
1428391928,382
1428391932,402
1428391944,347
1428391953,332
1428391964,313
1428391965,475
1428391969,476
1428391975,296
1428391985,436
1428391999,362
1428392001,269
1428392007,374
1428392013,295
1428392020,313
1428392026,396
1428392028,324
1428392041,481
1428392043,414
1428392049,467
1428392050,416
1428392052,461
1428392056,357
1428392059,388
1428392076,380
1428392080,467
1428392082,309
1428392083,389
1428392085,433
1428392097,347
1428392110,459
1428392112,369
1428392114,302
1428392120,394
1428392122,334
1428392125,262
1428392129,258
1428392130,306
1428392131,434
1428392133,462
1428392135,384
1428392137,283
1428392139,381
1428392140,416
1428392142,429
1428392147,337
1428392148,289
1428392149,460
1428392152,450
1428392156,278
1428392157,444
1428392162,281
1428392163,269
1428392164,428
1428392165,391
1428392167,328
1428392179,460
1428392181,445
1428392182,271
1428392183,367
1428392184,402
1428392190,379
1428392192,477
1428392195,384
1428392196,279
1428392197,302
1428392199,454
1428392204,478
1428392211,277
1428392215,279
1428392216,422
1428392219,271
1428392223,272
1428392225,451
1428392231,431
1428392233,449
1428392237,393
1428392239,302
1428392246,452
1428392247,332
1428392248,316
1428392259,448
1428392262,402
1428392275,447
1428392279,269
1428392282,473
1428392288,387
1428392307,397
1428392314,449
1428392316,335
1428392327,404
1428392332,362
1428392335,420
1428392348,410
1428392349,396
1428392350,263
1428392351,289
1428392357,455
1428392360,454
1428392374,457
1428392384,253
1428392386,332
1428392398,406
1428392404,411
1428392420,267
1428392438,373
1428392442,275
1428392461,348
1428392463,297
1428392470,260
1428392484,246
1428392487,434
1428392489,405
1428392501,439
1428392520,341
1428392526,333
1428392534,318
1428392546,377
1428392548,318
1428392552,402
1428392556,429
1428392560,429
1428392567,293
1428392570,354
1428392572,290
1428392574,252
1428392580,386
1428392583,355
1428392593,394
1428392596,261
1428392600,447
1428392603,449
1428392605,338
1428392607,422
1428392612,288
1428392616,394
1428392627,422
1428392628,407
1428392767,406
1428392769,332
1428392770,407
1428392772,379
1428392774,264
1428392776,259
1428392779,394
1428392780,365
1428392787,342
1428392792,421
1428392796,371
1428392800,317
1428392804,320
1428392806,358
1428392807,389
1428392808,349
1428392810,337
1428392817,379
1428392818,377
1428392819,402
1428392820,248
1428392825,387
1428392826,338
1428392828,248
1428392830,369
1428392831,390
1428392832,336
1428392833,391
1428392837,290
1428392838,270
1428392839,298
1428392840,308
1428392842,362
1428392843,387
1428392852,357
1428392854,252
1428392861,288
1428392874,249
1428392879,347
1428392887,264
1428392894,316
1428392903,364
1428392909,341
1428392912,281
1428392919,253
1428392921,307
1428411668,338
1428411669,249
1428411670,400
1428411671,354
1428411672,321
1428411680,265
1428411683,323
1428411687,314
1428411689,278
1428411690,360
1428411691,337
1428411693,428
1428411695,435
1428411696,286
1428411705,262
1428411707,400
1428411710,411
1428411712,414
1428411713,253
1428411715,292
1428411717,250
1428411719,405
1428411727,357
1428411731,317
1428411735,352
1428411736,288
1428411737,363
1428411738,243
1428411739,380
1428411740,388
1428411741,350
1428411753,307
1428411756,405
1428411757,381
1428411759,261
1428411760,278
1428411762,342
1428411763,294
1428411778,269
1428411780,265
1428411781,265
1428411782,328
1428411786,355
1428411788,269
1428411803,377
1428411805,265
1428411811,293
1428411813,277
1428411815,404
1428411827,423
1428411828,332
1428411832,240
1428411835,280
1428411839,259
1428411841,399
1428411843,246
1428411846,421
1428411847,347
1428411850,328
1428411855,406
1428411859,236
1428411863,381
1428411869,252
1428411871,395
1428411872,327
1428411874,238
1428411884,393
1428411886,230
1428411890,262
1428411898,384
1428411900,313
1428411902,399
1428411904,349
1428411906,352
1428411910,285
1428411912,249
1428411918,407
1428411920,247
1428411922,326
1428411927,252
1428411931,279
1428411933,338
1428411935,375
1428411939,347
1428411940,395
1428411943,277
1428411945,284
1428411947,222
1428411951,361
1428411953,285
1428411961,332
1428411963,239
1428411967,384
1428411971,374
1428411979,383
1428411981,209
1428411985,381
1428411996,267
1428411998,284
1428411999,266
1428412003,276
1428412005,330
1428412007,262
1428412012,299
1428412020,341
1428412024,354
1428412026,347
1428412029,300
1428412030,251
1428412031,372
1428412036,223
1428412040,273
1428412042,237
1428412046,349
1428412047,292
1428412051,337
1428412053,287
1428412060,275
1428412062,304
1428412067,230
1428412069,302
1428412071,341
1428412073,316
1428412074,231
1428412077,346
1428412084,275
1428412088,219
1428412090,244
1428412092,314
1428412094,289
1428412095,347
1428412097,259
1428412098,361
1428412099,273
1428412100,330
1428412113,363
1428412114,302
1428412115,227
1428412116,314
1428412117,401
1428412118,392
1428412122,254
1428412124,358
1428412137,281
1428412138,245
1428412139,337
1428412140,286
1428412141,316
1428412142,364
1428412149,275
1428412150,338
1428412159,281
1428412164,220
1428412165,285
1428412166,391
1428412167,304
1428412168,235
1428412180,337
1428412185,393
1428412186,376
1428412189,315
1428412190,282
1428412194,319
1428412204,362
1428412207,371
1428412208,363
1428412211,292
1428412212,243
1428412215,314
1428412230,240
1428412231,222
1428412233,312
1428412236,329
1428412237,362
1428412239,348
1428412252,362
1428412253,347
1428412254,335
1428412255,211
1428412256,321
1428412257,231
1428412260,220
1428412262,235
1428412264,354
1428412266,339
1428412268,377
1428412275,382
1428412278,367
1428412283,231
1428412287,362
1428412291,366
1428412298,361
1428412299,243
1428412300,208
1428412302,368
1428412304,237
1428412307,271
1428412315,286
1428412321,226
1428412328,208
1428412330,379
1428412334,357
1428412336,363
1428412338,253
1428412340,243
1428412341,278
1428412346,281
1428412347,204
1428412348,337
1428412349,374
1428412351,294
1428412353,268
1428412355,269
1428412357,217
1428412359,246
1428412361,288
1428412363,286
1428412368,267
1428412369,343
1428412371,237
1428412372,203
1428412373,187
1428412377,219
1428412379,290
1428412393,326
1428412394,337
1428412395,296
1428425833,289
1428425843,241
1428425854,284
1428425858,274
1428425861,371
1428425869,298
1428425872,251
1428425884,256
1428425890,229
1428425891,365
1428425893,213
1428425894,207
1428425898,236
1428425901,346
1428425934,287
1428425941,305
1428425952,258
1428425957,210
1428425968,340
1428425975,229
1428425984,201
1428425988,292
1428425994,221
1428425995,201
1428425996,341
1428425997,287
1428425999,242
1428426000,260
1428426003,323
1428426004,209
1428426005,217
1428426006,313
1428426007,296
1428426008,373
1428426009,258
1428426010,204
1428426011,295
1428426014,310
1428426015,223
1428426019,279
1428426022,231
1428426024,339
1428426026,336
1428426028,268
1428426030,327
1428426036,327
1428426040,198
1428426041,235
1428426050,295
1428426056,190
1428426058,236
1428426064,228
1428426072,320
1428426074,251
1428426075,319
1428426082,235
1428426090,206
1428426093,335
1428426094,176
1428426101,184
1428426104,239
1428426105,291
1428426108,235
1428426110,201
1428426111,231
1428426113,215
1428426114,180
1428426116,260
1428426118,196
1428426121,231
1428426124,272
1428426126,280
1428426127,215
1428426129,224
1428426130,211
1428426131,313
1428426133,202
1428426135,210
1428426136,235
1428426137,182
1428426139,192
1428426142,181
1428426143,256
1428426145,267
1428426149,261
1428426150,287
1428426155,209
1428426158,266
1428426159,277
1428426161,249
1428426165,274
1428426168,207
1428426171,208
1428426172,191
1428426183,167
1428426187,226
1428426203,143
1428426212,136
1428431675,429
1428431680,378
1428431681,350
1428431682,304
1428431684,351
1428431688,416
1428431692,366
1428431696,327
1428431699,338
1428431700,303
1428431703,372
1428431705,393
1428431713,316
1428431717,310
1428431722,316
1428431724,317
1428431728,431
1428431730,368
1428431745,302
1428431747,303
1428431753,316
1428431755,244
1428431765,334
1428431766,388
1428431768,359
1428431778,268
1428431794,336
1428431798,365
1428431800,278
1428431803,357
1428431814,345
1428431816,397
1428431823,247
1428431828,258
1428431832,316
1428431834,227
1428431838,294
1428431841,381
1428431843,243
1428431845,311
1428431846,399
1428431848,317
1428431849,306
1428431851,334
1428431852,259
1428431856,249
1428431859,346
1428431861,294
1428431863,244
1428431866,221
1428431867,375
1428431868,225
1428431871,365
1428431872,291
1428431875,328
1428431876,255
1428431883,216
1428431884,313
1428431885,350
1428431887,264
1428431888,276
1428431891,310
1428431895,245
1428431896,310
1428431904,240
1428431906,299
1428431908,232
1428431910,315
1428431911,262
1428431913,294
1428431914,305
1428431917,396
1428431919,294
1428431922,363
1428431923,248
1428431925,273
1428431927,235
1428431928,289
1428431929,331
1428431934,346
1428431935,316
1428431937,322
1428431938,229
1428431944,217
1428431945,353
1428431946,233
1428431947,222
1428431950,391
1428431951,383
1428431953,315
1428431955,262
1428431957,346
1428431958,253
1428431959,285
1428431960,260
1428431963,345
1428431964,366
1428431965,306
1428431966,226
1428431968,301
1428431973,246
1428431974,361
1428431979,220
1428431980,211
1428431981,318
1428431982,242
1428431988,358
1428431989,205
1428431992,351
1428431993,203
1428431994,198
1428431995,267
1428431997,232
1428431998,295
1428432000,183
1428432005,208
1428432008,315
1428432010,221
1428432012,309
1428432014,316
1428432022,196
1428432041,317
1428432043,228
1428432045,250
1428432049,199
1428432050,316
1428432052,270
1428432054,263
1428443415,503
1428443417,351
1428443421,481
1428443423,449
1429026665,441
1429026670,462
1429026674,477
1429026689,265
1429026692,397
1429026694,428
1429026695,363
1429026696,312
1429026697,425
1429026715,300
1429026716,356
1429026717,333
1429026719,283
1429026722,370
1429026725,267
1429026732,388
1429026741,426
1429026748,327
1429026751,395
1429026754,289
1429026758,425
1429026760,477
1429026772,274
1429026776,388
1429026781,374
1429026790,354
1429026802,394
1429026810,340
1429026814,369
1429026816,301
1429026830,321
1429026833,416
1429026835,256
1429026838,374
1429026868,281
1429026873,405
1429026886,359
1429026889,332
1429026891,289
1429026892,308
1429026898,448
1429026900,341
1429026918,328
1429026924,397
1429026941,314
1429026945,304
1429026951,299
1429026979,281
1429026998,368
1429027005,431
1429027006,431
1429027023,420
1429027027,330
1429027037,281
1429027057,366
1429027062,438
1429027065,388
1429027085,324
1429027100,379
1429027102,407
1429027114,405
1429027115,403
1429027117,327
1429027131,291
1429027144,319
1429027155,300
1429027162,430
1429027173,344
1429027181,318
1429027182,295
1429027189,377
1429027191,351
1429027206,261
1429027208,414
1429027212,306
1429027242,305
1429027245,269
1429027248,368
1429027253,379
1429027262,418
1429027267,235
1429027270,417
1429027290,362
1429027296,291
1429027300,287
1429027308,290
1429027325,382
1429027353,277
1429027354,335
1429027361,359
1429027394,390
1429027397,371
1429027400,392
1429027410,270
1429027422,408
1429027424,277
1429027445,261
1429027457,436
1429027466,265
1429027475,257
1429027492,358
1429027497,304
1429027503,246
1429027521,337
1429027539,389
1429027545,375
1429027575,265
1429027583,332
1429027593,393
1429027615,244
1429027620,258
1429027629,224
1429027654,321
1429027667,252
1429027669,373
1429027672,406
1429027679,252
1429027694,339
1429027698,270
1429027701,225
1429027707,370
1429027709,284
1429027710,399
1429027724,318
1429027726,244
1429027729,325
1429027733,250
1429027736,359
1429027753,364
1429027756,264
1429027759,315
1429027764,307
1429027767,376
1429027782,251
1429027787,204
1429027792,218
1429027795,300
1429027821,326
1429027835,245
1429027842,273
1429027868,271
1429027870,226
1429027929,369
1429027953,310
1429027967,304
1429027970,315
1429078113,326
1429078116,447
1429078117,406
1429078120,392
1429078123,489
1429078125,486
1429078126,477
1429078127,322
1429078131,309
1429078132,429
1429078134,377
1429078138,432
1429078139,450
1429078140,328
1429078141,326
1429078142,375
1429078143,327
1429078144,419
1429078145,428
1429078156,358
1429078157,440
1429078158,366
1429078161,408
1429078164,302
1429078165,418
1429078166,437
1429078173,331
1429078174,388
1429078175,458
1429078177,309
1429078178,417
1429078184,504
1429078186,442
1429078199,343
1429078202,401
1429078203,474
1429078205,397
1429078210,283
1429078216,261
1429078220,450
1429078221,351
1429078223,307
1429078227,331
1429078228,439
1429078229,348
1429078235,437
1429078236,416
1429078237,465
1429078238,462
1429078239,322
1429078242,403
1429078244,260
1429078245,458
1429078247,306
1429078248,414
1429078251,411
1429078252,269
1429078253,412
1429078254,245
1429078260,363
1429078261,351
1429078264,326
1429078265,391
1429078269,473
1429078273,312
1429078274,357
1429078275,423
1429078277,438
1429078280,256
1429078289,445
1429078297,269
1429078298,370
1429078301,406
1429078304,429
1429078305,300
1429078307,303
1429078309,397
1429078313,277
1429078317,341
1429078321,420
1429078326,365
1429078328,302
1429078334,287
1429078337,415
1429078339,351
1429078340,252
1429078344,295
1429078345,286
1429078348,410
1429078351,297
1429078354,241
1429078358,339
1429078364,286
1429078367,293
1429078380,414
1429078381,399
1429078382,266
1429078393,310
1429078400,296
1429078403,245
1429078407,334
1429078409,321
1429078412,396
1429078417,454
1429078427,274
1429078435,394
1429078440,352
1429078443,308
1429078445,383
1429078448,259
1429078451,367
1429078452,412
1429078464,272
1429078473,385
1429078475,310
1429078477,389
1429078488,239
1429078492,276
1429078498,314
1429078501,399
1429078504,289
1429078506,459
1429078507,262
1429078517,338
1429078519,286
1429078520,240
1429078523,461
1429078529,299
1429078531,398
1429078541,305
1429078542,353
1429078543,391
1429078545,404
1429078549,353
1429078550,332
1429078551,342
1429078554,374
1429078555,347
1429078556,353
1429078557,344
1429078561,378
1429078562,463
1429078564,427
1429078566,433
1429078568,342
1429078574,364
1429078577,262
1429078578,318
1429078583,270
1429078587,221
1429078589,451
1429078596,407
1429078598,355
1429078602,289
1429078606,400
1429078607,307
1429078608,426
1429078618,455
1429078619,305
1429078621,293
1429078625,279
1429078637,235
1429078640,306
1429078643,241
1429078645,260
1429078649,283
1429078660,277
1429078662,369
1429078674,262
1429078676,378
1429078677,289
1429078678,261
1429078682,226
1429078692,380
1429078697,291
1429078706,338
1429078712,259
1429078716,440
1429078717,261
1429078724,319
1429078730,386
1429078736,258
1429078738,298
1429078739,403
1429078742,276
1429078753,248
1429078754,314
1429078756,223
1429078757,419
1429078869,368
1429078877,334
1429078880,269
1429078882,376
1429078886,372
1429078891,241
1429078893,410
1429078901,351
1429078903,416
1429078905,293
1429078910,251
1429078911,349
1429078918,368
1429078920,318
1429078929,238
1429078930,375
1429078931,276
1429078932,282
1429078933,339
1429078934,255
1429078939,231
1429078942,242
1429078943,405
1429078945,276
1429078946,323
1429078949,446
1429078952,335
1429078954,316
1429078956,314
1429078957,309
1429078959,342
1429078960,398
1429078962,382
1429078963,297
1429078964,289
1429078965,382
1429078967,230
1429078968,401
1429078969,264
1429078974,357
1429078975,376
1429078976,320
1429078980,271
1429078982,380
1429078988,297
1429078989,285
1429078990,316
1429078992,306
1429078996,348
1429078997,248
1429078998,296
1429078999,379
1429079000,209
1429079008,301
1429079012,335
1429141339,359
1429141340,305
1429141341,345
1429141343,252
1429141345,286
1429141348,364
1429141349,359
1429141350,301
1429141353,277
1429141354,351
1429141370,266
1429141373,432
1429141374,425
1429141379,246
1429141383,217
1429141384,226
1429141386,203
1429141387,297
1429141392,260
1429141395,211
1429141396,266
1429141397,405
1429141399,246
1429141400,306
1429141403,317
1429141405,262
1429141407,333
1429141408,349
1429141411,260
1429141413,248
1429141416,385
1429141417,278
1429141418,341
1429141421,408
1429141430,453
1429141447,320
1429141455,338
1429141468,299
1429141473,273
1429141482,260
1429141486,261
1429141504,265
1429141509,217
1429141513,324
1429141514,319
1429141515,246
1429141517,298
1429141520,397
1429141522,371
1429141525,419
1429141526,364
1429141528,429
1429141530,400
1429141534,260
1429141535,437
1429141536,243
1429141547,372
1429141554,459
1429141563,271
1429141566,321
1429141579,275
1429141585,224
1429141597,272
1429141599,227
1429141607,230
1429141626,320
1429141632,306
1429141639,376
1429141642,431
1429141643,265
1429141644,342
1429141645,451
1429141647,464
1429141649,371
1429141650,284
1429141651,438
1429141652,443
1429141654,341
1429141658,331
1429141662,264
1429141665,375
1429141666,442
1429141670,392
1429141671,327
1429141673,412
1429141676,433
1429141678,368
1429141680,437
1429141687,345
1429141688,323
1429141690,406
1429141697,346
1429141700,456
1429141704,368
1429141706,364
1429141712,306
1429141713,398
1429141715,344
1429141720,397
1429141721,359
1429141724,331
1429141726,400
1429141727,270
1429141729,386
1429141738,366
1429141739,366
1429141744,411
1429141745,426
1429141746,467
1429141747,330
1429141753,327
1429141759,439
1429141765,386
1429141767,379
1429141768,399
1429141770,393
1429141773,317
1429141781,363
1429141783,291
1429141784,367
1429141790,423
1429141791,348
1429141799,339
1429141802,463
1429141806,370
1429141807,355
1429141810,398
1429141813,301
1429141821,371
1429141822,259
1429141826,258
1429141829,337
1429141840,239
1429141844,330
1429141850,258
1429141855,407
1429141865,260
1429141867,253
1429141872,433
1429141874,362
1429141876,394
1429141888,313
1429141906,225
1429141911,391
1429141912,325
1429141950,251
1429141951,453
1429141965,348
1429141968,378
1429141981,363
1429141984,376
1429141990,316
1429141993,411
1429141994,336
1429142005,263
1429142010,263
1429142015,400
1429142027,453
1429142028,405
1429142030,362
1429142036,472
1429142045,415
1429142046,286
1429142050,342
1429142052,255
1429142060,292
1429142065,336
1429142077,279
1429142079,417
1429142082,430
1429142083,306
1429142089,361
1429142090,349
1429142091,277
1429142092,332
1429142093,287
1429142094,331
1429142095,305
1429142096,254
1429142098,267
1429142100,423
1429142103,267
1429142107,293
1429142109,348
1429142110,289
1429142111,319
1429142112,238
1429142116,372
1429142117,333
1429142119,376
1429142120,340
1429142121,322
1429142123,298
1429142127,268
1429142128,327
1429142129,229
1429142130,266
1429260140,340
1429260159,235
1429260165,232
1429260167,336
1429260187,298
1429260206,340
1429260216,395
1429260221,401
1429260225,303
1429260228,262
1429260241,340
1429260243,331
1429260259,293
1429260260,282
1429260263,207
1429260267,256
1429260268,236
1429260283,250
1429260308,391
1429260309,212
1429260319,339
1429260327,338
1429260333,286
1429260339,325
1429260340,363
1429260355,259
1429260358,337
1429260362,383
1429260366,337
1429260367,388
1429260377,397
1429260380,289
1429260385,345
1429260388,324
1429260389,336
1429260391,357
1429260394,339
1429260396,414
1429260407,306
1429260415,314
1429260425,268
1429260438,319
1429260442,399
1429260445,299
1429260451,295
1429260456,300
1429260459,228
1429260472,247
1429260474,291
1429260476,408
1429260478,248
1429260485,381
1429260490,213
1429260509,375
1429260512,298
1429260514,378
1429260521,295
1429260535,357
1429260538,372
1429260545,292
1429260547,185
1429260553,243
1429260568,370
1429260573,275
1429260585,349
1429260600,296
1429260609,231
1429260620,336
1429260634,378
1429260637,314
1429260646,314
1429260648,305
1429260651,345
1429260676,363
1429260681,263
1429260682,298
1429260709,327
1429260710,272
1429260712,283
1429260714,345
1429260732,253
1429260734,355
1429260737,251
1429260741,216
1429260743,293
1429260749,270
1429260765,215
1429260768,284
1429260771,298
1429260773,262
1429260776,342
1429260791,290
1429260793,392
1429260796,258
1429260798,242
1429260803,352
1429260805,299
1429260816,223
1429260824,285
1429260836,268
1429260841,322
1429260848,321
1429260851,356
1429260870,348
1429260879,266
1429260881,334
1429260882,280
1429260884,284
1429260887,314
1429260890,242
1429260891,239
1429260892,226
1429260895,248
1429260898,267
1429260899,393
1429260905,281
1429260906,347
1429260910,366
1429260911,315
1429260912,289
1429260916,376
1429260918,329
1429260919,343
1429260921,362
1429260924,354
1429260927,317
1429260933,377
1429260934,261
1429260941,344
1429260950,227
1429260951,208
1429260952,341
1429260953,196
1429260954,369
1429260960,190
1429260964,347
1429260966,249
1429260970,434
1429260972,320
1429260973,208
1429260977,228
1429260979,285
1429260982,393
1429260984,391
1429260990,255
1429260992,269
1429260994,259
1429260996,329
1429260997,324
1429261002,246
1429261005,330
1429261010,373
1429261013,185
1429261018,273
1429261022,225
1429261023,207
1429261025,278
1429261036,299
1429261037,233
1429261039,277
1429261040,367
1429261041,372
1429261050,358
1429261054,212
1429261063,251
1429261064,258
1429261066,351
1429261068,393
1429261075,279
1429261081,217
1429261085,290
1429261086,245
1429261089,393
1429261094,275
1429261100,293
1429261102,273
1429261103,256
1429261104,292
1429261106,306
1429261107,237
1429261108,326
1429261113,278
1429261115,256
1429261118,234
1429261119,249
1429261121,259
1429261122,289
1429261124,366
1429261127,316
1429261128,339
1429261129,238
1429261130,332
1429261132,371
1429261135,249
1429261136,273
1429261140,313
1429261142,392
1429261143,313
1429261145,229
1429261148,409
1429261151,219
1429261153,369
1429261155,362
1429261156,374
1429261158,393
1429261160,244
1429261163,347
1429261167,362
1429261171,354
1429261173,237
1429261176,245
1429261177,260
1429261178,282
1429261182,350
1429261184,375
1429261187,375
1429261188,309
1429261190,274
1429261195,324
1429261201,269
1429261205,256
1429261207,193
1429261209,278
1429261210,240
1429261215,328
1429261219,225
1429261222,257
1429261223,220
1429261225,312
1429261238,281
1429261239,265
1429261244,245
1429261245,387
1429261246,397
1429261249,396
1429261251,301
1429261253,454
1429261255,346
1429261264,248
1429261266,315
1429261268,320
1429261271,277
1429261272,282
1429261273,208
1429261276,331
1429261277,463
1429261278,255
1429261281,387
1429261285,249
1429261291,370
1429261293,366
1429261294,332
1429261295,280
1429261298,416
1429261304,234
1429261307,352
1429261308,272
1429261312,288
1429261314,234
1429261315,291
1429261317,422
1429261318,299
1429261320,275
1429261328,330
1429261334,330
1429261335,246
1429261338,459
1429261339,344
1429261345,300
1429261347,443
1429261349,324
1429261354,401
1429261355,300
1429261358,344
1429261359,494
1429261362,393
1429261366,453
1429261404,349
1429261408,441
1429261410,378
1429261411,306
1429261413,230
1429261415,387
1429261417,369
1429261420,299
1429261421,351
1429261424,371
1429261425,311
1429261428,421
1429261429,313
1429261434,287
1429261435,238
1429261437,389
1429261438,370
1429261439,357
1429261441,397
1429261445,268
1429261447,238
1429261449,217
1429261451,474
1429261461,375
1429261464,290
1429261465,319
1429261466,369
1429261468,334
1429261475,341
1429261477,248
1429261480,296
1429261486,305
1429261491,263
1429261493,309
1429261496,316
1429261503,372
1429261508,265
1429261513,307
1429261542,330
1429261544,429
1429261547,487
1429261550,263
1429261552,473
1429261558,338
1429261570,417
1429261575,347
1429261577,350
1429261579,207
1429261580,374
1429261582,351
1429261590,336
1429261603,317
1429261612,233
1429261618,254
1429261627,361
1429261642,374
1429261644,383
1429261646,338
1429261647,309
1429261649,446
1429261658,274
1429261660,406
1429261662,436
1429261664,283
1429261665,316
1429261670,300
1429261672,276
1429261675,307
1429261677,284
1429261679,340
1429261680,242
1429261681,237
1429261687,332
1429261689,238
1429261694,502
1429261700,338
1429261701,253
1429261702,253
1429261704,278
1429261709,345
1429261720,434
1429261733,320
1429261736,325
1429261737,325
1429261749,350
1429261753,400
1429261754,308
1429261755,408
1429261757,323
1429261762,320
1429261763,482
1429261766,388
1429261768,317
1429261774,398
1429261779,382
1429261782,309
1429261785,298
1429261792,387
1429261796,380
1429261798,394
1429261799,275
1429261802,353
1429261810,409
1429261811,412
1429261816,224
1429261817,444
1429261824,407
1429261825,329
1429261827,281
1429261829,375
1429261831,253
1429261836,271
1429261840,390
1429261841,445
1429261843,272
1429261845,469
1429261846,491
1429261851,258
1429261853,229
1429261854,344
1429261856,437
1429261858,288
1429261861,361
1429261866,377
1429261867,368
1429261869,410
1429261870,269
1429261872,279
1429261873,234
1429261876,435
1429261886,482
1429261888,356
1429261890,284
1429261899,285
1429261901,265
1429261903,349
1429261907,303
1429261910,396
1429261913,269
1429261917,336
1429261930,388
1429261933,373
1429261936,231
1429261938,439
1429261945,356
1429261948,370
1429261954,334
1429261964,421
1429261966,339
1429261980,311
1429261983,326
1429261988,231
1429261989,354
1429261992,301
1429261999,260
1429262002,354
1429262005,285
1429262008,298
1429262011,369
1429262018,272
1429262019,271
1429262024,383
1429262035,363
1429262038,310
1429262040,289
1429262053,259
1429262055,244
1429262057,343
1429262059,471
1429262061,358
1429262067,291
1429262068,452
1429262070,305
1429262091,303
1429262093,296
1429262096,310
1429262102,389
1429262103,305
1429262110,336
1429262117,327
1429262118,394
1429262121,351
1429262125,352
1429262131,267
1429262134,445
1429262137,381
1429262139,316
1429262141,444
1429262143,226
1429262146,322
1429262148,325
1429262151,307
1429262154,308
1429262160,277
1429262161,285
1429262163,268
1429262166,269
1429262173,456
1429262175,380
1429262179,317
1429262181,316
1429262182,409
1429262184,263
1429262185,271
1429262187,353
1429262191,340
1429262193,360
1429262194,445
1429262199,420
1429262201,272
1429262205,269
1429262206,286
1429262208,384
1429262220,440
1429262226,422
1429262227,311
1429262232,391
1429262243,353
1429262244,420
1429262245,339
1429262246,246
1429262255,261
1429262257,394
1429262258,295
1429262260,315
1429262261,301
1429262267,318
1429262268,428
1429262270,252
1429262272,252
1429262274,402
1429262279,340
1429262286,263
1429262288,236
1429262296,272
1429262299,279
1429262301,234
1429262320,267
1429262322,379
1429262323,371
1429262324,400
1429262335,295
1429262339,268
1429262342,420
1429262348,367
1429336561,217
1429336573,189
1429336579,196
1429336580,220
1429336586,249
1429336595,179
1429336596,247
1429336604,250
1429336613,249
1429336625,185
1429336636,230
1429336640,256
1429336653,188
1429336667,291
1429336669,214
1429336675,273
1429336676,224
1429336683,360
1429336685,232
1429336692,203
1429336699,198
1429336700,237
1429336706,167
1429336710,264
1429336720,328
1429336722,239
1429336724,288
1429336727,224
1429336738,307
1429336740,323
1429336749,334
1429336750,288
1429336769,310
1429336772,218
1429336791,150
1429336805,207
1429336807,210
1429336808,216
1429336813,172
1429336823,303
1429336832,258
1429336834,278
1429336852,277
1429336864,188
1429336871,182
1429336885,308
1429336893,305
1429336901,263
1429336917,236
1429336927,294
1429336931,249
1429336943,253
1429336946,270
1429336949,221
1429336953,325
1429336966,230
1429336968,269
1429336970,281
1429336987,177
1429336988,285
1429336990,219
1429336996,176
1429337008,123
1429337019,270
1429337028,316
1429337057,150
1429337065,201
1429337095,176
1429337098,232
1429337099,200
1429337100,190
1429337106,263
1429337110,211
1429337112,209
1429337119,210
1429337120,222
1429337129,241
1429337132,214
1429337147,234
1429337149,252
1429337153,220
1429337160,298
1429337165,217
1429337176,291
1429337177,206
1429337192,312
1429337197,179
1429337199,171
1429337203,186
1429337213,169
1429337226,322
1429337234,305
1429337240,266
1429337243,165
1429337244,302
1429337246,254
1429337257,193
1429337259,234
1429337260,262
1429337262,163
1429337263,172
1429337264,199
1429337274,216
1429337275,220
1429337291,214
1429337292,278
1429337293,268
1429337298,309
1429337309,228
1429337310,228
1429337323,230
1429337324,219
1429337330,164
1429337331,294
1429337332,265
1429337336,157
1429337338,273
1429337341,246
1429337343,211
1429337345,158
1429337349,172
1429337351,198
1429337359,207
1429337363,169
1429337365,200
1429337367,146
1429337369,244
1429337385,261
1429337388,156
1429337394,216
1429337396,198
1429337400,177
1429337403,221
1429337411,118
1429337413,205
1429337417,244
1429337418,183
1429337421,226
1429337430,207
1429337433,201
1429337437,302
1429337460,252
1429337462,259
1429337463,241
1429337466,193
1429337480,230
1429337484,172
1429337489,164
1429337490,180
1429337505,153
1429337507,283
1429337529,301
1429337531,157
1429337534,154
1429337539,260
1429337540,240
1429337542,186
1429337556,198
1429337562,260
1429337573,265
1429337575,314
1429337580,202
1429337581,182
1429337589,221
1429337590,196
1429337592,234
1429337593,170
1429337597,236
1429337599,264
1429337603,291
1429337607,227
1429337614,321
1429337625,169
1429337721,238
1429337723,185
1429337727,279
1429337728,288
1429337729,177
1429337734,157
1429337746,192
1429337748,223
1429337749,265
1429337756,130
1429337757,251
1429337760,214
1429337766,189
1429337767,196
1429337768,317
1429337769,202
1429337781,200
1429337796,169
1429337802,305
1429337803,245
1429337804,217
1429337810,198
1429337814,233
1429337815,231
1429337826,213
1429337828,193
1429337830,212
1429337839,326
1429337843,258
1429337850,173
1429337858,224
1429337862,250
1429337863,312
1429337868,231
1429337871,156
1429337873,176
1429337875,253
1429337877,233
1429337880,226
1429337881,272
1429337884,188
1429337892,186
1429337894,283
1429337896,201
1429337903,225
1429337911,224
1429337919,264
1429337944,216
1429337945,208
1429337947,159
1429337950,143
1429337970,179
1429337979,169
1429337981,238
1429337983,294
1429337987,193
1429337988,299
1429337989,205
1429337997,253
1429338012,250
1429338014,207
1429338015,159
1429338023,175
1429338029,237
1429338033,288
1429338038,261
1429338042,227
1429338044,147
1429338046,289
1429338048,178
1429338052,233
1429338060,226
1429338074,194
1429338077,154
1429338081,187
1429338088,181
1429338089,268
1429338090,299
1429338092,168
1429338106,216
1429338109,170
1429338111,209
1429338120,249
1429338123,296
1429338125,246
1429338126,198
1429338137,260
1429338143,208
1429338156,314
1429338160,233
1429338161,248
1429338169,174
1429338171,202
1429338185,244
1429338197,190
1429338206,224
1429338226,210
1429338230,265
1429338235,165
1429338257,262
1429338273,193
1429338280,203
1429380073,258
1429380079,222
1429380081,346
1429380084,323
1429380087,349
1429380095,343
1429380098,288
1429380101,265
1429380107,331
1429380114,187
1429380119,225
1429380123,265
1429380125,290
1429380128,254
1429380132,245
1429380136,135
1429380138,251
1429380140,174
1429380144,220
1429380152,227
1429380154,306
1429380156,246
1429380160,331
1429380162,211
1429380168,246
1429380174,210
1429380176,280
1429380178,187
1429380180,287
1429380183,276
1429380203,270
1429380204,220
1429380216,226
1429380218,176
1429380224,304
1429380228,227
1429380234,311
1429380240,238
1429380247,168
1429380249,251
1429380254,205
1429380255,284
1429380258,279
1429380262,305
1429380264,236
1429380266,151
1429380271,356
1429380272,205
1429380278,231
1429380279,320
1429380284,277
1429380287,222
1429380291,252
1429380293,270
1429380296,222
1429380298,270
1429380299,244
1429380301,257
1429380303,176
1429380304,352
1429380305,240
1429380307,317
1429380309,227
1429380310,147
1429380311,272
1429380312,279
1429380313,254
1429380314,342
1429380315,364
1429380316,275
1429380318,147
1429380321,182
1429380323,279
1429380325,167
1429380328,195
1429380330,298
1429380332,254
1429380335,310
1429380338,349
1429380342,151
1429380344,365
1429380346,149
1429380348,170
1429380351,150
1429380355,256
1429380356,266
1429380362,318
1429380363,148
1429380364,252
1429380368,186
1429380370,207
1429380375,314
1429380381,155
1429380382,243
1429380385,185
1429380386,209
1429380388,102
1429380389,202
1429380390,196
1429380391,192
1429380393,229
1429380396,149
1429380398,229
1429380399,164
1429380400,199
1429380401,216
1429380402,201
1429380403,278
1429380406,113
1429380408,182
1429380412,207
1429380413,188
1429380414,245
1429380415,289
1429380417,243
1429380418,190
1429380419,204
1429380422,227
1429380424,175
1429380432,236
1429380433,225
1429380435,232
1429380437,199
1429380443,126
1429380447,173
1429380450,146
1429380451,234
1429380453,176
1429380459,193
1429380463,142
1429380465,310
1429380473,272
1429380475,256
1429380486,358
1429380488,151
1429380490,150
1429380491,272
1429380492,249
1429380508,234
1429380511,169
1429380513,234
1429380520,199
1429380524,241
1429380531,343
1429380539,194
1429380541,210
1429380549,267
1429380558,206
1429380567,162
1429380569,250
1429380571,214
1429380576,324
1429380580,136
1429380585,312
1429380587,157
1429380591,266
1429380595,225
1429380604,142
1429380606,300
1429380611,272
1429380612,173
1429380620,234
1429380622,203
1429380623,267
1429380624,167
1429380638,256
1429380641,174
1429380642,145
1429380650,281
1429380654,154
1429380655,218
1429380658,271
1429380667,164
1429380669,186
1429380673,294
1429380681,174
1429380683,268
1429380685,246
1429380696,251
1429380702,220
1429380704,309
1429380708,183
1429380717,171
1429380724,229
1429380739,284
1429380741,248
1429380748,164
1429380753,186
1429380767,258
1429380768,292
1429380771,220
1429380781,193
1429380784,220
1429380786,235
1429380797,264
1429380798,167
1429380815,166
1429380818,212
1429380826,162
1429380827,244
1429380829,166
1429380833,246
1429380842,273
1429380844,267
1429380857,292
1429380859,191
1429380875,123
1429380879,165
1429380886,205
1429380887,134
1429380889,156
1429380895,149
1429380904,192
1429380908,222
1429380913,212
1429381071,226
1429381079,275
1429381080,167
1429381081,172
1429381082,205
1429381098,248
1429381100,224
1429381113,165
1429381114,286
1429381132,195
1429381137,205
1429381146,237
1429381150,284
1429381171,242
1429381177,223
1429381179,181
1429381191,189
1429381198,211
1429381205,198
1429381216,182
1429381241,228
1429381255,128
1429381257,179
1429381259,231
1429381260,235
1429381261,244
1429381283,211
1429417828,220
1429417829,379
1429417837,279
1429417847,330
1429417849,273
1429417858,347
1429417860,298
1429417861,366
1429417862,239
1429417865,228
1429417868,272
1429417870,209
1429417871,339
1429417872,257
1429417874,313
1429417879,218
1429417880,227
1429417881,316
1429417883,270
1429417886,252
1429417887,241
1429417888,238
1429417889,304
1429417892,241
1429417896,261
1429417897,341
1429417899,286
1429417900,293
1429417903,255
1429417905,308
1429417907,297
1429417909,215
1429417914,382
1429417916,317
1429417918,305
1429417920,297
1429417921,209
1429417922,324
1429417924,297
1429417926,265
1429417931,258
1429417933,212
1429417934,338
1429417935,188
1429417940,241
1429417943,296
1429417944,333
1429417946,205
1429417947,346
1429417949,288
1429417950,363
1429417951,207
1429417953,203
1429417956,286
1429417962,215
1429417963,306
1429417964,210
1429417965,335
1429417966,320
1429417968,347
1429417973,344
1429417976,290
1429417977,254
1429417979,253
1429417982,317
1429417986,385
1429417989,332
1429417992,345
1429417994,237
1429417995,331
1429417996,337
1429418001,297
1429418002,312
1429418007,272
1429418008,383
1429418011,199
1429418013,319
1429418020,204
1429418022,265
1429418027,205
1429418031,260
1429418033,219
1429418035,334
1429418041,272
1429418058,335
1429418070,239
1429418072,177
1429418073,308
1429418074,293
1429418084,316
1429418088,349
1429418090,311
1429418102,285
1429418103,312
1429418104,323
1429418117,316
1429418118,227
1429418127,174
1429418129,251
1429418131,280
1429418133,265
1429418134,277
1429418135,329
1429418136,227
1429418138,228
1429418140,363
1429418141,232
1429418145,263
1429418149,241
1429418150,232
1429418157,326
1429418158,391
1429418161,246
1429418171,234
1429418176,203
1429418177,232
1429418182,202
1429418183,164
1429418188,341
1429418189,282
1429418192,244
1429418202,197
1429418203,330
1429418212,211
1429418221,256
1429418223,327
1429418224,263
1429418227,362
1429418232,217
1429418236,317
1429418237,347
1429418240,224
1429418242,316
1429418244,209
1429418246,309
1429418248,337
1429418250,320
1429418251,341
1429418256,308
1429418257,283
1429418258,192
1429418259,251
1429418261,303
1429418265,307
1429418277,238
1429418279,293
1429418284,324
1429418288,333
1429418296,179
1429418298,218
1429418309,269
1429418316,222
1429418318,357
1429418328,232
1429418330,301
1429418336,235
1429418353,269
1429418365,365
1429418367,279
1429418379,171
1429418387,235
1429418411,326
1429418420,292
1429418437,229
1429418439,285
1429418448,177
1429418489,264
1429418494,197
1429418496,318
1429418502,316
1429418559,200
1429418562,231
1429418570,182
1429418578,230
1429418585,204
1429418589,215
1429418592,351
1429418595,189
1429418597,298
1429418610,186
1429418614,249
1429418615,246
1429418618,359
1429418623,235
1429418625,216
1429418638,299
1429418652,312
1429418669,303
1429418693,172
1429418707,218
1429418714,314
1429418726,244
1429418764,255
1429418768,213
1429418784,219
1429418813,314
1429418830,274
1429418840,192
1429418861,313
1429418875,288
1429418907,217
1429418932,227
1429418960,274
1429418977,214
1429418979,242
1429418982,266
1429418986,193
1429418992,294
1429418996,213
1429419004,220
1429419007,261
1429419023,245
1429419032,224
1429419050,250
1429419062,287
1429419066,268
1429419069,271
1429419070,198
1429419071,221
1429419077,169
1429419087,119
1429419090,192
1429419098,146
1429419107,144
1429419118,139
1429419171,143
1429419195,146
1429419199,174
1429419216,172
1429434243,183
1429434246,177
1429434248,257
1429434251,154
1429434253,217
1429434255,202
1429434258,208
1429434259,260
1429434260,226
1429434262,281
1429434263,261
1429434264,170
1429434266,147
1429434267,191
1429434268,212
1429434270,226
1429434272,172
1429434274,178
1429434275,211
1429434276,221
1429434280,217
1429434283,271
1429434284,180
1429434286,193
1429434288,267
1429434290,239
1429434292,219
1429434294,225
1429434296,164
1429434297,255
1429434300,179
1429434301,221
1429434302,180
1429434304,192
1429434308,188
1429434309,236
1429434310,197
1429434313,138
1429434314,197
1429434315,253
1429434316,197
1429434318,186
1429434321,237
1429434323,244
1429434329,212
1429434336,265
1429434344,151
1429434346,200
1429434347,232
1429434352,195
1429434354,223
1429434361,172
1429434366,175
1429434373,151
1429434376,138
1429434377,199
1429434378,161
1429434383,214
1429434388,160
1429434394,140
1429434398,180
1429434400,198
1429434402,192
1429434409,227
1429434414,188
1429434416,286
1429434422,165
1429434430,188
1429434434,174
1429434436,149
1429434448,267
1429434449,220
1429434452,140
1429434453,212
1429434454,164
1429434464,204
1429434467,140
1429434468,254
1429434480,178
1429434481,135
1429434483,250
1429434485,137
1429434486,227
1429434495,243
1429434496,165
1429434499,118
1429434502,281
1429434513,188
1429434516,219
1429434525,130
1429434526,244
1429434527,202
1429434531,197
1429434540,159
1429434545,132
1429434549,252
1429434558,274
1429434559,163
1429434586,234
1429434588,163
1429434590,155
1429434602,139
1429434613,187
1429434619,130
1429434641,159
1429434643,135
1429434648,225
1429434652,201
1429434653,192
1429434658,164
1429434662,179
1429434666,173
1429434674,216
1429434676,185
1429434686,195
1429434690,147
1429434697,221
1429434705,254
1429434707,211
1429434709,252
1429434716,183
1429434718,153
1429434720,223
1429434722,189
1429434723,198
1429434728,166
1429434733,223
1429434735,165
1429434738,155
1429434743,184
1429434751,179
1429434754,207
1429434755,176
1429434760,151
1429434762,194
1429434767,229
1429434769,136
1429434770,198
1429434776,133
1429434778,160
1429434781,183
1429434782,226
1429434784,198
1429434785,160
1429434795,231
1429434797,275
1429434799,165
1429434800,145
1429434801,201
1429434808,185
1429434811,226
1429434814,173
1429434826,126
1429434829,164
1429434830,196
1429434831,176
1429434843,162
1429434846,158
1429434859,93
1429434861,143
1429434862,218
1429434863,200
1429434864,165
1429434865,224
1429434878,209
1429434881,161
1429434882,130
1429434891,118
1429434895,153
1429434896,170
1429434897,219
1429434904,220
1429434905,163
1429434907,144
1429434908,119
1429434910,170
1429434913,134
1429434914,205
1429434919,198
1429434921,151
1429434922,184
1429434925,202
1429434927,215
1429434928,163
1430552614,253
1430552616,323
1430552618,232
1430552620,308
1430552625,247
1430552627,324
1430552629,372
1430552631,232
1430552637,274
1430552644,340
1430552655,248
1430552662,316
1430552674,298
1430552684,268
1430552693,340
1430552695,305
1430552698,321
1430552699,229
1430552713,213
1430552714,188
1430552717,361
1430552719,313
1430552731,350
1430552733,244
1430552735,321
1430552747,366
1430552750,348
1430552752,216
1430552756,360
1430552758,226
1430552763,224
1430552764,370
1430552768,279
1430552769,281
1430552771,298
1430552772,390
1430552773,191
1430552775,349
1430552778,279
1430552780,230
1430552781,268
1430552783,284
1430552787,229
1430552789,286
1430552791,324
1430552793,316
1430552795,313
1430552796,329
1430552798,247
1430552801,261
1430552807,299
1430552821,287
1430552822,225
1430552837,249
1430552852,243
1430552853,267
1430552856,378
1430552858,276
1430552875,296
1430552882,272
1430552891,343
1430552899,279
1430552909,241
1430552911,312
1430552913,194
1430552918,306
1430552920,246
1430552924,322
1430552926,350
1430552927,342
1430552931,272
1430552933,173
1430552934,274
1430552935,334
1430552940,306
1430552945,324
1430552949,212
1430552955,310
1430552957,356
1430552958,257
1430552959,298
1430552960,247
1430552961,296
1430552963,243
1430552965,207
1430552975,277
1430552980,308
1430552981,333
1430552982,210
1430552985,205
1430552988,194
1430552990,329
1430552994,252
1430552995,296
1430552996,248
1430553001,286
1430553002,329
1430553005,184
1430553007,333
1430553010,287
1430553013,183
1430553015,198
1430553016,355
1430553018,291
1430553020,268
1430553021,291
1430553024,202
1430553025,245
1430553028,277
1430553029,176
1430553031,328
1430553038,220
1430553039,242
1430553040,213
1430553041,297
1430553042,172
1430553044,197
1430553047,260
1430553050,178
1430553052,306
1430553055,269
1430553057,152
1430553063,192
1430553066,289
1430553068,188
1430553070,164
1430553078,330
1430553080,279
1430553083,224
1430553085,244
1430553089,309
1430553094,220
1430553098,257
1430553101,247
1430553105,220
1430553107,221
1430553109,206
1430553111,191
1430553117,187
1430553119,213
1430553121,190
1430553126,207
1430553134,195
1430553136,144
1430553140,175
1430553142,181
1430553144,245
1430553150,199
1430553154,201
1430553157,208
1430553159,151
1430553161,162
1430553163,279
1430553165,212
1430553169,239
1430553173,271
1430553175,284
1430553178,172
1430553180,238
1430553190,262
1430553194,196
1430553198,259
1430553200,224
1430553209,258
1430553222,203
1430553224,212
1430553230,180
1430553233,256
1430553239,238
1430553241,158
1430553243,174
1430553244,235
1430553246,175
1430553248,259
1430553258,254
1430553261,213
1430553263,187
1430553265,206
1430553273,264
1430553277,221
1430553281,188
1430553291,180
1430553292,202
1430553306,251
1430553309,213
1430553314,233
1430553315,292
1430553316,181
1430553319,222
1430553320,169
1430553324,216
1430553328,191
1430553331,230
1430553334,201
1430553336,139
1430553337,229
1430553342,212
1430553346,241
1430553359,232
1430553363,146
1430553375,190
1430553377,153
1430553378,156
1430553379,217
1430553390,230
1430553392,143
1430553403,134
1430553405,213
1430553407,156
1430553409,163
1430553411,128
1430553413,155
1430553418,184
1430553423,258
1430553424,154
1430553425,171
1430553426,219
1430553428,159
1430553432,218
1430553436,214
1430553438,209
1430553439,164
1430553455,224
1430553457,181
1430553462,211
1430553466,129
1430553468,161
1430553469,203
1430553470,147
1430553474,194
1430553476,157
1430553482,139
1430553484,200
1430553485,131
1430553492,164
1430553495,159
1430553502,243
1430553509,147
1430553510,162
1430553512,209
1430553530,180
1430553552,197
1430553574,268
1430553592,213
1430553598,290
1430553603,158
1430553618,160
1430553621,139
1430553622,156
1430553625,181
1430553627,164
1430553631,205
1430553635,163
1430553641,115
1430553649,272
1430553661,204
1430553663,175
1430553670,152
1430553675,162
1430553679,178
1430553680,153
1430553691,118
1430553697,201
1430553708,158
1430553713,122
1430553738,189
1430553739,179
1430553755,174
1430553756,144
1430553763,154
1430553768,154
1430553776,93
1430553778,108
1430553779,188
1430553787,159
1430553791,137
1430574893,193
1430574897,265
1430574912,197
1430574917,178
1430574931,181
1430574934,223
1430574943,219
1430574944,154
1430574945,171
1430574958,253
1430574971,217
1430574998,225
1430575002,172
1430575028,214
1430575058,286
1430575062,240
1430575079,174
1430575096,208
1430575121,192
1430575125,143
1430575151,186
1430575155,273
1430575160,207
1430575200,251
1430575203,188
1430575229,172
1430575236,148
1430575245,208
1430575270,151
1430575280,196
1430575292,184
1430575294,180
1430575334,196
1430575353,127
1430575358,146
1430575373,204
1430575378,127
1430575380,149
1430575388,142
1430575391,187
1430575396,175
1430575405,171
1430575409,185
1430575410,164
1430575431,159
1430575434,245
1430575435,161
1430575438,125
1430575439,166
1430575443,124
1430575445,129
1430575446,170
1430575448,208
1430575449,154
1430575450,163
1430575452,137
1430575454,241
1430575462,193
1430575472,120
1430575479,180
1430575483,152
1430575485,160
1430575488,161
1430575489,177
1430575490,115
1430575501,135
1430575503,207
1430575521,129
1430575522,123
1430575543,181
1430575551,184
1430575555,175
1430575556,184
1430575564,164
1430575566,112
1430575579,151
1430575582,164
1430575586,172
1430575593,119
1430575594,109
1430575601,154
1430575606,77
1430575611,93
1430575613,154
1430575618,129
1430575631,120
1431038882,222
1431038885,222
1431038897,368
1431038899,302
1431038930,255
1431038949,288
1431038951,244
1431038956,242
1431039052,269
1431039076,311
1431039131,247
1431039136,281
1431039150,283
1431039151,295
1431039163,240
1431039166,207
1431039179,215
1431039180,271
1431039187,350
1431039201,236
1431039207,338
1431039222,347
1431039243,202
1431039259,206
1431039271,243
1431039287,209
1431039312,302
1431039349,196
1431039359,326
1431039369,295
1431039382,307
1431039495,307
1431039530,280
1431039652,383
1431039661,359
1431039665,252
1431039678,213
1431039681,280
1431039684,225
1431039694,278
1431039697,241
1431039705,278
1431039715,315
1431039742,264
1431039778,272
1431039798,250
1431039829,338
1431039839,318
1431039859,202
1431039862,269
1431039903,237
1431039905,301
1431039913,263
1431039983,270
1431039991,281
1431039997,345
1431040034,328
1431040040,313
1431040058,326
1431040061,248
1431040068,329
1431040084,364
1431040085,209
1431040090,239
1431040130,246
1431040166,206
1431040196,247
1431040213,210
1431040215,250
1431040221,215
1431040318,252
1431040338,320
1431040365,273
1431040405,265
1431040557,343
1431040560,358
1431040598,285
1431040604,217
1431040623,212
1431040631,350
1431040643,258
1431040667,320
1431040681,258
1431040721,189
1431040786,232
1431040807,323
1431040825,348
1431040842,240
1431040861,301
1431040883,226
1431040913,345
1431040936,232
1431040948,309
1431040976,195
1431041027,290
1431041284,261
1431041296,254
1431041307,336
1431041312,331
1431041313,328
1431041329,243
1431041344,312
1431041373,269
1431041375,282
1431041628,248
1431041637,266
1431041667,186
1431041680,216
1431041684,184
1431041718,201
1431063227,218
1431063230,212
1431063234,332
1431063237,293
1431063238,188
1431063248,279
1431063253,323
1431063269,309
1431063283,309
1431063300,325
1431063301,314
1431063332,320
1431063354,314
1431063368,217
1431063382,297
1431063413,255
1431063415,300
1431063420,288
1431063430,216
1431063440,208
1431063441,247
1431063446,278
1431063457,284
1431063458,329
1431063461,290
1431063465,300
1431063472,186
1431063477,276
1431063478,160
1431063485,237
1431063487,173
1431063489,255
1431063490,217
1431072845,158
1431072850,230
1431072860,239
1431072871,169
1431072884,232
1431072893,169
1431072898,162
1431072904,164
1431072913,203
1431072917,222
1431072923,202
1431072933,225
1431072939,201
1431072952,222
1431072960,243
1431072972,175
1431072978,149
1431072983,147
1431072991,158
1431072993,153
1431072999,121
1431073004,183
1431073013,190
1431073014,126
1431073023,110
1431073044,125
1431073045,129
1431073049,166
1431073050,132
1431073051,91
1431073055,164
1431105222,85
1431105289,135
1431105299,132
1431105380,171
1431105413,115
1431105431,197
1431105505,105
1431105538,146
1431105563,109
1431105566,123
1431105593,183
1431105600,107
1431105607,75
1431105612,146
1431105615,132
1431105617,183
1431105624,154
1431105631,98
1431105632,147
1431105648,97
1431105671,77
1431105682,145
1431105714,164
1431105716,98
1431105728,132
1431105905,162
1431105918,110
1431105923,122
1431105934,130
1431105938,113
1431105948,123
1431105953,88
1431105955,122
1431105956,115
1431105965,112
1431105971,179
1431105973,161
1431105974,121
1431105982,148
1431105987,99
1431105988,145
1431105989,157
1431106001,113
1431106002,115
1431106003,129
1431106015,114
1431106035,147
1431106037,132
1431106047,97
1431106051,116
1431106052,112
1431106065,112
1431106080,170
1431106086,143
1431106108,131
1431106109,154
1431106110,100
1431106112,117
1431106115,96
1431106120,127
1431106129,158
1431106133,170
1431106140,104
1431106142,120
1431106147,140
1431106176,72
1431106181,103
1431106187,149
1431106209,127
1431106216,129
1431135404,220
1431135406,197
1431135418,279
1431135419,359
1431135422,235
1431135423,218
1431135424,209
1431135434,323
1431135436,333
1431135441,307
1431135450,183
1431135453,316
1431135456,273
1431135471,218
1431135484,237
1431135485,248
1431135496,219
1431135508,349
1431135509,262
1431135514,252
1431135515,278
1431135525,291
1431135527,191
1431135529,283
1431135530,229
1431135541,245
1431135542,302
1431135543,259
1431135548,234
1431135549,195
1431135551,265
1431135552,230
1431135555,320
1431135559,231
1431135561,319
1431135562,238
1431135565,299
1431135567,189
1431135571,210
1431135572,194
1431135574,181
1431135576,299
1431135578,290
1431135579,254
1431135582,259
1431135583,248
1431135585,239
1431135586,311
1431135588,247
1431135589,290
1431135593,196
1431135594,297
1431135595,179
1431135596,234
1431135598,291
1431135600,191
1431135601,205
1431135602,208
1431135603,249
1431135604,314
1431135605,296
1431135606,243
1431135608,297
1431135609,238
1431135611,272
1431135616,199
1431135619,218
1431135620,157
1431135622,159
1431135623,246
1431135625,173
1431135629,239
1431135630,259
1431135632,163
1431135634,219
1431135636,234
1431135637,262
1431135638,186
1431135641,271
1431135643,254
1431135645,232
1431135646,199
1431135647,232
1431135648,245
1431135649,183
1431135650,269
1431140461,372
1431140467,266
1431156143,218
1431156145,220
1431156150,236
1431156187,253
1431156219,131
1431156295,155
1431156447,185
1431156525,237
1431156535,190
1431156580,262
1431156663,173
1431156665,178
1431156685,252
1431156687,194
1431156691,173
1431156716,136
1431156722,144
1431156744,147
1431156749,171
1431156754,199
1431156759,165
1431156788,138
1431156798,160
1431156824,190
1431156832,240
1431156834,189
1431156844,141
1431156856,186
1431156859,233
1431156902,232
1431156972,215
1431157009,236
1431157028,205
1431157034,239
1431157066,134
1431157117,220
1431157122,224
1431157128,220
1431157157,178
1431157180,208
1431157193,143
1431157210,179
1431157218,168
1431157271,193
1431157293,189
1431157294,137
1431157318,151
1431157361,149
1431157384,182
1431157403,206
1431157411,186
1431157425,135
1431157428,208
1431157431,194
1431157433,126
1431157434,152
1431157452,153
1431157458,170
1431157462,143
1431157490,134
1431157492,123
1431157493,116
1431157499,154
1431157515,185
1431157532,139
1431157535,159
1431157537,174
1431157539,167
1431157542,123
1431157545,111
1431157557,110
1431157559,162
1431157560,125
1431218672,236
1431218680,277
1431218682,349
1431218684,239
1431218687,269
1431218689,262
1431218703,301
1431218704,289
1431218711,303
1431218712,216
1431218719,256
1431218721,295
1431218736,252
1431218745,328
1431218746,233
1431218747,263
1431218754,243
1431218755,247
1431218774,304
1431218797,169
1431218799,252
1431218805,258
1431218807,297
1431218815,275
1431218816,272
1431218819,283
1431218820,214
1431218833,290
1431218835,319
1431218838,201
1431218850,266
1431218851,210
1431218852,252
1431218860,181
1431218863,262
1431218869,235
1431218876,265
1431218882,181
1431218884,236
1431218888,247
1431218890,253
1431218893,208
1431218899,197
1431218908,239
1431218912,303
1431218914,209
1431218918,277
1431218926,156
1431218927,271
1431218929,207
1431218933,225
1431218948,229
1431218950,198
1431218961,206
1431218963,221
1431218965,216
1431218977,290
1431218981,239
1431218983,288
1431218985,235
1431218993,157
1431218994,204
1431218995,213
1431218996,198
1431218998,274
1431219000,219
1431219009,253
1431219019,213
1431219028,209
1431219029,258
1431219031,186
1431219032,175
1431219033,209
1431219035,151
1431219045,247
1431219046,140
1431219049,188
1431219050,242
1431219052,304
1431219065,238
1431219066,232
1431219067,276
1431219069,155
1431219074,217
1431219076,168
1431219083,220
1431219085,303
1431219087,271
1431219097,307
1431219100,267
1431219101,250
1431219117,244
1431219121,255
1431219135,209
1431219137,201
1431219142,237
1431219147,198
1431219148,233
1431219149,190
1431219151,254
1431219153,176
1431219155,203
1431219170,207
1431219180,193
1431219184,298
1431219190,224
1431219193,205
1431219195,175
1431219212,277
1431219219,250
1431219253,219
1431219259,203
1431219268,239
1431219271,286
1431219275,213
1431219296,180
1431219298,175
1431219303,160
1431219334,264
1431219336,297
1431219353,312
1431219363,241
1431219388,161
1431219394,302
1431219413,204
1431219418,205
1431219431,249
1431219525,159
1431219588,265
1431219593,288
1431219617,221
1431219623,260
1431219634,195
1431219636,159
1431219647,238
1431219702,219
1431219708,247
1431219724,164
1431219758,195
1431219760,204
1431219776,247
1431219807,252
1431219833,264
1431219834,196
1431219847,201
1431219869,152
1431219905,178
1431219908,197
1431220032,230
1431220033,206
1431220071,194
1431220075,213
1431220081,243
1431220098,152
1431220099,192
1431220101,233
1431220118,207
1431220126,244
1431220138,172
1431220145,194
1431220155,235
1431220158,196
1431220180,196
1431220187,256
1431220206,149
1431220221,198
1431220224,215
1431220229,163
1431220234,200
1431220254,199
1431220258,214
1431220286,253
1431220306,250
1431220341,148
1431220345,203
1431220358,253
1431220372,213
1431220423,209
1431220442,124
1431220470,208
1431220527,140
1431220529,159
1431220538,208
1431220544,244
1431220579,220
1431220584,187
1431220597,137
1431220599,174
1431220601,132
1431220613,229
1431220624,180
1431220633,163
1431220635,129
1431220637,162
1431220643,210
1431220645,193
1431220646,126
1431220650,137
1431220651,161
1431220653,130
1431220662,215
1431220669,202
1431220673,118
1431220674,197
1431220679,157
1431220680,134
1431220684,179
1431220685,127
1431220687,154
1431220689,213
1431220691,195
1431220714,159
1431220736,165
1431220748,147
1431220749,177
1431220755,128
1431220760,166
1431220764,125
1431220766,213
1431220771,189
1431220777,130
1431220778,189
1431220779,116
1431220782,172
1431220783,137
1431220800,116
1431220803,178
1431220810,159
1431220812,171
1431220824,153
1431220826,119
1431220829,108
1431220832,186
1431220840,184
1431220842,119
1431220847,155
1431220855,154
1431220866,164
1431220872,179
1431220876,146
1431220878,153
1431220881,155
1431220885,128
1431220892,108
1431220894,101
1431334830,269
1431334831,184
1431334832,264
1431334836,232
1431334837,229
1431334839,288
1431334842,284
1431334843,171
1431334845,277
1431334847,219
1431334851,228
1431334853,269
1431334854,240
1431334856,206
1431334857,301
1431334859,259
1431334860,252
1431334861,174
1431334862,203
1431334863,223
1431334867,231
1431334868,237
1431334869,267
1431334870,199
1431334872,264
1431334873,285
1431334874,273
1431334875,278
1431334882,282
1431334887,179
1431334890,259
1431334892,299
1431334897,222
1431334904,190
1431334908,305
1431334911,182
1431334914,206
1431334917,187
1431334919,223
1431334920,215
1431334930,210
1431334933,290
1431334934,229
1431334936,234
1431334939,278
1431334942,267
1431334944,196
1431334953,162
1431334954,253
1431334955,274
1431334956,231
1431334958,199
1431334962,232
1431334963,252
1431334964,240
1431334969,278
1431334980,266
1431334981,250
1431334982,250
1431334992,249
1431334996,230
1431335000,203
1431335006,257
1431335008,245
1431335009,225
1431335016,176
1431335023,255
1431335028,247
1431335035,185
1431335036,205
1431335039,185
1431335040,303
1431335046,285
1431335052,230
1431335056,226
1431335058,252
1431335059,238
1431335066,281
1431335074,165
1431335078,143
1431335093,200
1431335104,179
1431335162,220
1431335192,267
1431335243,170
1431335278,180
1431335285,228
1431335289,255
1431335292,201
1431335326,175
1431335374,199
1431335380,197
1431335392,246
1431335415,220
1431335465,183
1431335490,243
1431335510,223
1431335554,156
1431335621,217
1431335696,243
1431335723,227
1431335755,178
1431335800,226
1431335811,157
1431335816,208
1431335818,191
1431335823,160
1431335824,171
1431336099,256
1431336103,160
1431336121,221
1431336131,218
1431336138,191
1431336183,167
1431336220,132
1431336235,141
1431336301,209
1431336391,255
1431336493,241
1431336528,124
1431336581,159
1431336590,161
1431336600,236
1431336602,154
1431336612,161
1431336653,197
1431336654,189
1431336672,153
1431336701,189
1431336715,157
1431336716,136
1431336717,143
1431336734,175
1431336755,231
1431336772,198
1431336777,214
1431336779,136
1431336782,218
1431336787,202
1431336791,171
1431336799,242
1431336804,181
1431336815,219
1431336817,153
1431336862,195
1431336883,197
1431337214,221
1431337253,214
1431337322,136
1431337332,220
1431337352,206
1431998342,168
1431998345,140
1431998353,142
1431998357,136
1431998373,138
1431998375,217
1431998376,149
1431998379,200
1431998382,194
1431998385,204
1431998387,135
1431998388,174
1431998389,183
1431998391,160
1431998395,142
1431998396,180
1431998397,127
1431998398,169
1431998401,145
1431998402,142
1431998403,185
1431998405,113
1431998407,192
1431998408,201
1431998412,148
1431998413,143
1431998416,115
1431998418,158
1431998419,174
1431998422,115
1431998423,146
1431998425,121
1431998427,178
1431998428,162
1431998429,119
1431998430,174
1431998431,108
1431998432,159
1431998433,186
1431998434,191
1431998436,145
1431998437,165
1431998438,144
1431998442,209
1431998443,131
1431998444,192
1431998446,113
1431998447,206
1431998449,178
1431998453,152
1431998455,121
1431998456,155
1431998459,137
1431998460,173
1431998461,167
1431998462,141
1431998463,122
1431998465,197
1431998466,121
1431998467,148
1431998468,118
1431998469,107
1431998470,111
1431998471,119
1431998473,168
1431998475,159
1431998477,169
1431998481,149
1431998485,122
1431998487,94
1431998494,166
1431998495,147
1431998496,158
1431998498,129
1431998500,181
1431998502,113
1431998513,162
1431998518,116
1431998520,148
1431998521,144
1431998525,140
1431998527,111
1431998529,166
1431998530,118
1431998531,107
1431998535,125
1431998539,111
1431998540,180
1431998541,87
1431998550,100
1431998552,146
1431998554,144
1431998555,146
1431998559,106
1431998567,141
1431998571,157
1431998573,97
1431998575,141
1431998576,95
1431998578,129
1431998582,136
1431998586,117
1431998589,94
1431998595,75
1431998597,87
1431998599,109
1431998600,99
1431998601,99
1431998602,80
1431998614,167
1431998615,129
1432140901,57
1432140902,104
1432140903,71
1432140904,84
1432140905,127
1432140906,80
1432140917,116
1432140918,103
1432140919,99
1432140920,77
1432140932,48
1432140933,64
1432140948,47
1432140949,49
1432140979,70
1432140987,76
1432141024,53
1432141029,76
1432141081,47
1432141082,85
1432141083,86
1432141098,41
1432141119,61
1432141125,68
1432141130,47
1432141139,67
1432141143,86
1432141148,94
1432141152,61
1432141156,66
1432141178,80
1432141179,53
1432141193,38
1432141211,87
1432141229,80
1432141238,66
1432141241,71
1432141243,50
1432141244,46
1432141247,46
1432141251,76
1432141264,62
1432141271,60
1432141298,63
1432141300,51
1432141338,63
1432141343,92
1432141357,74
1432141359,61
1432141361,70
1432141365,76
1432141385,76
1432141389,59
1432141392,27
1432141416,96
1432141423,91
1432141441,99
1432141444,72
1432141447,83
1432141451,76
1432141471,81
1432141473,85
1432141477,82
1432141486,49
1432141495,95
1432141526,91
1432141528,56
1432141539,82
1432141552,80
1432141554,76
1432141576,60
1432141596,48
1432141610,68
1432141624,71
1432141635,59
1432141657,60
1432141658,66
1432141682,48
1432141688,84
1432141691,59
1432141694,50
1432141708,47
1432141710,80
1432141723,78
1432141726,96
1432141732,53
1432141735,66
1432141761,55
1432141784,43
1432141823,48
1432141854,70
1432141856,59
1432141877,67
1432141893,64
1432141929,54
1432141931,53
1432141949,48
1432141984,64
1432142004,88
1432142017,72
1432142050,73
1432142112,51
1432142135,79
1432142138,86
1432142178,88
1432142180,89
1432142183,76
1432142184,78
1432142261,77
1432142286,75
1432142306,58
1432142310,65
1432142315,72
1432142347,63
1432142379,77
1432142398,44
1432142399,74
1432142431,82
1432142458,64
1432142497,58
1432142539,82
1432142541,75
1432142564,54
1432142588,30
1432142590,69
1432142597,44
1432142630,58
1432142631,58
1432142634,85
1432142636,53
1432142642,58
1432142643,39
1432142644,55
1432142651,51
1432142663,68
1432142675,69
1432142677,37
1432142692,59
1432142718,66
1432142738,91
1432142750,75
1432142751,98
1432142753,92
1432142763,103
1432142783,76
1432142862,62
1432142958,137
1432142974,132
1432142999,96
1432143001,54
1432143011,114
1432143019,73
1432143022,87
1432143033,109
1432143041,80
1432143043,64
1432143061,97
1432143063,57
1432143081,77
1432143084,59
1432143097,78
1432143099,82
1432143104,58
1432143107,75
1432143135,86
1432143139,49
1432143141,71
1432143146,102
1432143147,74
1432143157,91
1432143162,105
1432143184,68
1432143196,69
1432143224,97
1432143226,100
1432143251,106
1432143315,69
1432143320,87
1432143331,94
1432143333,71
1432143334,65
1432143337,82
1432143338,53
1432143342,70
1432143348,69
1432143350,89
1432143355,70
1432143356,55
1432143358,115
1432143367,49
1432143382,31
1432143401,89
1432143403,51
1432143406,73
1432143408,53
1432143442,35
1432143468,28
1432143486,41
1432143560,42
1432143591,86
1432143592,63
1432143593,78
1432143594,71
1432143627,133
1432143629,152
1432143636,109
1432143654,83
1432143665,88
1432143666,100
1432143692,68
1432143709,95
1432143710,84
1432143714,59
1432143717,58
1432143733,70
1432143741,115
1432143748,85
1432143750,89
1432143753,96
1432143758,71
1432143760,87
1432143786,54
1432143805,210
1432143815,156
1432143837,73
1432143855,74
1432143892,87
1432143909,62
1432143913,84
1432144139,42
1432144141,118
1432144143,51
1432144144,30
1432144150,150
1432144151,214
1432144162,124
1432144167,106
1432144170,83
1432144171,82
1432144185,119
1432144189,91
1432144194,114
1432144200,132
1432144211,90
1432144213,152
1432144215,110
1432144222,82
1432144228,111
1432144232,90
1432144237,96
1432144238,101
1432144239,92
1432144244,146
1432144246,106
1432144258,101
1432144270,129
1432144271,93
1432144274,129
1432144277,86
1432144278,106
1432144279,53
1432144280,96
1432144293,50
1432144300,99
1432144303,67
1432144305,107
1432144311,61
1432144312,87
1432144319,105
1432144322,82
1432144325,79
1432144326,93
1432144327,115
1432144329,92
1432144333,119
1432144334,135
1432144335,64
1432144340,58
1432144347,91
1432144353,80
1432144356,71
1432144360,108
1432144361,97
1432144363,90
1432144370,104
1432144375,180
1432144376,166
1432144377,160
1432144384,112
1432144386,185
1432144389,163
1432144390,91
1432144392,87
1432144393,90
1432144395,167
1432144398,106
1432144403,89
1432144409,69
1432144410,164
1432144412,97
1432144415,155
1432144423,95
1432144425,107
1432144427,113
1432144430,93
1432144437,118
1432144448,73
1432144454,92
1432144469,93
1432144474,76
1432144505,94
1432144533,77
1432144536,91
1432144537,71
1432144540,58
1432144562,142
1432144568,89
1432144583,112
1432144584,90
1432144586,62
1432144594,114
1432144599,88
1432144600,75
1432144603,58
1432144604,80
1432144605,80
1432144608,50
1432144612,89
1432144616,68
1432144617,56
1432144626,96
1432144633,71
1432144645,86
1432144667,65
1432144686,124
1432144770,118
1432144790,110
1432156332,32
1432156335,76
1432156337,80
1432156344,34
1432156346,50
1432156348,91
1432156350,69
1432156361,72
1432156367,66
1432156377,49
1432156378,90
1432156389,88
1432156393,37
1432156395,53
1432156397,84
1432156399,85
1432156410,50
1432156412,64
1432156413,58
1432156416,38
1432156418,54
1432156420,53
1432156424,100
1432156425,58
1432156429,49
1432156430,65
1432156434,41
1432156435,30
1432156436,68
1432156442,96
1432156443,65
1432156444,95
1432156445,59
1432156447,92
1432156449,65
1432156450,83
1432156451,82
1432156456,50
1432156458,55
1432156460,63
1432156461,47
1432156463,88
1432156467,72
1432156468,75
1432156469,83
1432156474,85
1432156475,93
1432156477,63
1432156479,70
1432156481,61
1432167450,71
1432167451,61
1432167452,65
1432167453,76
1432167455,79
1432167456,61
1432167462,54
1432167471,66
1432167481,80
1432167486,78
1432167514,82
1432167592,70
1432167596,62
1432167602,57
1432167603,60
1432167605,60
1432167636,82
1432167637,61
1432167660,38
1432167664,50
1432167670,71
1432167676,60
1432167677,57
1432167692,95
1432167693,63
1432167694,77
1432167695,89
1432167716,60
1432167734,94
1432167735,67
1432227675,78
1432227678,67
1432227680,85
1432227682,61
1432227687,56
1432227691,83
1432227699,57
1432227700,85
1432227701,73
1432227702,72
1432227703,84
1432227704,77
1432227705,56
1432227709,88
1432227718,116
1432227721,87
1432227731,79
1432227732,82
1432227742,70
1432227747,47
1432227748,69
1432227751,78
1432227760,76
1432227761,60
1432227762,76
1432227763,78
1432227764,67
1432227767,92
1432227771,77
1432227773,50
1432227778,58
1432227779,82
1432227780,73
1432227782,97
1432227784,55
1432227785,53
1432227787,72
1432227789,98
1432227791,98
1432227797,107
1432227798,71
1432227800,91
1432227804,73
1432227806,82
1432227807,123
1432227808,69
1432227809,109
1432227810,81
1432227811,59
1432227812,88
1432227813,108
1432227814,77
1432227815,102
1432227816,61
1432227818,108
1432227819,89
1432227820,76
1432227821,94
1432227823,93
1432227824,96
1432227825,71
1432227826,64
1432227827,106
1432227828,90
1432227829,108
1432227831,105
1432227832,101
1432227833,66
1432227834,94
1432227835,90
1432227836,62
1432227837,63
1432227838,88
1432227839,73
1432227840,88
1432227842,65
1432227844,105
1432227846,82
1432227848,71
1432227857,108
1432227858,103
1432227863,106
1432227865,100
1432227867,94
1432227869,70
1432227871,75
1432227873,109
1432227875,102
1432227876,78
1432227878,79
1432227880,73
1432227882,79
1432227886,104
1432227893,64
1432227898,87
1432227902,120
1432227910,98
1432227912,81
1432227914,82
1432227924,69
1432227928,83
1432227931,74
1432227932,85
1432227933,70
1432227934,94
1432227937,62
1432227938,125
1432227939,67
1432227941,92
1432227942,112
1432227943,74
1432227944,89
1432227946,112
1432227947,103
1432227948,83
1432227949,109
1432227951,104
1432227952,105
1432227953,76
1432227954,81
1432227955,121
1432227956,92
1432227958,77
1432227959,81
1432227960,98
1432227961,76
1432227962,56
1432227963,101
1432227964,118
1432227965,72
1432232839,80
1432256385,83
1432256386,118
1432256395,131
1432256397,129
1432256398,144
1432256401,169
1432256403,127
1432256405,178
1432256406,135
1432256420,157
1432256421,164
1432256425,157
1432256430,116
1432256436,195
1432256439,186
1432256441,209
1432256444,181
1432256458,140
1432256460,189
1432256462,157
1432256466,214
1432256471,151
1432256475,147
1432256476,184
1432256479,102
1432256484,191
1432256485,144
1432256487,184
1432256488,205
1432256548,244
1432256549,189
1432271748,115
1432271749,120
1432271751,138
1432271752,199
1432271753,173
1432271754,156
1432271757,156
1432271758,239
1432271760,147
1432271763,188
1432271764,198
1432271769,143
1432271773,274
1432271775,167
1432271778,230
1432271779,233
1432271783,249
1432271784,236
1432271788,265
1432271789,219
1432271790,227
1432271791,258
1432271792,195
1432271794,248
1432271800,184
1432271801,201
1432271802,219
1432271806,172
1432271807,220
1432271808,162
1432271809,260
1432271810,262
1432271811,264
1432271815,265
1432271816,168
1432271818,187
1432271819,272
1432271826,309
1432271836,320
1432271860,301
1432271862,296
1432271864,343
1432271869,325
1432271887,311
1432271899,226
1432271906,225
1432271909,243
1432271916,305
1432271918,356
1432271919,267
1432271921,298
1432271922,376
1432271924,265
1432271925,353
1432271927,240
1432271928,306
1432271930,319
1432271934,291
1432271936,232
1432271940,268
1432271943,297
1432271945,286
1432271946,361
1432271947,234
1432811939,67
1432811940,60
1432811941,89
1432811943,54
1432811951,63
1432811952,88
1432811954,64
1432811957,54
1432811958,55
1432811959,91
1432811964,58
1432811969,57
1432811978,78
1432811979,74
1432811982,47
1432811998,46
1432812000,51
1432812003,54
1432812006,75
1432812014,60
1432812016,79
1432812022,73
1432812024,54
1432812025,82
1432812034,75
1432812037,84
1432812038,66
1432812040,55
1432812044,59
1432812053,74
1432812056,59
1432812063,52
1432812067,95
1432812075,67
1432812076,78
1432812078,61
1432812087,95
1432812098,49
1432812100,50
1432812108,78
1432812113,94
1432812122,60
1432812123,57
1432812130,64
1432812134,70
1432812145,77
1432812149,59
1432812156,48
1432812159,81
1432812167,86
1432812169,69
1432812172,64
1432812174,79
1432812177,74
1432812179,63
1432812182,70
1432812185,77
1432812189,81
1432812191,68
1432812196,74
1432812201,28
1432812204,81
1432812205,53
1432812206,45
1432812208,74
1432812211,66
1432812212,95
1432812213,74
1432812215,93
1432812216,58
1432812219,68
1432812223,78
1432812225,74
1432812226,86
1432812228,69
1432812230,32
1432812231,78
1432812233,30
1432812234,45
1432812235,61
1432812238,54
1432812239,66
1432812241,80
1432812245,59
1432812246,82
1432812247,63
1432812248,52
1432812251,55
1432812252,94
1432812254,79
1432812260,83
1432812261,31
1432812263,77
1432812264,84
1432812267,95
1432812268,46
1432812270,101
1432812271,69
1432812273,75
1432812275,75
1432812277,63
1432812284,66
1432812288,85
1432812290,56
1432812292,68
1432812295,77
1432812300,74
1432812302,68
1432812305,74
1432812307,63
1432812309,74
1432812319,94
1432812325,77
1432812327,78
1432812328,73
1432812339,57
1432812342,80
1432812343,50
1432812344,59
1432812345,86
1432812346,73
1432812348,71
1432812358,89
1432812359,52
1432812363,45
1432812364,52
1432812365,59
1432812366,84
1432812376,83
1432812379,69
1432812381,62
1432812387,77
1432812388,46
1432812392,80
1432812394,73
1432812397,47
1432812398,82
1432812400,78
1432812410,62
1432812411,73
1432812412,76
1432812414,58
1432812415,59
1432812416,73
1432812426,92
1432812428,72
1432812430,74
1432812431,89
1432812432,66
1432812435,49
1432812441,59
1432812443,83
1432812447,78
1432812448,78
1432812453,58
1432812454,83
1432812460,73
1432812462,58
1432812465,56
1432812467,80
1432812470,70
1432812478,79
1432812480,54
1432812482,67
1432812484,44
1432812486,56
1432812496,71
1432812498,63
1432812502,87
1432812503,67
1432812504,27
1432812510,52
1432812513,79
1432812518,58
1432812522,53
1432812528,63
1432812531,57
1432812548,68
1432812549,61
1432812550,28
1432812551,73
1432812552,66
1432812553,75
1432812563,50
1432812565,75
1432812566,62
1432812572,64
1432812576,67
1432812579,87
1432812582,56
1432812585,82
1432812591,88
1432812593,66
1432812595,60
1432812598,65
1432812600,108
1432812602,72
1432812607,68
1432812610,47
1432812612,78
1432812613,47
1432812615,52
1432812617,60
1432812622,65
1432812625,86
1432812628,98
1432812633,63
1432812641,62
1432812646,78
1432812648,70
1432812649,51
1432812650,64
1432812651,71
1432812653,92
1432812672,77
1432812675,50
1432812677,82
1432812678,55
1432812685,89
1432812687,64
1432812691,57
1432812693,65
1432812698,58
1432812701,57
1432812711,67
1432812715,82
1432812720,75
1432812721,61
1432812735,51
1432812740,69
1432812741,64
1432812744,53
1432812746,81
1432812747,87
1432812756,55
1432812758,74
1432812762,70
1432812764,34
1432812767,70
1432812777,54
1432812782,48
1432812784,83
1432812785,73
1432812787,58
1432812788,63
1432812789,89
1432812796,64
1432812797,80
1432812800,82
1432812802,58
1432812803,76
1432812805,70
1432812811,81
1432812814,61
1432812816,60
1432812817,52
1432812818,71
1432812825,75
1432812827,92
1432812830,73
1432812834,52
1432812838,47
1432812844,81
1432812846,85
1432812849,83
1432812851,52
1432812858,63
1432812859,86
1432812860,53
1432812863,49
1432812864,85
1432812866,82
1432812867,83
1432812876,84
1432812879,78
1432812884,48
1432812886,68
1432812889,83
1432812891,66
1432840267,81
1432840269,70
1432840271,50
1432840273,77
1432840274,73
1432840275,47
1432840278,59
1432840284,72
1432840293,51
1432840294,58
1432840300,73
1432840302,73
1432840307,64
1432840308,81
1432840309,84
1432840312,78
1432840316,51
1432840318,73
1432840320,67
1432840323,91
1432840333,71
1432840335,60
1432840339,68
1432840341,68
1432840342,100
1432840343,62
1432840352,83
1432840354,48
1432840359,74
1432840361,82
1432840362,60
1432840363,49
1432840370,74
1432840372,81
1432840374,69
1432840376,67
1432840377,76
1432840378,55
1432840382,67
1432840384,75
1432840393,53
1432840394,82
1432840396,59
1432840398,86
1432840400,66
1432840405,64
1432840409,60
1432840413,62
1432840416,81
1432840418,75
1432840421,72
1432840423,63
1432840427,53
1432840428,49
1432840429,74
1432840435,67
1432840439,68
1432840441,68
1432840442,65
1432840448,73
1432840459,67
1432840460,80
1432840462,48
1432840464,69
1432840474,50
1432840476,82
1432840483,67
1432840485,64
1432840489,77
1432840491,63
1432840492,57
1432840494,62
1432840495,50
1432840504,81
1432840507,74
1432840508,78
1432840509,84
1432840510,73
1432840512,64
1432840518,49
1432840524,60
1432840525,83
1432840526,79
1432840532,79
1432840534,57
1432840537,55
1432840543,79
1432840552,49
1432840561,71
1432840565,58
1432840567,60
1432840569,69
1432840573,83
1432840575,79
1432840578,66
1432840586,60
1432840591,78
1432840594,71
1432840598,65
1432840601,69
1432840604,36
1432840607,48
1432840609,81
1432840610,85
1432840611,59
1432840620,57
1432840625,81
1432840628,87
1432840630,42
1432840632,51
1432840634,87
1432840636,80
1432840654,68
1432840657,59
1432840664,75
1432840669,77
1432840672,75
1432840675,86
1432840685,72
1432869117,65
1432869123,75
1432869124,87
1432869125,64
1432869127,61
1432869129,88
1432869131,71
1432869142,106
1432869144,57
1432869147,67
1432869149,67
1432869151,85
1432869152,84
1432869153,68
1432869156,73
1432869166,64
1432869171,86
1432869176,98
1432869179,88
1432869181,69
1432869183,77
1432869185,67
1432869201,53
1432869206,61
1432869208,58
1432869210,64
1432869222,85
1432869229,73
1432869235,90
1432869249,98
1432869264,83
1432869268,70
1432869269,84
1432869270,58
1432869271,71
1432869272,78
1432869276,93
1432869295,85
1432869297,89
1432869299,100
1432869303,78
1432869322,82
1432869326,90
1432869329,79
1432869333,94
1432869342,94
1432869348,82
1432869353,58
1432869356,59
1432869357,89
1432869358,62
1432869376,77
1432869380,80
1432869383,90
1432869399,91
1432869409,89
1432869410,66
1432869411,56
1432869426,82
1432869435,64
1432869439,79
1432869440,96
1432869442,76
1432869452,82
1432869457,81
1432869461,85
1432869467,74
1432869476,73
1432869478,63
1432869480,85
1432869483,67
1432869485,71
1432869487,90
1432869489,56
1432869492,78
1432869505,63
1432869506,67
1432869507,53
1432869509,60
1432869511,94
1432869513,118
1432869516,89
1432869528,78
1432869529,97
1432869530,94
1432869540,76
1432869552,53
1432869554,86
1432869558,91
1432869560,61
1432869565,71
1432869575,68
1432869577,67
1432869578,84
1432869583,66
1432869585,93
1432869586,87
1432869591,53
1432869599,87
1432869602,85
1432869604,74
1432869606,72
1432932823,88
1432932824,73
1432932825,40
1432932829,68
1432932832,65
1432932842,99
1432932843,63
1432932844,83
1432932849,80
1432932863,93
1432932870,80
1432932878,102
1432932881,100
1432932882,66
1432932892,86
1432932893,74
1432932895,95
1432932897,87
1432932899,74
1432932901,68
1432932902,77
1432932904,99
1432932906,93
1432932907,61
1432932910,73
1432932912,75
1432932913,86
1432932914,75
1432932917,77
1432932919,108
1432932921,98
1432932922,94
1432932923,99
1432932924,81
1432932928,90
1432932929,75
1432932933,66
1432932934,127
1432932935,100
1432932937,106
1432932938,68
1432932939,62
1432932940,63
1432932943,104
1432932944,115
1432932945,88
1432932948,108
1432932949,68
1432932950,84
1432932953,69
1432932954,67
1432932955,105
1432932956,98
1432932957,66
1432932960,74
1432932961,87
1432932962,63
1432932967,79
1432932968,91
1432932971,77
1432932976,75
1432932977,73
1432932978,110
1432932979,73
1432932982,90
1432932983,78
1432932984,86
1432932987,66
1432932989,39
1432932991,99
1432932992,100
1432932995,66
1432932996,70
1432932998,109
1432932999,68
1432933000,63
1432933002,73
1432933006,77
1432933007,94
1432933008,100
1432933009,89
1432933010,80
1432933012,75
1432933013,93
1432933015,64
1432933016,79
1432933019,90
1432933020,79
1432933021,57
1432933022,70
1432933023,85
1432933024,69
1432933025,61
1432933026,102
1432933027,86
1432933029,65
1432933030,106
1432933031,63
1432933033,130
1432933035,102
1432933036,76
1432933037,90
1432933040,90
1432933041,74
1432933042,85
1432933044,94
1432933045,87
1432933046,108
1432933047,66
1432933048,111
1432933049,85
1432933051,96
1432933052,88
1432933053,73
1432933054,88
1432933056,69
1432933057,67
1432933058,92
1432933061,67
1432933062,64
1432933064,65
1432933065,100
1432933067,118
1432933068,82
1432933069,70
1432933070,94
1432933072,66
1432933074,89
1432933075,87
1432933076,75
1432933077,53
1432933078,83
1432933080,92
1432933081,69
1432933083,107
1432933084,109
1432933085,101
1432933086,116
1432933089,78
1432933090,56
1432933092,110
1432933093,72
1432933094,66
1432933096,81
1432933097,76
1432933098,103
1432933101,98
1432933103,101
1432933105,125
1432933106,81
1432933107,105
1432933108,60
1432933111,61
1432933112,73
1432933115,72
1432933116,78
1432933117,70
1432933118,68
1432933122,66
1432933123,87
1432933126,59
1432933127,95
1432933128,108
1432933129,105
1432933132,58
1432933135,101
1432933136,87
1432933137,118
1432933138,117
1432933140,86
1432933141,85
1432933142,103
1432933143,57
1432933145,94
1432933146,100
1432933148,105
1432933149,83
1432933151,77
1432933152,84
1432933154,95
1432933155,106
1432933156,107
1432933158,79
1432933159,73
1432933160,97
1432933161,99
1432933162,82
1432933163,81
1432933164,64
1432957498,112
1432957501,101
1432957507,84
1432957508,129
1432957510,101
1432957515,120
1432957516,102
1432957517,94
1432957519,114
1432957521,118
1432957534,123
1432957536,107
1432957539,95
1432957541,77
1432957544,90
1432957548,111
1432957550,88
1432957553,100
1432957558,118
1432957572,111
1432957577,118
1432957582,95
1432957587,84
1432957591,117
1432957593,83
1432957608,80
1432957612,119
1432957614,99
1432957615,100
1432957617,72
1432957624,89
1432957626,138
1432957630,93
1432957634,107
1432957636,93
1432957646,139
1432957648,127
1432957653,81
1432957655,95
1432957658,92
1432957660,96
1432957661,74
1432957663,100
1432957665,96
1432957667,78
1432957670,74
1432957672,79
1432957676,78
1432957688,105
1432957691,82
1432957692,67
1432957694,119
1432957698,73
1432957707,122
1432957712,99
1432957728,107
1432957737,92
1432957739,60
1432957744,124
1432957746,112
1432957750,80
1432957752,117
1432957770,89
1432957772,119
1432957774,118
1432957780,71
1432957783,126
1432957786,125
1432957789,110
1432957791,68
1432957794,103
1432957797,115
1432957799,96
1432957802,122
1432957803,108
1432957814,119
1432957820,106
1432957824,83
1432957826,128
1432957832,105
1432957837,100
1432957853,92
1432957859,86
1432957861,109
1432957864,104
1432957871,137
1432957874,117
1433031069,115
1433031073,82
1433031074,108
1433031075,67
1433031080,113
1433031082,100
1433031083,116
1433031084,84
1433031085,94
1433031086,141
1433031087,97
1433031088,113
1433031089,121
1433031090,97
1433031091,92
1433031093,96
1433031103,125
1433031104,126
1433031106,86
1433031109,118
1433031111,83
1433031113,100
1433031119,133
1433031120,114
1433031121,97
1433031122,92
1433031123,84
1433031125,82
1433031126,84
1433031128,121
1433031138,93
1433031141,106
1433031143,117
1433031145,79
1433031146,86
1433031152,118
1433031157,73
1433031159,96
1433031162,100
1433031171,89
1433031172,104
1433031173,83
1433031191,91
1433031192,122
1433031194,92
1433031198,90
1433031200,66
1433031205,129
1433031208,87
1433031212,152
1433031214,88
1433031220,99
1433031221,89
1433031222,83
1433031231,101
1433031233,83
1433031238,115
1433031239,104
1433031240,86
1433031241,81
1433031243,113
1433031245,87
1433031247,129
1433031250,111
1433031253,101
1433031255,116
1433031256,103
1433031260,78
1433031263,83
1433031265,108
1433031267,89
1433031271,70
1433031285,122
1433031288,71
1433031293,111
1433031297,83
1433031299,72
1435258314,100
1435258315,62
1435258317,87
1435258318,89
1435258320,101
1435258322,61
1435258323,104
1435258324,77
1435258325,77
1435258326,77
1435258327,74
1435258329,80
1435258330,64
1435258333,84
1435258334,93
1435258335,81
1435258337,77
1435258338,69
1435258339,76
1435258340,85
1435258344,96
1435258345,79
1435258347,90
1435258348,54
1435258351,102
1435258352,71
1435258354,78
1435258355,61
1435258356,63
1435258359,98
1435258360,66
1435258361,63
1435258363,65
1435258364,106
1435258369,96
1435258372,92
1435258374,98
1435258375,97
1435258377,76
1435258379,61
1435258380,76
1435258382,71
1435258383,95
1435258387,57
1435258389,65
1435258393,82
1435258394,57
1435258395,63
1435258396,60
1435258397,86
1435258398,67
1435258401,60
1435258403,70
1435258405,94
1435258407,71
1435258408,58
1435258410,107
1435258411,105
1435258412,69
1435258415,78
1435258416,68
1435258417,96
1435258419,62
1435258420,98
1435258423,99
1435258427,81
1435258429,53
1435258432,92
1435258433,97
1435258437,87
1435258440,62
1435258444,93
1435258446,96
1435258447,111
1435258451,90
1435258453,80
1435258455,75
1435258456,87
1435258459,119
1435258463,81
1435258464,68
1435258467,54
1435258470,102
1435258472,101
1435258473,58
1435258475,81
1435258476,98
1435258477,85
1435258478,65
1435258479,81
1435258481,78
1435258482,70
1435258484,90
1435258485,92
1435258487,88
1435258488,92
1435258491,57
1435258492,69
1435258495,66
1435258496,57
1435258497,103
1435258499,60
1435258504,99
1435258506,61
1435258507,67
1435258508,70
1435258509,86
1435258510,82
1435258513,96
1435258514,65
1435258515,86
1435258516,92
1435258519,69
1435258520,62
1435258521,72
1435258522,61
1435258523,94
1435258524,95
1435258525,80
1435258526,102
1435258527,80
1435258528,93
1435258529,62
1435258530,81
1435258532,60
1435258533,66
1435258534,67
1435258535,85
1435258536,100
1435258537,103
1435258539,64
1435258541,111
1435258543,61
1435258544,98
1435258546,91
1435258547,83
1435258548,62
1435258549,101
1435258550,99
1435258551,69
1435258552,99
1435258553,56
1435258554,83
1435258556,99
1435258558,108
1435258559,81
1435258560,69
1435258561,86
1435258562,74
1435258563,82
1435258565,82
1435258568,91
1435258569,64
1435258570,62
1435258571,90
1435258572,66
1435258573,75
1435258575,81
1435258577,87
1435258578,75
1435258580,89
1435258581,101
1435258582,87
1435258584,70
1435258587,58
1435258588,60
1435258590,94
1435258591,100
1435258592,65
1435258593,81
1435258594,78
1435258595,77
1435258596,108
1435258598,79
1435258601,61
1435258602,74
1435258603,62
1435258604,61
1435258607,72
1435258614,85
1435258617,72
1435289762,124
1435289766,119
1435289775,89
1435289781,147
1435289782,108
1435289793,155
1435289799,172
1435289802,81
1435289846,79
1435289851,103
1435289854,78
1435289863,75
1435289869,83
1435289882,117
1435289892,113
1435289897,88
1435289902,143
1435289904,104
1435289923,129
1435289926,90
1435289932,113
1435289946,110
1435289955,103
1435289967,97
1435289976,86
1435289980,102
1435289982,147
1435289985,57
1435289987,101
1435289991,85
1435290000,78
1435290004,79
1435290005,63
1435290015,59
1435290017,74
1435290018,112
1435290022,62
1435290023,95
1435290029,71
1435290038,84
1435290039,79
1435290046,87
1435290048,100
1435290052,72
1435290060,77
1435290065,96
1435290067,59
1435290068,90
1435290073,97
1435290075,89
1435290081,113
1435290083,73
1435290084,90
1435290087,72
1435290094,63
1435290095,78
1435290107,83
1435290108,91
1435290109,69
1435290111,88
1435290121,66
1435290124,80
1435290126,72
1435290128,87
1435290135,72
1435290144,88
1435290153,67
1435290157,84
1435290173,108
1435290183,67
1435290184,79
1435290187,59
1435290190,70
1435290206,86
1435290208,62
1435290212,75
1435290213,112
1435290214,61
1435290225,65
1435290232,91
1435290233,81
1435290235,115
1435290237,85
1435290239,86
1435290247,97
1435290249,76
1435290251,93
1435290255,84
1435290265,87
1435290267,69
1435290269,82
1435290275,72
1435290281,106
1435290282,48
1435290283,56
1435290296,96
1435290302,68
1435290303,77
1435290304,80
1435290311,86
1435290315,44
1435290317,83
1435290322,98
1435290324,72
1435290326,81
1435290330,64
1435290343,102
1435290344,45
1435290346,54
1435290355,69
1435290360,92
1435290374,89
1435290378,77
1435290385,124
1435290389,103
1435290390,139
1435290401,92
1435290402,57
1435290404,81
1435290409,103
1435290416,80
1435290417,49
1435290419,75
1435290421,89
1435290423,110
1435290425,106
1435290428,72
1435290430,100
1435290432,77
1435290434,63
1435290447,61
1435290448,110
1435290449,89
1435290450,77
1435290451,109
1435290459,97
1435290461,78
1435290465,105
1435290467,115
1435290471,117
1435290473,60
1435290475,98
1435290477,66
1435290481,61
1435290485,89
1435290489,104
1435290496,58
1435290498,68
1435290500,75
1435290508,69
1435290509,65
1435290512,84
1435290513,104
1435290514,81
1435290516,79
1435290519,110
1435290520,68
1435290521,101
1435290522,126
1435290523,68
1435290524,90
1435290525,79
1435290526,67
1435290527,69
1435290528,59
1435290530,145
1435290531,75
1435290532,96
1435290533,61
1435290537,91
1435290540,98
1435290542,67
1435290543,64
1435290544,100
1435290545,61
1435290547,49
1435290549,67
1435290550,105
1435290552,53
1435290554,58
1435290555,72
1435290556,93
1435290558,73
1435290560,71
1435290565,95
1435290569,84
1435290570,75
1435290571,90
1435290572,94
1435290573,52
1435290578,74
1435290585,58
1435305299,70
1435305300,69
1435305304,68
1435305314,92
1435305315,156
1435305323,103
1435305327,106
1435305334,130
1435305336,131
1435305337,93
1435305343,136
1435305345,98
1435305346,102
1435305349,141
1435305350,147
1435305351,103
1435305357,130
1435305364,103
1435305366,87
1435305368,77
1435305370,95
1435305371,134
1435305379,112
1435305384,82
1435305385,160
1435305387,119
1435305391,111
1435305402,93
1435305403,124
1435305411,139
1435305413,128
1435305415,145
1435305416,80
1435305421,126
1435305423,87
1435305426,97
1435305428,103
1435305437,114
1435305451,150
1435305452,146
1435305454,90
1435305455,73
1435305456,72
1435305457,154
1435305458,79
1435305459,112
1435305465,84
1435305466,82
1435305467,92
1435305468,156
1435305469,93
1435305470,104
1435305471,100
1435305472,90
1435305474,93
1435305476,93
1435305477,124
1435305478,91
1435305479,87
1435305482,100
1435305484,134
1435305486,96
1435305487,69
1435305489,130
1435305490,94
1435305493,99
1435305496,145
1435305498,164
1435305500,61
1435305502,83
1435305504,161
1435305505,73
1435305506,91
1435305507,116
1435305508,88
1435305509,89
1435305510,137
1435305511,109
1435305512,103
1435305513,87
1435305514,92
1435305515,97
1435305516,78
1435305517,100
1435305518,133
1435305519,136
1435305520,91
1435305522,96
1435305523,142
1435305524,83
1435305528,98
1435305530,67
1435305531,118
1435305533,83
1435305534,114
1435305535,78
1435305537,93
1435305538,103
1435305540,109
1435305543,100
1435305547,151
1435305548,150
1435305549,100
1435305552,101
1435305555,71
1435305556,120
1435305557,82
1435305559,84
1435305560,97
1435305562,98
1435305564,74
1435305566,149
1435305567,157
1435305568,145
1435305569,100
1435305570,66
1435305571,80
1435305572,88
1435305573,103
1435305574,141
1435305578,119
1435305579,81
1435305581,96
1435305585,100
1435305586,81
1435305589,125
1435305596,81
1435305597,67
1435305598,87
1435305600,95
1435305602,145
1435305603,93
1435305605,93
1435305606,103
1435305607,107
1435305610,72
1435305612,77
1435305613,84
1435305616,112
1435305620,91
1435305622,131
1435305624,134
1435305628,74
1435305631,112
1435305632,85
1435305634,98
1435305636,80
1435305639,138
1435305642,112
1435305643,118
1435305644,120
1435305648,132
1435305649,96
1435305650,94
1435305653,140
1435305655,98
1435305658,125
1435305660,102
1435305663,111
1435305664,67
1435305666,89
1435305669,124
1435305673,113
1435305674,139
1435305678,126
1435305680,149
1435305683,142
1435305690,142
1435305707,67
1435305710,57
1435305711,64
1435305712,92
1435305713,68
1435305716,87
1435305717,76
1435305718,80
1435305719,101
1435305720,79
1435305721,84
1435305722,89
1435305723,88
1435305724,69
1435305725,88
1435305727,80
1435305728,95
1435305730,66
1435305731,108
1435305732,95
1435305733,83
1435305734,72
1435305735,77
1435305737,93
1435305738,96
1435305739,107
1435305740,69
1435305741,80
1435305742,90
1435305743,85
1435305744,90
1435305746,91
1435305747,96
1435305748,66
1435305749,46
1435305750,73
1435305751,103
1435305752,81
1435305753,89
1435305754,77
1435305755,80
1435305756,98
1435305757,119
1435305759,99
1435305760,117
1435305761,72
1435305764,70
1435305765,85
1435305767,88
1435305769,67
1435305770,106
1435305771,80
1435305772,70
1435305773,73
1435305774,98
1435305775,74
1435305776,84
1435305777,104
1435305778,96
1435305780,75
1435305781,102
1435305782,81
1435305783,83
1435305784,72
1435305785,77
1435305786,88
1435305787,66
1435305788,63
1435305789,89
1435305790,87
1435305791,59
1435305792,62
1435305793,79
1435305794,99
1435305795,121
1435305796,77
1435305797,72
1435305798,90
1435305801,81
1435305802,65
1435305803,89
1435305805,66
1435305806,75
1435305808,62
1435305809,63
1435305810,82
1435305811,94
1435305813,95
1435305814,70
1435330446,85
1435330449,64
1435330453,91
1435330454,54
1435330456,81
1435330459,64
1435330469,88
1435330472,91
1435330473,71
1435330477,74
1435330479,83
1435330480,81
1435330487,102
1435330489,65
1435330496,68
1435330500,96
1435330502,65
1435330504,59
1435330510,64
1435330512,85
1435330515,90
1435330519,56
1435330520,93
1435330521,91
1435330522,48
1435330523,96
1435330524,96
1435330530,47
1435330532,46
1435330533,73
1435330536,67
1435330547,49
1435330549,40
1435330550,56
1435330551,97
1435330552,57
1435330555,92
1435330556,88
1435330558,54
1435330559,72
1435330560,49
1435330561,87
1435330562,78
1435330565,80
1435330569,61
1435330571,61
1435330581,36
1435330582,44
1435330584,67
1435330588,62
1435330589,36
1435330592,51
1435330641,78
1435330652,80
1435330665,70
1435330668,45
1435330677,84
1435330679,70
1435330681,50
1435330704,67
1435330710,90
1435330711,72
1435330716,73
1435330719,53
1435330729,73
1435330732,74
1435330745,76
1435330749,63
1435330752,52
1435330754,35
1435330761,77
1435330768,65
1435330771,77
1435330777,78
1435330780,74
1435330781,72
1435330786,72
1435330790,66
1435330801,55
1435330804,83
1435330805,83
1435330814,67
1435330816,83
1435330821,87
1435330822,77
1435330828,76
1435330829,70
1435330837,67
1435330848,49
1435330850,78
1435330851,78
1435330864,58
1435330871,76
1435398633,76
1435398637,63
1435398639,51
1435398640,56
1435398642,46
1435398643,48
1435398646,43
1435398648,68
1435398652,47
1435398655,60
1435398657,31
1435398658,49
1435398659,112
1435398660,107
1435398663,78
1435398665,65
1435398666,44
1435398667,41
1435398682,75
1435398683,37
1435398684,58
1435398685,43
1435398688,57
1435398690,71
1435398693,59
1435398702,48
1435398704,43
1435398708,45
1435398712,50
1435398714,67
1435398715,74
1435398716,59
1435398718,53
1435398719,49
1435398727,75
1435398741,64
1435398755,61
1435398811,77
1435398817,94
1435398824,73
1435398885,87
1435398921,32
1435398947,36
1435398949,32
1435398966,69
1435398985,27
1435398993,49
1435398997,43
1435399017,64
1435399031,37
1435399074,42
1435399082,60
1435399096,55
1435417487,95
1435417489,77
1435417491,75
1435417495,108
1435417497,106
1435417500,131
1435417501,102
1435417502,114
1435417503,97
1435417505,91
1435417507,142
1435417511,96
1435417512,127
1435417518,92
1435417519,137
1435417523,103
1435417524,139
1435417525,170
1435417526,96
1435417527,107
1435417528,123
1435417529,116
1435417530,128
1435417531,192
1435417532,106
1435417533,135
1435417534,138
1435417535,124
1435417537,113
1435417538,148
1435417539,141
1435417540,158
1435417541,126
1435417542,156
1435417543,167
1435417544,165
1435417545,189
1435417546,119
1435417547,177
1435417548,181
1435417549,166
1435417552,156
1435417569,169
1435417571,127
1435417572,165
1435417573,149
1435417574,153
1435417575,156
1435417577,111
1435417578,136
1435417580,129
1435417581,159
1435417582,157
1435417583,168
1435417584,165
1435417585,151
1435417586,103
1435417587,143
1435417588,178
1435417589,145
1435417590,166
1435417591,191
1435417592,124
1435417593,155
1435417594,153
1435417595,134
1435417597,117
1435417598,128
1435417599,114
1435417600,165
1435417601,121
1435417602,137
1435417603,158
1435417604,139
1435417605,147
1435417606,126
1435417607,99
1435417608,171
1435417609,161
1435417610,147
1435417611,159
1435417612,114
1435417614,161
1435417615,112
1435417617,139
1435417618,110
1435417619,162
1435417620,130
1435417622,131
1435417623,109
1435417624,163
1435417643,116
1435417645,134
1435417647,131
1435417649,159
1435417651,112
1435417652,173
1435417654,134
1435417655,106
1435417656,118
1435417657,100
1435417658,141
1435417659,122
1435417660,178
1435417661,143
1435417662,118
1435417663,136
1435417666,105
1435417667,116
1435417668,116
1435417669,102
1435417670,118
1435417671,169
1435417672,148
1435417673,185
1435417674,116
1435417675,168
1435417676,128
1435417677,120
1435417678,167
1435417679,104
1435417680,146
1435417681,185
1435417684,141
1435417685,134
1435417686,121
1435417687,101
1435417688,175
1435417689,108
1435417690,122
1435417691,120
1435417692,176
1435417696,167
1435417697,118
1435417705,169
1435417707,97
1435417709,180
1435417710,99
1435417711,127
1435417712,103
1435417713,184
1435417714,178
1435417715,185
1435417716,110
1435417717,115
1435417718,129
1435417719,131
1435417720,96
1435417721,148
1435417722,158
1435417723,171
1435417724,137
1435417725,126
1435417726,154
1435417727,116
1435417728,154
1435417729,181
1435417730,124
1435417731,108
1435417732,161
1435417733,135
1435417734,135
1435417735,154
1435417736,156
1435417737,99
1435417738,162
1435417741,177
1435417742,103
1435417743,107
1435417744,157
1435417745,153
1435417749,133
1435417751,146
1435417760,149
1435417761,134
1435417764,115
1435417767,102
1435417768,131
1435417769,172
1435417770,143
1435417771,138
1435417772,174
1435417773,131
1435417776,142
1435417777,110
1435417778,164
1435417780,148
1435417781,157
1435417782,131
1435417783,131
1435417784,119
1435417785,192
1435417786,114
1435417787,167
1435417788,173
1435417789,113
1435417791,132
1435417792,105
1435417795,134
1435417796,172
1435417797,129
1435417798,190
1435417799,107
1435417800,128
1435417801,172
1435417802,186
1435417803,125
1435417804,156
1435417807,176
1435417810,167
1435417811,156
1435417812,96
1435417815,101
1435417816,147
1435417821,138
1435417822,116
1435417823,122
1435417828,131
1435417829,141
1435417830,144
1435417831,133
1435417832,111
1435417837,135
1435417838,147
1435417839,110
1435417841,145
1435417842,134
1435417843,164
1435417844,154
1435417846,150
1435417847,157
1435417848,107
1435417849,137
1435417850,86
1435417867,113
1435417872,113
1435417874,151
1435417877,94
1435417878,142
1435417880,88
1435417881,109
1435417883,149
1435417887,74
1435417889,102
1435417891,112
1435417893,132
1435417894,72
1435417896,149
1435417897,129
1435417899,142
1435417900,140
1435417904,183
1435417905,66
1435417907,158
1435417910,111
1435417912,104
1435417916,110
1435417917,129
1435417918,140
1435417923,118
1435417925,122
1435417927,136
1435417929,151
1435417934,139
1435417936,114
1435417937,118
1435417938,158
1435417939,100
1435417940,123
1435417948,90
1435417949,123
1435417951,132
1435417952,108
1435417953,119
1435417954,88
1435417955,146
1435417957,129
1435417966,121
1435417967,143
1435417968,82
1435417969,147
1435417972,144
1435417973,94
1435417975,108
1435417985,91
1435417986,131
1435417987,92
1436037835,123
1436037837,78
1436037838,90
1436037839,110
1436037844,137
1436037849,144
1436037850,172
1436037856,139
1436037859,173
1436037861,120
1436037865,158
1436037866,188
1436037867,126
1442626382,246
1442626390,345
1442626394,228
1442626400,269
1442626420,221
1442626425,300
1442626430,348
1442626446,296
1442626458,298
1442626464,257
1442626482,175
1442626486,220
1442626490,224
1442626504,211
1442626507,298
1442626509,221
1442626512,183
1442626532,250
1442626534,212
1442626535,214
1442626539,213
1442626542,229
1442626556,246
1442626561,287
1442626563,329
1442626565,307
1442626568,303
1442626591,329
1442626596,269
1442626599,292
1442626613,261
1442626618,239
1442626628,241
1442626632,211
1442626633,316
1442626645,197
1442626656,303
1442626665,325
1442626676,266
1442626681,195
1442626685,224
1442626696,242
1442626700,338
1442626715,296
1442626718,303
1442626720,236
1442626723,297
1442626746,309
1442626752,172
1442626768,220
1442626774,185
1442626777,234
1442626790,284
1442626801,277
1442626802,262
1442626813,327
1442626838,186
1442626840,195
1442626841,289
1442626842,336
1442626844,280
1442626846,221
1442626872,295
1442626874,299
1442626876,286
1442626878,217
1442626894,266
1442626898,300
1442626904,279
1442626907,266
1442626908,254
1442626913,287
1442626927,227
1442626931,237
1442626935,188
1442626941,178
1442626950,296
1442626953,179
1442626956,167
1442626963,317
1442626966,286
1442626969,160
1442626973,202
1442626980,288
1442626984,210
1442626994,242
1442626997,222
1442626999,186
1442627003,281
1442627011,172
1442627017,227
1442627019,196
1442627031,159
1442627033,194
1442627038,302
1442627043,200
1442627067,224
1442627068,202
1442627070,280
1442627072,237
1442627074,308
1442627076,267
1442627080,259
1442627095,237
1442627097,178
1442627104,310
1442627106,310
1442627108,210
1442627121,261
1442627123,198
1442627127,248
1442627129,279
1442627131,272
1442627164,220
1442627165,271
1442627169,269
1442627187,178
1442627193,258
1442627195,261
1442627216,247
1442627218,280
1442627219,157
1442627221,177
1442627223,185
1442627227,201
1442627256,238
1442627262,313
1442627275,247
1442627278,277
1442627281,220
1442627282,220
1442627311,277
1442627314,262
1442627318,212
1442627339,288
1442627350,205
1442627379,168
1442701148,262
1442701157,309
1442701176,233
1442701178,333
1442701194,259
1442701224,247
1442701285,294
1442701344,234
1442701392,240
1442701397,191
1442701398,217
1442701401,225
1442701419,191
1442701427,220
1442701428,182
1442701431,173
1442701433,238
1442701439,176
1442701440,246
1442701448,217
1442701457,195
1442701459,167
1442701461,219
1442701463,166
1442701465,222
1442701467,250
1442701469,235
1442701471,212
1442701472,277
1442701473,166
1442701474,270
1442701475,259
1442701476,207
1442701477,173
1442701487,173
1442701489,272
1442701490,182
1442701491,265
1442701492,217
1442701493,188
1442701494,232
1442701495,179
1442701496,206
1442701497,241
1442701499,180
1442701501,267
1442701503,246
1442785389,155
1442785410,190
1442785413,169
1442785419,226
1442785421,240
1442785425,274
1442785429,263
1442785432,173
1442785463,213
1442785466,185
1442785469,257
1442785471,169
1442785472,164
1442785473,155
1442785474,177
1442785476,149
1442785477,162
1442785494,251
1442785498,239
1442785501,173
1442785504,238
1442785508,194
1442785513,236
1442785524,181
1442785527,210
1442785530,187
1442785532,163
1442785534,210
1442785535,230
1442785537,243
1442785539,181
1442785542,199
1442785557,226
1442785559,126
1442785563,144
1442785568,179
1442785571,161
1442785572,156
1442785575,146
1442785578,203
1442785586,212
1442785589,225
1442785591,209
1442785597,178
1442785599,255
1442785602,215
1442785603,192
1442785621,165
1442785623,205
1442785626,197
1442785627,207
1442785628,218
1442785630,232
1442785632,236
1442785634,200
1442785635,236
1442785637,230
1442785650,138
1442785653,199
1442785655,148
1442785658,160
1442785660,160
1442785662,181
1442785663,129
1442785665,153
1442785667,131
1442785680,198
1442785683,223
1442785687,234
1442785689,175
1442785691,154
1442785693,218
1442785694,147
1442785697,229
1442785698,201
1442785708,190
1442785711,135
1442785713,126
1442785718,194
1442785723,166
1442785726,226
1442785728,190
1442785740,168
1442785741,145
1442785743,170
1442785745,137
1442785748,201
1442785752,181
1442785755,201
1442785772,163
1442785774,157
1442785872,119
1442785991,132
1442786063,130
1442814989,87
1442835603,100
1442835694,65
1442835733,75
1508734509,544
1508734511,360
1508734532,278
1508734536,214
1683062799,109
1683063179,101
1683064060,155
1683064136,148
1683064226,93
1683064282,79
1685895381,131
1685895394,127
1685895399,168
1685895403,108
1685895412,127
1685895420,107
1685895426,127
1685895432,135
1685895530,129
1685895567,153
1685895582,184
1685895585,144
1685895601,177
1685895614,132
1685895624,108
1685895639,167
1685895643,126
1685895649,156
1685895700,114
1685895705,116
1685895753,173
1685895931,123
1685896033,103
1685896095,120
1685896099,143
1685896135,166
1685896144,126
1685896159,177
1687021505,146
1687021531,149
1687021540,105
1687021555,101
1691768392,127
1691768502,99
1691824328,137
1691824360,164
1691824375,164
1691824410,115
1691824559,183
1691824760,156
1691824797,203
1691824844,172
1691824879,107
1691824893,128
1691824945,133
1691824953,184
1691824963,126
1691825003,144
1691825044,150
1691825081,115
1691825083,115
1691825102,124
1822504743,137
1830591643,181
1830611257,192
1830611265,136
1830611267,171
1830611269,123
1830611271,187
1830611276,115
1830624794,117
1830624798,94
1830624800,74
1830624803,123
1830624809,109
1830624819,98
1830624822,115
1830624834,138
1832757083,214
1832757090,190
1832757091,328
1832757092,251
1832757095,183
1832757096,211
1832759707,119
1832759709,202
1832759731,191
1832892886,361
1832892892,407
1832892898,276
1832898970,133
1832898974,173
1832899636,259
1832906027,320
1832906478,332
1832917990,236
1832927632,262
1832927633,209
1832927635,162
1832927636,171
1834007004,181
1834007005,143
1834044637,204
1834044641,221
1834044660,283
1834044669,264
1834050308,226
1834050316,222
1834050342,220
1834050350,246
1834050354,122
1834050368,262
1834050380,285
1834050382,320
1834050395,303
1834050419,212
1834050431,120
1834050444,236
1834050449,252
1834050452,363
1834050453,239
1834050462,251
1834050484,79
1834050490,134
1834050508,242
1834057796,200
1835214815,495
1835214835,413
1835383293,220
1835392657,284
1835392658,289
1835392671,386
1835392674,280
1835392699,322
1835400765,320
1835405429,318
1835428761,358
1877209174,202
1877209176,239
1877209178,175
1877209190,200
1877319924,110
1877319926,135
1877319938,181
1877319940,181
1877320127,110
1877320130,113
1877320133,158
1877320142,147
1877320173,165
1877320198,131
1877320224,178
1877320228,147
1877320233,114
1877320236,114
1877320245,165
1877320279,110
1877320312,158
1877320313,139
1877320314,141
1877320315,116
1877320316,172
1877320423,106
1877320451,91
1877320507,88
1877320571,130
1877320584,120
1877320585,75
1877320587,74
1877320588,86
1877320589,87
1877320591,104
1877320592,85
1877320594,123
1877320666,109
1877320670,84
1877320684,70
1877320721,102
1877320731,77
1877320732,142
1877320735,96
1877320736,108
1877320738,100
1877320749,108
1877320755,96
1877320757,93
1877320760,102
1877320763,128
1877320764,83
1877320765,96
1877320770,87
1877320776,102
1877320786,82
1877320792,142
1877320793,85
1877320799,129
1877320800,101
1877320808,119
1877320820,82
1877320826,110
1877320828,122
1877863712,117
1877863714,176
1877863715,150
1877863719,184
1877863723,175
1877863725,133
1877863728,112
1877863729,76
1877863730,113
1877863732,160
1877863733,98
1877863737,68
1877863738,114
1877863741,71
1877863748,100
1877863749,155
1877863752,84
1877863756,63
1877863758,183
1877863763,150
1877863767,109
1877863769,209
1877863771,151
1877863773,117
1877863782,125
1877863786,122
1877863787,173
1877863788,119
1877863792,125
1877863793,55
1877863795,76
1877863796,73
1877863798,86
1877863801,217
1877863804,120
1877863807,70
1877863811,82
1877863818,188
1877863821,53
1877863836,88
1877863851,47
1877863854,83
1877863867,95
1877863877,83
1877863879,78
1877863882,78
1877863884,86
1877863893,71
1877863896,57
1877863901,63
1877863922,71
1877863937,90
1877863943,58
1877863949,79
1877863957,85
1877863978,64
1877863980,69
1877864002,70
1877864003,92
1877864004,68
1877864005,58
1877864006,71
1877864007,61
1877864015,50
1877864020,89
1877864021,53
1877864027,54
1877864034,85
1877864035,76
1877864039,67
1877864043,93
1877864054,101
1877864056,61
1877864063,67
1877864082,81
1877864147,80
1877864171,111
1877864183,61
1877864185,87
1985586435,26
1985586449,62
1985586460,70
1985586474,53
1985586475,54
1985586502,87
1985586525,96
1985586529,70
1985586535,118
1985586537,78
1985586551,93
1985586555,89
1985586558,109
1985586559,67
1985586568,91
1985586594,74
1985586596,103
1985586601,94
1985586602,77
1985586623,70
1985586625,61
1985586627,62
1985586637,78
1985586638,68
1985586649,100
1985586654,73
1985586655,62
1985586658,49
1985586659,48
1985586672,66
1985586682,66
1985586688,57
1985586690,63
1985586696,52
1985586698,68
1985586699,24
1985586710,59
1985586711,44
1985586718,54
1985586731,25
1985586732,34
1985586734,41
2097601094,173
2097601102,313
2097601106,286
2097601108,354
2097601110,374
2097601112,321
2097601114,398
2097601119,436
2210728530,319
2210728531,263
2210729124,330
2210729127,235
2210729128,298
2210729129,209
2210729130,245
2210729131,318
2210736474,372
2210741533,197
2434529320,217
2434529321,201
2434529835,353
2434529836,280
2434529837,215
2434529838,203
2434552663,247
2434552667,192
2434552670,291
2434552673,286
2452261017,77
2452261018,53
2457404675,222
2457404684,214
2457404719,134
2457404721,158
2457404731,156
2457404736,179
2457404740,249
2457404742,240
2457404744,154
2457404750,199
2457404752,161
2457404755,170
2457404771,142
2457404775,222
2457404777,186
2457404778,251
2457404782,238
2457404807,150
2457404808,228
2457764873,153
2457764877,174
2457764879,192
2457764892,139
2457764893,155
2457764895,167
2457764900,152
2457764901,240
2457764908,169
2457764911,204
2457764912,253
2457764913,178
2457764915,158
2457764916,241
2457764917,138
2457764919,134
2457764922,189
2457764925,157
2457764926,219
2457764927,120
2621942760,506
2621942765,495
2621952976,251
2621952977,147
2621952986,281
2795623882,491
2795623883,431
2795623888,285
2795623889,295
2796287790,446
2796333899,249
2914440114,43
2914440119,100
2914440127,71
2914440440,118
2914440465,129
2917342567,567
2917342568,396
2917342569,511
2917342570,364
2917342572,366
2917342573,565
2917342574,351
2917342575,325
2917342577,523
2917342582,415
2917342583,423
2917342584,533
2917342586,368
2917342597,497
2917342598,406
2917342702,352
2917342703,521
2964007972,291
3027424400,280
3027424401,124
3027424412,565
3027424416,207
3027424418,252
3053419636,414
3053419637,329
3053419638,379
3053419639,409
3053419640,297
3053419642,264
3053419643,368
3053419644,400
3053419645,352
3053419646,430
3076669286,122
3076669287,119
3076669288,122
3076669290,180
3076669291,194
3076669292,196
3076669294,130
3076669295,181
3076669296,177
3076669297,149
3076669298,115
3076669299,70
3076669300,135
3076669301,121
3076669302,130
3076671265,160
3076671266,105
3076671267,158
3076671268,142
3076671271,168
3076671272,124
3076671273,158
3076671274,145
3076671276,182
3076671279,110
3076671280,102
3076671282,201
3076671283,110
3076671284,147
3076671285,107
3076671286,96
3076671287,145
3076671290,152
3076674348,266
3076674413,284
3076677517,242
3076677518,207
3076677519,173
3076677520,175
3076677523,180
3076677524,238
3076677962,63
3076677967,82
3076677972,75
3076677976,94
3076677980,111
3076677981,89
3076677982,81
3076677983,88
3076677989,109
3076677990,80
3076677992,105
3076677995,81
3076683349,72
3076684751,88
3103287686,149
3103289328,126
3103289332,122
3103289429,119
3103289430,121
3103289431,168
3103289530,161
3103289531,118
3103289629,147
3103289630,164
3103289748,167
3103289829,129
3103289830,160
3103289831,108
3103289833,178
3103289834,182
3103290149,189
3103290150,169
3103290151,193
3103290152,284
3103290537,262
3103290538,156
3103290539,160
3103290544,241
3103291929,203
3103291961,182
3103291963,248
3103291964,173
3103291966,152
3103292748,234
3103292749,231
3103292750,204
3103292751,247
3103292752,277
3103292753,170
3103292754,223
3103292755,172
3103292756,208
3103292757,202
3103295029,197
3103295030,177
3103296629,245
3138371514,114
3138371515,124
3138371516,112
3138371517,156
3138371518,126
3138371519,113
3138371520,136
3138371521,144
3138371522,123
3138371523,129
3138371524,140
3138371526,140
3138371527,116
3138371528,143
3138371529,92
3138371531,95
3138371532,132
3138371533,126
3138371534,105
3138371536,81
3138371548,92
3158917071,314
3158919883,300
3158919884,279
3158919886,241
3158919887,369
3158919888,259
3158919889,282
3158919890,234
3158919891,211
3158919892,204
3158919893,270
3158919894,264
3158925614,77
3158925618,81
3158925620,87
3158925629,127
3207495896,50
3207495897,86
3207495898,56
3207495900,89
3207495903,102
3207495905,70
3207495917,46
3207495920,119
3207495921,94
3207495924,56
3207495925,63
3207495928,86
3207495931,101
3207495935,76
3207495936,95
3207495939,92
3207495942,125
3207495944,62
3207495947,51
3207495952,63
3207495954,66
3207495956,50
3207495960,68
3207498361,67
3207498363,70
3207498366,78
3207498368,81
3207498372,55
3207498375,72
3207498384,92
3207498390,63
3207498391,107
3207498392,48
3230933261,151
3230933263,252
3230933264,276
3230933265,159
3230933525,237
3230933527,238
3230933663,183
3230974787,197
3265009424,154
3265009425,103
3265011183,192
3265021961,346
3265021963,138
3265021974,98
3265021987,155
3265021991,73
3265021992,82
3265021994,75
3265021996,92
3265022000,119
3265022003,106
3265022006,279
3265022009,67
3265022020,144
3265022021,142
3265022023,79
3265022024,93
3265022027,77
3265022034,150
3265022035,112
3265023701,350
3265027376,218
3265027377,224
3265027378,342
3265027381,273
3265027382,225
3265027383,246
3265027384,284
3265034883,294
3265034885,270
3265034886,326
3265034887,320
3265034888,253
3265036852,201
3265036853,129
3265036854,179
3265036855,148
3265036858,136
3265036859,143
3265036860,150
3265043068,95
3265043069,80
3265043070,98
3265043071,83
3265043074,85
3265043075,68
3265043076,82
3265043077,85
3265043079,100
3265043080,105
3265043081,67
3265043083,85
3265043084,85
3265043085,82
3265043086,64
3265043087,88
3265043088,94
3265043089,73
3265043090,83
3265043091,63
3265045031,103
3265045032,62
3265045033,68
3265045034,70
3265045035,94
3265045036,90
3265045037,56
3265045038,65
3265045039,99
3265045042,82
3265046053,65
3265046056,110
3265046057,67
3265046059,101
3265046163,77
3265046164,116
3265046165,109
3265046179,76
3265046184,101
3265046188,109
3265047239,108
3265047240,85
3265047993,89
3265050262,132
3265050526,63
3265050527,50
3265050528,78
3265050529,80
3265050533,85
3265051116,91
3265051119,124
3265051122,85
3265061161,92
3265061162,109
3293919974,198
3293919975,303
3293919978,71
3293919979,279
3293919980,88
3293919981,79
3293919982,67
3293919983,93
3293924369,209
3293924370,172
3293924371,287
3293924372,164
3293924381,218
3293924383,177
3293924384,182
3293924387,242
3293924388,144
3293924408,186
3293924412,170
3293924413,125
3293924414,235
3293924419,145
3293924422,216
3293928146,172
3293934213,108
3293934214,104
3293934215,110
3293934216,156
3293934217,139
3293934218,78
3293934219,106
3293934220,135
3293934222,81
3293936616,252
3293936617,215
3293936619,254
3293936623,244
3293936633,226
3293936641,238
3293936643,182
3293936644,236
3293936645,188
3293936646,164
3293936647,174
3293936649,168
3293936650,225
3293936651,149
3293937231,215
3293937232,171
3293937233,184
3293937234,170
3293973736,109
3293973751,119
3293979975,116
3293979980,82
3387440402,78
3387440414,68
3387440417,81
3387440420,316
3387442768,70
3387442784,98
3387442789,84
3387442940,107
3387447763,71
3387447765,69
3387447766,73
3387447768,52
3421866939,208
3421866948,396
3421891022,229
3421891028,231
3421891034,225
3421891040,249
3421891045,340
3421891068,208
3421891080,254
3421891081,327
3421891091,281
3421891105,238
3421892847,109
3421892858,83
3421892861,291
3421892866,58
3421892868,227
3421892870,73
3421895025,230
3421895027,133
3421895029,189
3421895464,231
3421895465,174
3421895470,253
3421900858,165
3421900859,170
3421900861,177
3421900862,157
3421900863,154
3421900864,208
3421900865,213
3421900867,184
3421900868,195
3421900869,230
3421900871,190
3421900872,208
3421900873,230
3421900874,162
3421900876,195
3421900877,232
3421900878,198
3421900879,227
3421903229,80
3421903231,85
3421903236,92
3421903237,70
3422911379,114
3422911382,88
3422911386,92
3422911389,60
3422911391,109
3422911392,79
3422911593,93
3422911594,109
3422911598,110
3422911600,90
3422911601,97
3422911606,44
3422911610,60
3422911616,75
3422911617,58
3422911620,70
3422911621,89
3422911628,96
3422911630,98
3422911632,117
3422911634,69
3422911644,109
3422911646,96
3422911649,79
3422912453,109
3422912455,58
3422912507,72
3422912514,72
3422912519,90
3422912520,81
3422912521,51
3422912522,102
3422912523,67
3422912524,62
3422912525,66
3422912526,64
3422912527,100
3422912528,61
3422912531,58
3422912533,62
3422912535,84
3422912541,97
3422912548,82
3422912549,97
3422912550,87
3422912554,61
3422912557,67
3422912559,72
3422912565,41
3422912567,43
3422913187,30
3436450315,429
3436450316,465
3436453905,401
3436454114,355
3436455362,558
3436455639,519
3436455640,334
3436455641,352
3436455642,349
3436457154,325
3436457155,325
3436457254,349
3436457256,532
3437164290,231
3437164561,164
3437164562,177
3437164573,185
3437164583,187
3437169594,243
3437173032,116
3437173042,120
3437173046,124
3437173050,111
3437174251,85
3437174253,85
3437185408,111
3437185411,81
3437185413,91
3437192399,86
3437192400,110
3437192402,156
3437192403,113
3437192404,103
3437192405,109
3437192408,109
3437192409,135
3437192410,131
3437192411,83
3437192413,118
3437192414,87
3437192416,134
3437192417,143
3437192418,152
3437195271,92
3437195273,92
3437196080,128
3437206836,327
3437206837,225
3437207796,293
3437207797,252
3437213998,126
3437213999,216
3437214511,225
3437214512,230
3439344258,250
3439344259,232
3439344260,252
3439344261,226
3439344262,268
3439344264,219
3439344266,161
3439344267,143
3439344269,252
3439344270,186
3439344271,178
3439344642,215
3439344643,169
3439347323,170
3439347324,194
3439347325,177
3439347326,217
3439347327,150
3439350613,170
3439350614,147
3439350616,189
3439350617,130
3439350619,140
3439352846,205
3439352847,150
3439352848,199
3439368483,90
3439369596,89
3439369600,87
3439369608,127
3439373975,89
3439374338,73
3439374340,85
3439374341,79
3439374342,101
3439374346,66
3439376898,60
3439376921,59
3439382215,25
3439382223,86
3439382228,66
3439382239,43
3450444880,357
3450444881,374
3450444883,265
3450444884,249
3450444885,282
3450445366,251
3450447201,282
3450447202,256
3450447203,132
3450447206,256
3450447208,209
3450447209,252
3450447210,208
3450447211,270
3450447685,340
3450459069,82
3450459071,73
3450459072,120
3450459075,68
3450459077,107
3450459080,62
3450459083,78
3450459092,92
3450459230,72
3450468401,96
3450468528,80
3450468529,98
3450468531,74
3450468532,114
3450468533,98
3450468534,95
3450468537,52
3450468538,99
3450468540,104
3450468544,82
3450468545,118
3450468546,73
3450468548,78
3450468549,121
3450469548,73
3450477506,85
3450477508,110
3450477509,103
3450477510,66
3450477513,79
3450477523,89
3450477524,80
3450479366,98
3450479367,112
3450479368,126
3450479369,138
3450480458,78
3450480459,70
3450480460,85
3450480461,68
3450480462,83
3450480463,116
3450480464,80
3450480465,50
3450480468,102
3450480470,112
3450480471,71
3450480472,104
3450480473,107
3450480474,84
3450480475,94
3450482614,106
3450482615,96
3450482617,100
3450482618,80
3450482619,86
3450482620,129
3450482621,99
3450482622,112
3450482624,70
3584693940,54
3610846861,524
3646399293,64
3646399294,91
3646399295,86
3646399296,99
3646399297,73
3646399298,71
3646399302,93
3646399303,80
3646399304,67
3646399305,99
3646399306,73
3646399307,60
3646399310,77
3646399312,84
3646399313,82
3646411352,87
3646411353,93
3646411354,70
3646411355,70
3646411356,56
3646411358,90
3646411359,64
3646411361,75
3646411362,81
3646411363,106
3646411364,62
3646411365,59
3646411366,97
3646411367,77
3646411368,93
3646411369,107
3646411370,110
3646411372,58
3646411374,98
3646411375,63
3646411378,94
3646411380,63
3646411382,65
3646411383,61
3646411384,98
3646418720,127
3646418725,74
3646418728,78
3646418729,74
3646418730,66
3646418732,99
3646418734,63
3646418735,110
3646418736,106
3646418737,65
3646418738,105
3646418740,113
3646418741,102
3646418742,102
3646418743,61
3646418746,62
3646418747,100
3646423838,70
3646423840,83
3646423841,90
3646423842,72
3646423844,57
3646423845,75
3646423846,94
3646423847,68
3646423848,54
3646423849,92
3646423850,87
3646423851,82
3646423852,87
3646423853,69
3646423854,100
3646423855,87
3646423856,62
3646423857,70
3646423858,75
3646423859,83
3646423860,82
3646423861,79
3646423862,96
3646423863,85
3646423864,89
3646423865,84
3646423866,86
3646423867,56
3646423868,80
3646423869,86
3646423870,59
3646423871,86
3649368660,197
3649368661,193
3649368662,228
3649368664,195
3649368665,240
3649368670,242
3649368671,164
3649368673,213
3649397205,164
3649397206,130
3649399033,193
3649399035,133
3649399036,238
3649399037,164
3649399038,153
3649399039,220
3649399043,177
3649399931,71
3649399932,101
3649399935,108
3649399937,68
3649399938,67
3649399939,118
3649400825,62
3649400826,97
3649400827,91
3649400829,99
3649400830,99
3649400831,113
3649401612,65
3649401613,96
3649401614,100
3649401615,82
3649401616,114
3649401617,90
3649401618,73
3649401619,108
3649401620,118
3649426230,72
3649426231,121
3649429119,95
3649429120,75
3649429121,91
3649429122,130
3649429123,88
3649429124,87
3649429925,126
3649429926,103
3649429927,85
3649429928,94
3649429929,126
3649429930,88
3649429931,126
3649429933,87
3649429934,108
3649429935,131
3649429965,96
3649429966,90
3649429967,101
3649429968,81
3649429969,89
3649429970,144
3649431496,112
3649431498,99
3649431499,90
3649431500,141
3649431501,114
3649431502,143
3649431503,106
3649431504,137
3649431506,99
3649431507,119
3649435383,192
3649435384,157
3649435385,164
3649435388,189
3649435389,189
3649435390,116
3649435391,127
3649435392,156
3649435394,179
3649435395,151
3649435396,139
3649435397,179
3649435398,102
3649435400,114
3649435401,122
3649435402,108
3649435403,164
3649435404,124
3649444750,62
3649444752,256
3649444754,225
3649444755,71
3649444757,80
3649444758,54
3649444759,97
3649444761,58
3649444762,64
3649444763,70
3649444764,240
3649444765,60
3649444766,70
3649444768,76
3649444769,41
3649444770,87
3649444772,67
3649444773,57
3649444774,91
3649444775,61
3649444776,87
3649445294,52
3649445297,68
3649445298,89
3649445299,56
3649445300,57
3649445301,76
3742403987,185
3742406537,146
3742406538,135
3742409591,129
3742409594,172
3742413880,123
3742413885,165
3742413886,106
3742413887,147
3742413889,125
3742416634,202
3742416636,202
3742416637,219
3742418945,256
3742418946,195
3742425188,46
3742425189,30
3742425190,82
3742425194,46
3742425195,42
3742425196,64
3742425688,77
3742425689,94
3742425690,78
3742425691,44
3742425692,73
3742425693,84
3742425694,47
3742425695,81
3742425696,70
3743784028,164
3743784029,183
3743784030,156
3743784031,189
3743784032,142
3743784033,154
3743784034,133
3743784035,157
3743784036,158
3743784037,154
3743784038,172
3743784039,116
3743784458,123
3743784460,200
3743784461,187
3743784462,163
3743784463,141
3743784464,159
3743784465,127
3743787331,152
3743787332,139
3743787333,135
3743787334,178
3743787336,159
3743787337,168
3743787338,135
3743787339,136
3743787340,143
3743787341,195
3743787342,145
3743787343,159
3743787345,160
3743787346,177
3743787347,125
3743787348,162
3743787349,214
3743787350,141
3743798184,87
3743798346,105
3743798347,124
3743799642,87
3743799646,90
3743860513,40
3743860521,37
3743874226,171
3743874227,138
3743874229,137
3743874230,190
3743874231,165
3743874232,211
3743874233,146
3743874234,181
3743874237,144
3743874238,189
3743874239,123
3743877700,149
3743877701,112
3743878412,172
3743878414,149
3743878415,213
3743878416,120
3743878417,173
3772205207,108
3772205208,73
3772205209,71
3772205210,91
3772205211,105
3772205212,132
3772205213,76
3772205214,113
3772205215,113
3772205216,112
3772209386,109
3772209387,131
3772209389,111
3772209390,139
3772209391,110
3772209392,109
3772209395,128
3772209397,123
3773363759,76
3773363760,99
3773363763,66
3773368716,88
3773368717,71
3773368719,85
3773368720,73
3773368722,52
3773368723,63
3773368724,55
3773368726,74
3773368727,93
3773368729,101
3773368733,94
3773368734,98
3773372171,259
3773372173,175
3773372174,167
3773372175,133
3773372176,176
3773372179,192
3773372180,180
3773374657,116
3773374663,67
3773374666,98
3773374667,80
3776107863,249
3776107865,185
3776107866,213
3776107867,215
3776107868,177
3776107869,198
3776107870,171
3776107871,217
3776107872,261
3776107873,191
3776107874,214
3776107875,258
3776107876,203
3776107877,255
3776107878,209
3776107879,127
3776107880,109
3776107881,104
3776107882,142
3776107883,160
3776107884,107
3776107885,125
3776107886,129
3776107887,126
3776107888,161
3776107889,158
3776107890,133
3776107891,113
3776107892,104
3776107893,111
3776112685,187
3776112686,110
3776112687,149
3776112689,121
3776112690,130
3776112691,142
3776112692,148
3776112693,175
3776112694,199
3776112695,191
3776112696,140
3776112697,119
3776112698,187
3776112699,190
3776112700,192
3776112701,156
3776112702,97
3776126652,60
3776126653,70
3776126654,48
3776126655,70
3776126656,54
3776127157,68
3776127158,59
3776127159,82
3776127162,306
3776127163,210
3776127164,383
3776127167,287
3776127168,289
3776127169,290
3776127173,278
3776128659,313
3776387349,146
3776387350,253
3776387351,162
3776387352,277
3776387353,232
3776387354,155
3776387355,217
3776387356,186
3776387657,267
3776387658,245
3776387659,210
3776387660,201
3776387661,280
3776387662,234
3776387663,215
3776387664,200
3776387665,185
3776387666,235
3776387667,233
3776387668,268
3776387669,223
3776387670,232
3776387671,192
3776387672,253
3776387673,208
3776392074,250
3776392076,194
3776392077,242
3776392079,260
3776392080,244
3776392081,207
3776392082,240
3776392083,176
3776392084,152
3776392085,251
3776392086,249
3776392087,150
3776392088,271
3776392089,212
3776392090,273
3776392091,254
3776392092,277
3776392093,268
3776392094,278
3776392095,241
3776392096,193
3776392097,215
3776392098,260
3776392099,179
3776392100,291
3776392101,190
3776392102,277
3777736383,210
3777736384,257
3777736385,271
3777736386,212
3777736387,248
3777736388,187
3777736389,283
3777736390,262
3777736391,192
3777736392,154
3777736393,220
3777736394,177
3777736395,257
3777736396,178
3777736397,266
3777736398,268
3777736399,250
3777736400,218
3777736401,175
3777736402,238
3777736403,226
3777736404,270
3777736405,191
3786405833,89
3786405848,163
3786405852,167
3786407057,107
3786407061,147
3786407101,130
3786407109,195
3786407111,174
3786407112,177
3786407113,162
3786407114,168
3786407117,187
3786407119,165
3786407120,189
3786407121,204
3786407123,218
3786407126,216
3786407129,164
3786407141,150
3786407147,264
3786407157,241
3786407160,252
3786407162,242
3786407163,205
3786407165,242
3786407167,186
3786407170,226
3786407172,248
3786407173,228
3786407174,164
3786407176,181
3786407178,170
3786407183,180
3786407185,261
3786407188,221
3786407205,171
3786407217,226
3786407223,202
3786407224,208
3786407227,187
3786407232,204
3786407241,229
3786407246,233
3786407250,232
3786407271,204
3786407313,206
3786407353,245
3786407354,277
3786407355,315
3786407356,120
3786407357,408
3786407358,227
3786407359,352
3786407360,294
3786407361,300
3786407721,393
3787515312,125
3787515323,133
3787515352,103
3805731546,48
3805731547,72
3805731554,70
3805731561,53
3805731569,44
3805731570,54
3805731575,79
3805731585,83
3805731596,89
3805731606,76
3805731611,61
3805731620,80
3805731622,73
3805731623,71
3805731624,61
3805731636,87
3805731639,86
3805731641,113
3805731650,116
3805731655,103
3805731657,145
3805731664,167
3805757645,267
3805757646,197
3815264730,112
3815264732,92
3815264734,90
3815264735,82
3815264736,148
3815264737,141
3815264738,134
3815264739,127
3815264740,135
3815264741,137
3815264742,155
3815264743,168
3815264748,126
3815264749,156
3815264750,156
3815264753,192
3815264754,155
3815264755,129
3815264756,126
3815265257,183
3815265258,146
3815265259,181
3815265261,179
3815265262,215
3815265263,184
3815265264,120
3815265267,203
3815265268,245
3815265269,174
3815265270,254
3815265271,207
3815265273,155
3815265275,163
3815265276,246
3815265277,253
3815265279,237
3815265280,172
3815265282,225
3815265283,163
3815265284,192
3815265285,224
3815265286,259
3815265287,192
3815265288,197
3815265289,162
3815265290,187
3815265292,146
3815265294,246
3815265295,143
3815265296,225
3815265297,170
3815265298,198
3815265299,174
3815265300,187
3815275023,287
3815275024,300
3815275025,350
3815275026,246
3815275027,288
3815275028,337
3815275029,235
3815275030,308
3815275031,345
3815275032,308
3815275033,284
3815275034,291
3815275035,270
3815275036,313
3815275037,340
3815275038,236
3815275040,362
3815275043,329
3815536755,179
3815536756,238
3815538257,264
3815538258,238
3815538259,273
3815538261,216
3815538263,279
3815538264,247
3815538265,266
3815538268,199
3815538269,230
3815538271,290
3815538272,171
3815538273,224
3815538274,276
3815538278,259
3815538279,275
3815538280,280
3815538281,335
3815538282,264
3815538284,271
3815538285,307
3815538289,298
3815538290,203
3815538291,243
3815538292,274
3815538297,299
3815538298,257
3815538299,287
3815538300,306
3815538301,215
3815538302,265
3815538303,260
3815538304,202
3815538306,244
3815538309,257
3815538310,295
3815538311,229
3815538312,173
3815538313,227
3815538314,278
3815538315,243
3815538317,236
3815538318,322
3815538319,212
3815538320,261
3815538321,257
3815538322,318
3815538323,314
3815538325,191
3815538326,323
3815538327,306
3815538328,330
3815538329,339
3815538330,317
3815538331,219
3815538332,242
3815538333,350
3815538334,285
3815538335,277
3815538336,335
3815538337,337
3815538338,311
3815538339,332
3815538340,211
3815538341,317
3815538344,333
3815538345,194
3815538347,219
3815538348,307
3815538349,267
3815538350,204
3815538353,240
3815538354,248
3815538355,243
3815538356,323
3815538357,294
3815538358,311
3815538359,189
3815538360,258
3815538361,235
3815538362,328
3815538363,341
3815538364,258
3815538365,342
3815538366,165
3815538368,236
3815538369,308
3815538370,217
3815541667,329
3815541670,210
3815541672,284
3826575981,146
3826575982,144
3826575983,171
3826575990,266
3826575995,222
3826575997,204
3826576013,140
3826576014,144
3826576015,150
3826576018,219
3826576019,164
3826576021,186
3826576025,205
3826576030,190
3826576039,155
3832483008,236
3832483009,326
3832525502,505
3832525508,336
3832525509,471
3832525510,307
3832525522,574
3832525523,586
3832525524,323
3832525525,450
3832525526,437
3832525536,556
3832525538,472
3838463161,159
3838463162,110
3838463163,109
3838463164,152
3838463166,185
3838463179,176
3838463183,185
3838463187,211
3838463188,160
3838463189,188
3838463190,179
3838463191,161
3838463192,182
3838463193,121
3838463194,165
3838463195,155
3838463196,114
3838463197,146
3838463198,127
3838463200,140
3838463201,111
3838463202,150
3838463203,154
3838463204,150
3838463205,115
3838463206,154
3838463207,115
3838463208,139
3838463209,133
3838463210,166
3838463211,131
3838463212,152
3838463213,167
3838463214,135
3838463215,176
3838463217,122
3838463219,145
3838463220,113
3838463221,151
3838463222,204
3838463223,165
3838463224,159
3838463225,141
3838463226,193
3838463227,148
3838463228,142
3838463229,202
3838463230,145
3838463231,154
3838463232,114
3838463233,125
3838463234,187
3840381310,220
3840381316,317
3840381327,197
3840381329,285
3840381330,312
3840381332,257
3840381333,252
3840381334,246
3840382455,356
3840382456,388
3840383059,266
3840383060,265
3840383061,283
3840383063,220
3840383995,245
3840383999,402
3840384007,281
3840384010,286
3840384018,381
3840384024,287
3840384025,270
3840384033,280
3842155527,220
3842155530,271
3842155538,296
3842155554,247
3842156563,246
3842156567,270
3842156573,217
3842156577,208
3842156591,176
3842171124,373
3842171140,132
3842171152,127
3842171155,221
3842295780,618
3842301654,422
3842302012,245
3842302013,388
3842302014,363
3842302015,258
3842302016,431
3842302017,395
3842302019,269
3842303813,424
3842303814,260
3842303820,291
3842308111,198
3842308114,185
3842308116,327
3842308119,288
3842308120,244
3849212557,495
3849212558,533
3859080222,105
3859080223,106
3859080225,106
3859425679,485
3859425688,405
3859425689,565
3859425706,348
3859425719,362
3859425720,432
3859431626,371
3861048826,344
3867205561,520
3867205563,415
3867205567,418
3867205571,394
3867205572,457
3867217319,285
3867217320,282
3867217321,414
3867217325,418
3867217332,387
3867217336,369
3867217337,299
3867217342,454
3867217352,391
3867217354,397
3867751651,71
3867751656,66
3867751861,49
3867751862,64
3867751870,45
3867751891,46
3867751904,64
3867751906,44
3867751908,49
3867751921,70
3867751926,65
3867751940,72
3867751948,81
3867752068,62
3867752089,78
3867752106,72
3867752107,89
3867752113,56
3867752114,45
3867752115,38
3867752119,76
3867752130,56
3867752139,67
3867752140,107
3867752149,95
3867752152,79
3867752155,69
3867752156,106
3867752159,74
3867752163,67
3867752171,115
3867752175,71
3867752178,140
3867752180,118
3867752181,114
3867752182,144
3867752183,165
3867752184,125
3867752185,172
3867752186,175
3867752190,182
3869425717,314
3869425718,517
3869425719,341
3869434600,438
3869434601,370
3869434602,434
3869434603,319
3869434608,412
3869434616,299
3869434617,298
3869434618,396
3869434620,339
3869434621,408
3869445887,402
3869445888,387
3869445891,405
3869445895,420
3869445902,464
3869445905,271
3869445906,374
3869445910,418
3869445911,298
3869445914,349
3869445916,351
3869445921,441
3869445924,398
3869445925,477
3869445927,451
3869445928,469
3869445932,366
3869455578,269
3869455579,342
3869455581,243
3869463422,310
3869463425,326
3869463441,429
3869463443,300
3869463444,235
3869463445,265
3869463446,243
3869463450,293
3869463451,341
3869463452,286
3869463453,333
3869463454,198
3869463567,257
3869466556,155
3869467357,142
3869467358,125
3869467359,112
3869467360,133
3869467361,161
3869467362,104
3869467363,152
3869467364,91
3869467365,95
3869467369,148
3869467370,150
3869467371,155
3869474915,98
3869474917,71
3869474918,56
3869474919,69
3869474920,64
3869474921,50
3869474922,95
3869474923,58
3869474924,68
3869474929,69
3869474931,85
3869474932,48
3869474935,76
3869474940,95
3869474954,54
3869477059,89
3869477063,88
3869477065,91
3869477066,91
3869477070,49
3869477072,76
3869477073,79
3869477078,77
3869477079,78
3869477080,53
3869477086,59
3869477092,78
3869477094,65
3869477095,41
3869477100,59
3869477101,87
3869477102,94
3869477105,81
3869477114,92
3869477115,90
3869477122,63
3869477127,58
3869477134,62
3869477135,59
3869477141,79
3869477150,68
3869477151,114
3869477152,85
3869477257,72
3869477271,103
3869477276,109
3869477277,70
3869477279,100
3869477281,110
3869477282,62
3869477283,102
3869477284,63
3869477286,89
3869477287,87
3869482018,65
3869482026,83
3869482032,75
3869486017,79
3869486018,67
3869486019,88
3869486020,115
3869486021,96
3869486024,114
3869486026,66
3869486028,108
3869486029,72
3869486031,81
3869486033,90
3869486034,114
3869486035,121
3869486037,110
3869486040,109
3869486045,96
3869486046,106
3869486050,77
3886105835,29
3887415587,461
3887429783,498
3887435964,394
3887438157,328
3895167234,366
3895167235,433
3895167236,364
3895167237,476
3895167239,325
3895167240,334
3895167241,378
3895167242,512
3895167243,391
3895167244,429
3895167245,481
3895167246,514
3895167247,389
3895167248,500
3895167249,382
3895167250,467
3895168559,411
3895172783,477
3895348515,590
3895348516,535
3895348517,572
3895348518,359
3895348520,503
3895348521,376
3895348523,378
3895348524,464
3895348525,525
3895348526,520
3895348527,562
3895348528,474
3895348529,578
3895348530,579
3895348531,557
3895348532,396
3895348534,469
3895348536,526
3895348537,592
3895359588,323
3895359589,409
3895359590,415
3895359591,411
3895359592,560
3895359593,332
3895359594,417
3895359595,518
3895359596,431
3895359598,361
3895359599,501
3895359600,464
3895359601,592
3895359602,541
3895359604,593
3895359605,353
3895378256,259
3895378628,106
3895378629,116
3895378630,102
3895378631,88
3895378632,78
3895378633,124
3895378634,124
3895378635,84
3895378636,128
3895378637,135
3895378638,85
3896079781,350
3896079782,477
3896079784,421
3896079785,439
3896082376,350
3896132335,377
3896132336,264
3896132338,453
3896132341,313
3896132342,427
3896132343,422
3896132344,395
3896132345,360
3896132346,282
3896132347,347
3896132348,360
3896132349,268
3896132350,257
3896132351,419
3896132359,293
3896132362,283
3896132383,248
3896132384,302
3896132385,260
3896150750,323
3896151169,275
3896151170,190
3896151171,271
3896151172,197
3896151173,327
3896151174,206
3896151175,227
3896151176,267
3896151177,224
3896151178,278
3896151179,269
3896151180,345
3896151181,214
3896151182,291
3896151183,312
3896151184,211
3896151185,305
3896151186,339
3896151187,323
3896151189,351
3896151190,321
3896151191,258
3896151192,352
3896151193,232
3896151194,298
3896151197,326
3896153992,527
3896153993,539
3896153996,325
3896153997,493
3896153998,321
3896153999,471
3896154002,447
3896154004,316
3896154011,490
3896471647,436
3896471651,458
3896471656,572
3896472358,488
3896472359,470
3896472364,317
3896472381,371
3896472383,324
3896472388,419
3896500062,246
3896500066,271
3896500072,313
3896500074,217
3896500078,280
3896500085,338
3896500087,220
3896587999,480
3896588000,320
3896588001,449
3896588002,524
3896588003,316
3896588004,416
3896588005,568
3896588006,388
3896588007,523
3896588008,496
3896588009,350
3896588010,503
3896588017,472
3896593359,344
3896593360,571
3896593361,448
3896593362,516
3896593363,374
3896593365,363
3896593366,532
3896593367,500
3896593368,403
3896593369,534
3896593370,456
3896593371,413
3896678411,341
3896678419,314
3896678420,296
3896678421,352
3896678422,261
3896678427,324
3896686706,433
3896686707,333
3896686708,357
3896695323,526
3896712210,87
3896712211,59
3896712217,73
3896712224,67
3896712227,91
3896712235,328
3896712239,316
3896712241,226
3896712243,319
3896712244,182
3896712245,249
3896712246,246
3896712247,268
3896712248,279
3896712249,171
3896712250,168
3896712251,252
3896712252,152
3896712253,217
3896712255,173
3896712256,185
3896712358,190
3896712359,249
3896712360,217
3896712363,196
3896712364,269
3896712366,159
3896712369,246
3896712370,197
3896712371,280
3896712372,169
3896712373,214
3896712374,218
3896712375,334
3896712376,273
3896712377,170
3896712378,199
3896712380,257
3896712382,254
3896712383,213
3896712384,209
3896712385,242
3896712390,244
3896712394,262
3896712397,388
3896712398,310
3896712399,231
3896712400,319
3896712401,252
3896712403,394
3896712404,222
3898116639,303
3898119742,429
3898120142,326
3898121560,297
3898296347,270
3898305387,238
3898305390,212
3898305393,148
3898305395,220
3898305396,146
3898305397,270
3898305398,181
3898305399,264
3898305400,151
3898305401,160
3898305402,210
3898305403,241
3898305404,271
3898305405,214
3898305406,198
3898335858,252
3898335859,372
3898335860,325
3898335957,426
3898336157,321
3898336158,417
3898339457,396
3898387049,231
3898387050,294
3898387051,376
3898387053,291
3898408957,281
3898408958,341
3898408960,242
3898408962,359
3898408963,273
3898409157,285
3898409159,246
3898409161,285
3898409163,211
3898409165,218
3898409457,262
3898409459,255
3898409460,308
3898409461,167
3898410057,227
3898410058,150
3898484057,197
3898484058,175
3898484060,160
3898484065,230
3898484066,263
3898484157,241
3898484458,176
3898484461,250
3898484560,232
3898484566,250
3898484567,179
3898484569,191
3898484660,219
3898484664,197
3898488257,233
3898488258,203
3898491461,175
3898491859,176
3900291522,64
3900291523,80
3900291526,58
3900291527,86
3900291528,73
3900291536,246
3900291538,313
3900291539,336
3900291540,272
3900291542,255
3900291544,297
3900291545,391
3900291546,302
3900295751,64
3900296810,100
3900296815,65
3900296817,94
3900296818,62
3900296820,128
3900296821,276
3900296824,267
3900296825,248
3900296836,311
3900296837,316
3900296843,298
3900296957,241
3900328338,70
3900328339,62
3900328340,96
3900328341,95
3900328342,125
3900328343,59
3900328345,77
3900328346,75
3900328347,111
3900328349,114
3900328351,81
3900328355,76
3900329160,82
3900329167,91
3900329172,111
3900329177,111
3900329178,77
3900329185,87
3900329186,98
3900329189,61
3900329191,90
3900329458,99
3900329460,89
3900329461,67
3900329463,82
3900329464,108
3900329465,84
3900329466,111
3900329467,94
3900329468,97
3900329469,126
3900329470,89
3900329471,80
3900329473,53
3900329474,106
3900329475,109
3900329476,112
3900329477,67
3900329478,107
3900329479,83
3900329481,95
3900329482,86
3900329483,85
3900329485,92
3900329489,80
3900334018,259
3900334024,210
3900334029,333
3900334030,237
3900334031,299
3900334032,361
3900334033,314
3900334035,233
3900336475,383
3900336476,315
3900337980,237
3900337981,312
3900337982,395
3900337983,330
3900337984,417
3900337985,396
3900337986,341
3900337987,316
3900337988,402
3900337989,327
3900345759,173
3900345760,193
3900345770,271
3900345771,198
3900345772,182
3900345774,163
3900345775,158
3900345776,268
3900345778,235
3900345779,258
3900345781,269
3900345783,212
3900345784,283
3900345785,298
3900345786,263
3900354510,251
3900354511,223
3900354512,271
3900354514,177
3900354515,267
3900354516,211
3900354517,237
3900354519,287
3900354520,250
3900354521,170
3900354522,270
3900354523,293
3900354524,289
3900354525,293
3900354526,281
3900354527,340
3900354529,244
3900354530,245
3900354531,324
3900354532,322
3900354533,210
3900354534,217
3900354536,248
3900354538,300
3900354539,286
3900354540,273
3900354541,205
3900354542,246
3900354543,307
3900354544,241
3900354545,206
3900354547,239
3900354548,322
3900354549,269
3909471390,183
3909471391,202
3909471537,233
3909480704,97
3909480705,89
3909480706,74
3909480708,86
3909480709,121
3909480710,137
3909480711,98
3909480712,127
3909480713,92
3909480714,125
3909480716,72
3909480720,94
3909480722,127
3909480725,124
3909480726,124
3909480728,125
3909480729,126
3909480730,121
3909480732,97
3909480733,100
3909480735,119
3909480737,115
3909480738,131
3909480739,101
3909480740,87
3909480741,92
3909480744,101
3909480746,59
3909482574,129
3909482575,78
3909483968,92
3909483969,118
3909483970,97
3909483971,115
3909483972,75
3909483973,97
3909483974,103
3909483975,128
3909483976,66
3909484414,91
3909484415,111
3909484416,131
3909484417,124
3909484460,121
3909484461,103
3909484462,108
3909484463,120
3909484464,121
3909484465,118
3909484466,119
3909484467,124
3909484468,78
3909484469,87
3909485164,107
3909485165,85
3909485166,67
3909485167,82
3909485168,89
3909485169,97
3909485174,101
3909485175,62
3909485176,82
3909485177,60
3909485178,103
3909485179,80
3909485180,108
3909485181,105
3909485182,109
3909489408,60
3909489409,82
3909489410,62
3909489411,45
3909490869,53
3909491042,59
3909491043,50
3909491044,65
3909491045,50
3909491773,68
3909491774,47
3909491780,64
3909491784,57
3909491785,61
3909491790,51
3909491793,67
3909491796,27
3909491799,70
3909491803,39
3909491806,77
3909491810,79
3909491811,65
3909491958,84
3909491959,49
3909491961,73
3909491963,57
3909491965,68
3909491967,42
3909491969,56
3909491971,67
3909491976,56
3909491979,52
3909491984,73
3909491989,75
3909494164,89
3909494165,100
3909494166,137
3909494167,136
3912635662,297
3912639597,438
3912639780,316
3931586598,81
3931586610,61
3931586614,60
3931586621,55
3931586622,65
3931586623,48
3931586624,72
3931586637,57
3931586645,58
3931586656,66
3931785712,311
3933503642,230
3933503643,269
3933503644,334
3933503645,208
3933513587,399
3933513588,326
3933513589,334
3933513590,334
3933513591,234
3933513592,273
3933513593,372
3933513594,300
3933513595,328
3933513596,399
3933513597,228
3933513599,309
3933513601,290
3933513602,225
3933513604,354
3933513605,354
3933513606,244
3933513608,346
3933513611,195
3933522956,478
3933524558,443
3933524561,303
3933524566,393
3933524567,408
3933524569,294
3933524571,296
3933524573,350
3933563520,201
3933563521,195
3933563522,205
3933563523,247
3933563524,220
3933564657,221
3933815131,285
3941039056,210
3941039057,267
3941039062,185
3941039063,266
3941039067,224
3941090070,282
3941121875,267
3941121876,319
3942873859,113
3942884017,217
3942884018,149
3942884019,121
3942884020,171
3942884021,141
3942884022,174
3942884024,196
3942884025,193
3942884026,169
3942884027,222
3942884028,172
3942884029,124
3942884030,171
3942884031,139
3942884032,93
3942884033,106
3942884034,128
3942884035,130
3942884036,128
3942884038,119
3942884039,163
3942884040,151
3942884041,91
3942884042,96
3942884043,144
3942884045,107
3942884046,121
3942884048,151
3942900071,159
3942900076,132
3942900086,224
3942900092,224
3942900093,251
3942900100,187
3942900102,246
3942900103,202
3942900104,145
3942900105,184
3942900106,228
3942900112,182
3942900118,207
3942900124,203
3942900129,249
3942900131,153
3942900134,196
3942900137,217
3942900139,227
3942900141,295
3942900143,204
3942900144,284
3942900145,255
3942900146,184
3942900147,317
3942900148,183
3942900149,334
3942900150,292
3942900151,336
3942900152,223
3942900257,259
3942900258,200
3942900260,344
3942900261,288
3942900262,308
3942900264,290
3942900265,239
3942900266,271
3942900267,351
3942900269,200
3942900270,275
3942900271,350
3942900278,351
3942900280,338
3942900281,249
3942900282,233
3942900284,212
3942900285,323
3942900288,221
3942900289,346
3942900294,237
3942900295,204
3942900299,176
3942900301,265
3942900303,193
3942900306,198
3942900307,200
3942900311,228
3942900314,327
3942900316,243
3942900317,213
3942900319,200
3942900326,197
3942907837,385
3942907838,304
3942915104,181
3942922821,66
3942922825,80
3942922827,108
3942922833,81
3942922836,114
3942922837,72
3942922843,113
3942922844,78
3942922845,117
3942922848,135
3942922850,134
3942941109,83
3942941120,47
3942941176,118
3942941187,115
3942941189,69
3942941194,69
3942941212,105
3942941224,66
3943241615,358
3943241619,287
3943241623,320
3943241624,213
3943241626,315
3943241630,262
3943241633,282
3943241634,179
3943276235,257
3943276239,271
3943276241,242
3943282238,214
3943282239,119
3943285740,133
3943285743,194
3943285746,139
3943298896,114
3943298898,151
3943298902,128
3943307780,105
3943307788,98
3943307789,79
3943307803,113
3943307807,121
3943307810,73
3943307813,110
3943307815,100
3943307819,99
3943307823,109
3943307834,72
3943307837,94
3943307844,73
3943307845,109
3943307851,102
3943307855,72
3943307856,79
3943311257,193
3943311264,104
3943311266,93
3943311277,85
3943311278,116
3943311280,93
3943311283,129
3943311287,110
3943344677,184
3943344678,273
3943344679,216
3943344680,193
3943344681,285
3943344682,215
3943344683,329
3943344684,283
3943344685,219
3943344686,333
3943344687,274
3943344689,213
3943344690,262
3943344691,337
3943344692,246
3943344694,266
3943344695,259
3943344696,233
3943344697,206
3943344698,268
3943344699,337
3943344701,305
3943344702,200
3943344705,242
3943344706,197
3943344707,240
3943344708,288
3943344709,246
3943344710,323
3943344711,259
3943344712,294
3943344713,346
3943344715,308
3943344716,323
3943344717,317
3943344718,266
3943344719,246
3943344720,248
3943344722,320
3943344723,203
3943344725,340
3943344727,233
3943344729,303
3943344730,236
3943344731,336
3943344732,189
3943344733,243
3943344735,332
3943344736,240
3943344737,236
3943344738,358
3943344740,329
3943344741,213
3943344742,287
3943344743,232
3943344744,229
3943344745,294
3943344746,217
3943344747,272
3943344748,239
3943344750,341
3943344751,288
3943344752,235
3943344754,350
3943348257,336
3943348258,243
3943348261,361
3943348263,245
3943348264,251
3943348266,268
3943348269,230
3943348270,323
3943352790,345
3943352791,420
3945270423,105
3945270427,113
3945272890,64
3945272891,74
3945272892,121
3945272893,109
3945272894,115
3945272896,109
3945272897,81
3945272898,75
3945272899,92
3945272900,116
3945272901,88
3945272902,69
3945272903,108
3945272904,81
3945272905,101
3945272906,71
3945272908,99
3945272909,94
3945272910,81
3945272911,116
3945272912,74
3945272913,121
3945272914,108
3945272915,102
3945272916,120
3945272918,108
3945272919,76
3945272920,97
3945272921,85
3945272922,94
3945272923,122
3945272924,98
3945276653,99
3945276655,115
3945276764,129
3945276974,102
3945276986,113
3945278376,387
3945284023,444
3945284024,433
3945284025,549
3945284026,378
3945284027,395
3945284028,482
3945284029,541
3945284030,337
3945284087,364
3945284088,559
3945284089,512
3945284090,400
3945284091,402
3945284092,433
3945284093,486
3945284094,456
3945290492,156
3945290493,106
3945290501,158
3945290506,80
3945290776,96
3945290777,56
3945290778,62
3945301386,140
3945301392,126
3945301396,160
3945301397,192
3945303543,350
3945303544,273
3945303545,273
3945304143,253
3945304144,344
3945304145,244
3945304147,262
3945322046,85
3945322048,86
3945322049,108
3945322051,78
3945322052,81
3945322053,124
3945322055,61
3945322056,109
3945333957,96
3945333960,96
3945333962,130
3945333963,56
3945333964,129
3945333965,97
3945333967,90
3945338948,129
3945338949,107
3945338952,118
3945338953,98
3945338954,85
3945338955,112
3945339822,95
3945339828,71
3945339829,95
3945339830,60
3945339831,87
3945339833,107
3945339837,83
3945339838,56
3945339839,67
3945339840,57
3945339841,78
3945339842,95
3945339843,66
3945339844,60
3945339845,65
3945339846,76
3945339847,77
3945339848,64
3945339849,85
3945339850,56
3945341057,80
3945341058,70
3945345682,74
3945346660,92
3945346663,121
3945346664,105
3945346665,142
3945346666,120
3945346667,97
3945366513,101
3945366514,106
3945366524,61
3945366549,109
3945382233,95
3945382238,63
3945382244,71
3945382252,53
3945382464,73
3945382471,103
3945382487,30
3945420895,170
3945431864,151
3945431867,172
3945431868,207
3945431869,151
3945431870,165
3945433400,163
3945433402,190
3945433407,202
3945433410,213
3945433411,179
3945433413,190
3945433415,172
3945433417,189
3945433422,175
3945433432,182
3945433434,144
3945435333,68
3945435334,151
3945435335,88
3945435344,169
3945435345,136
3945435347,130
3945435348,118
3945435352,130
3945435356,128
3945438359,111
3945438361,97
3945438362,81
3945439366,60
3945439367,91
3945449672,50
3945449673,67
3945449674,72
3945449675,53
3945449677,78
3945449679,43
3945449680,62
3945449681,59
3945449682,44
3945449683,50
3945449684,66
3945449685,45
3945449686,85
3945449687,63
3945449688,27
3945449692,31
3945449694,46
3945449695,68
3945449696,60
3945449698,42
3945449699,61
3945449700,58
3945449701,63
3945449702,43
3945449703,52
3945449704,54
3945449705,66
3945449706,66
3945449707,51
3945449708,59
3945449709,66
3945449710,51
3945449711,62
3945449713,68
3945449714,51
3945449715,61
3945470362,66
3945470363,70
3945470364,54
3945470365,62
3945470366,44
3945470370,49
3945470371,71
3945470372,78
3945470374,87
3945470375,57
3945470376,55
3945470378,61
3945470379,83
3945470380,66
3945470381,41
3945470382,92
3945470383,51
3945470384,48
3945470385,66
3945470386,73
3945470387,80
3945470389,60
3945470390,74
3945470391,68
3945470393,54
3945470395,85
3945470396,78
3945470397,87
3945470398,77
3945470399,69
3945470400,65
3945470402,64
3945470403,59
3945470404,65
3945470405,75
3945470408,49
3945470409,84
3945470410,55
3945470411,46
3945470412,82
3945470413,47
3945485552,73
3945485555,79
3945485560,78
3945494391,92
3945494392,71
3945494393,58
3945494394,88
3945494395,63
3945494396,101
3945494397,83
3945494399,91
3945494401,102
3945494402,84
3945494403,97
3945494407,84
3945494408,62
3945494409,95
3945494412,67
3945494413,110
3945494414,75
3945494416,53
3945494417,72
3945494420,63
3945498266,83
3945498270,95
3945498272,64
3945498274,73
3945498276,93
3945498278,56
3945498281,92
3945498283,92
3945498284,63
3945498285,74
3945498286,40
3945498288,69
3945498289,44
3945498290,69
3945498291,102
3945498292,51
3945498294,68
3945498296,126
3945498299,61
3945498300,64
3945498304,79
3945498306,102
3945498308,104
3945504082,84
3945504083,91
3945504084,40
3945504085,74
3945504087,58
3945504089,93
3945504090,95
3945504094,66
3945504103,92
3945504104,96
3945504105,59
3945504107,82
3945504111,100
3945504112,66
3945504113,54
3945505615,97
3945505618,74
3945505619,74
3945505620,87
3945505621,83
3945505622,70
3945520805,56
3945520806,86
3945520808,71
3945520812,87
3945520817,106
3945520821,61
3945520824,97
3945520825,87
3945520826,96
3945532458,62
3945532459,66
3945532460,83
3945532461,92
3945532462,113
3945532463,73
3945532464,76
3945532465,61
3945532466,84
3945532467,89
3945532468,92
3945532469,80
3945532471,98
3945532472,58
3945532473,76
3945532474,80
3945532475,77
3945532476,89
3945532477,82
3945532478,57
3945532479,61
3945532480,77
3955010465,426
3955010466,388
3955010467,377
3955010468,284
3955010474,488
3955010475,430
3955010476,429
3955011677,368
3955011678,344
3955011679,352
3955011682,305
3955011684,473
3955011685,365
3955011686,378
3955015891,540
3955015892,389
3955015893,422
3955015895,393
3955015896,369
3955015899,298
3955015901,516
3955015902,431
3955015903,483
3955015904,546
3955024858,290
3955024859,459
3955024860,327
3955024861,416
3955086923,470
3955086924,290
3957860445,123
3957860450,99
3957862098,71
3957865300,75
3957867245,109
3958094575,94
3958094576,79
3958094577,95
3958094579,69
3958094582,139
3958094583,87
3958094584,109
3958094585,117
3958094586,107
3958094587,120
3958094589,140
3958094590,82
3958094591,92
3958094592,110
3958094595,72
3958094596,115
3958094597,73
3958094598,129
3958094599,119
3958098181,93
3958098182,86
3958098183,117
3958098184,105
3958098185,109
3958098186,111
3958098187,64
3958098188,67
3958098189,75
3958098190,101
3958098191,100
3958098192,56
3958098193,129
3958098195,67
3958098196,105
3958098197,89
3958098198,87
3958098199,66
3958098201,105
3958098202,109
3958098203,83
3958098204,95
3958098206,108
3958098207,94
3958098208,110
3958098209,88
3958098210,113
3958098211,105
3958098212,73
3958098213,112
3958098214,89
3958098215,124
3958098216,105
3958098218,71
3958098219,117
3958098221,64
3958098222,129
3958098223,135
3965349018,378
3965349019,338
3965879358,376
3965879359,364
3965890836,346
3965903027,536
3965903029,385
3965903030,360
3965903035,354
3965903037,563
3965903039,553
3965903041,398
3965903042,373
3965903043,521
3965903044,420
3965903045,563
3965914040,190
3965914041,169
3965914046,121
3965914049,180
3965914050,214
3965914053,147
3965914056,204
3965917088,150
3965917089,208
3965926776,224
3965926777,167
3965931176,145
3965931177,107
3965931178,133
3965931179,183
3965931181,136
3965931182,192
3965931184,125
3969937191,342
3969937192,407
3969996008,102
3969996015,95
3969998042,81
3970005490,73
3970005509,73
3970006161,40
3970745307,442
3970745317,404
3987373881,485
3987373883,480
3987373884,465
3987373885,548
3987373886,337
3987373887,554
3987373888,331
3987373890,396
3987373892,471
3987373893,396
3987373894,486
3987373895,525
3987373896,539
3987373897,354
3987373898,356
3987857332,241
3987857335,293
3987857338,226
3990403712,65
3990404445,36
3994804172,444
3994804251,421
3994807848,231
3994807849,347
3994807850,269
3994808374,342
3994808413,352
3994808437,473
3994808438,401
3994808439,292
3994808558,366
3994808824,514
3994808926,232
3994809330,394
3994809515,272
3994809709,252
3997182875,537
3997426758,20
3997426760,60
3997426765,40
3997426774,57
3997426842,58
3997426853,65
3997426864,35
3997436220,62
4008821691,269
4008821736,240
4008821771,308
4008821780,254
4008821781,190
4008821787,323
4008821992,225
4008821993,178
4112120623,541
4112120624,456
4112120625,495
4112120626,345
4112120627,410
4112120628,476
4112120629,371
4112120630,488
4112120631,367
4112120632,358
4112120633,308
4112120634,381
4112120635,369
4112120636,503
4112120637,455
4112120638,347
4112120639,450
4112120640,366
4112120641,415
4112120642,539
4112120643,490
4112120644,469
4112120645,379
4112120646,337
4112120647,494
4112120648,452
4112120649,463
4112120650,561
4112120651,391
4112120652,514
4112120653,448
4112120654,365
4112120655,316
4112120656,460
4112120657,383
4112120658,484
4112120659,488
4112120660,421
4112120661,438
4112120662,471
4112120663,429
4112120664,528
4112120665,325
4112120666,557
4112120667,309
4112120668,361
4112120669,485
4112120670,322
4112120671,373
4112120672,343
4112120673,495
4112120674,447
4112120675,323
4112120676,422
4112120677,354
4112120678,557
4112120679,332
4112120680,462
4112120681,426
4112120682,448
4112120683,551
4112120684,397
4112120685,494
4112120686,421
4112120687,479
4112120688,397
4112120689,358
4112120690,327
4112120691,330
4112120692,549
4112120693,510
4112120694,363
4112120695,442
4112120696,486
4112120697,398
4112120698,412
4112120699,493
4112120700,359
4112120701,440
4112120702,359
4112120703,303
4112120704,486
4112120705,484
4112120706,562
4112120707,352
4112120708,494
4112120709,554
4112120710,468
4112120711,557
4112120712,561
4112120713,507
4112120714,565
4112120715,464
4112120716,432
4112120717,544
4112120718,518
4112120719,332
4112120720,381
4112120721,372
4112120722,523
4112120723,364
4112120724,384
4112120725,438
4112120726,323
4112122790,539
4112122793,418
4119448149,369
4125342877,331
4125342879,415
4125342880,401
4125530428,97
4132729163,63
4133977159,492
4149803656,221
4169163579,42
4169163582,70
4172732016,121
4172732017,75
4172732019,85
4172732020,89
4172732021,114
4172732023,103
4172732024,89
4172732025,77
4172732028,100
4172732029,73
4172732030,97
4172732032,85
4172732033,84
4172732034,116
4172732046,103
4180784520,90
4180784523,79
4180784524,34
4180784525,52
4180784528,69
4180784529,94
4180784532,67
4180784533,78
4180784534,70
4180784538,54
4180784540,68
4180784545,66
4180784552,61
4180784562,101
4180784564,94
4180784567,117
4180784573,110
4180784580,108
4180784582,100
4180784585,91
4180784588,71
4180788391,109
4180788397,89
4180788398,77
4180788400,120
4335933106,69
4335933120,65
4335998611,43
4336761741,405
4336819741,90
4336828838,81
4336828840,93
4338044340,120
4338044345,76
4339568942,92
4339568945,82
4339568948,82
4339568950,100
4348160100,213
4361166564,46
4415574711,165
4415660257,111
4415992322,56
4415992324,84
4467023816,68
4467023817,81
4467023819,89
4509080046,78
4509080051,110
4509080052,95
4509080054,155
4509080055,151
4509080056,144
4509080059,102
4509080061,146
4509080494,87
4509080495,101
4509080498,130
4509080500,141
4509080509,166
4509080510,87
4509080511,112
4509080512,116
4509080514,100
4509080518,161
4509080519,119
4509080559,68
4509080565,107
4509080571,156
4509080572,139
4509080573,96
4509080580,76
4509080581,148
4509080596,76
4509080599,73
4509114917,77
4509114919,123
4509114920,67
4509114922,69
4509114942,60
4509114949,64
4607917816,327
4607917818,286
4607917819,328
4607927443,292
4607927447,344
4607927451,368
4632033052,223
4632802205,291
4632802212,210
4632802214,311
4636911086,414
4689577149,264
4733183743,202
4733183744,226
4733183745,286
4733183752,201
4733183753,64
4733183754,55
4733183760,79
4733183764,89
4733183765,66
4733183767,99
4733183768,90
4733183769,57
4733183770,51
4733183779,56
4733183780,94
4733183781,61
4733183782,84
4733183783,59
4733183784,66
4733183785,96
4733183786,96
4733183787,87
4733183788,76
4733183789,56
4733183790,53
4733183791,59
4733183792,53
4733183793,88
4733183795,95
4733183796,61
4733183797,66
4733183798,55
4733183799,96
4733183800,85
4733183801,92
4733183807,85
4733184321,79
4733184322,65
4733184323,84
4733184324,77
4733184326,72
4733184329,90
4733184330,87
4733184331,111
4733184332,90
4733184333,91
4733184335,113
4733184340,78
4733184343,96
4733184344,62
4733184345,99
4733184346,88
4733184347,74
4733184348,62
4733184349,73
4733184350,96
4733184351,98
4733184353,86
4733184354,99
4733184355,94
4733184358,58
4733184364,72
4733184365,76
4733184366,89
4733184367,73
4733184368,70
4733184377,91
4733184381,88
4733184382,43
4733184383,89
4733184386,56
4733184387,88
4733184388,59
4733184391,48
4733184392,95
4733184395,55
4733184397,88
4733184398,74
4733184404,52
4733184406,85
4733184407,68
4733184417,76
4733184419,90
4733184420,36
4733184421,73
4733184424,66
4733184425,76
4733184427,55
4733184428,70
4733184429,111
4733184430,61
4733184431,93
4733184432,78
4733184433,67
4733184434,63
4733184437,74
4733184441,85
4733184443,61
4733184444,97
4733184445,97
4733184448,62
4733184449,96
4733184450,101
4733184451,57
4733184452,101
4733184453,72
4733184454,93
4733184455,70
4733184456,104
4733184457,105
4733184458,111
4733184459,110
4733184460,64
4733184461,94
4733184462,72
4733184463,67
4733184464,70
4733184465,111
4733184466,98
4733184467,64
4733184468,86
4733184469,106
4733184470,79
4733184471,86
4733184472,98
4733184473,98
4733184474,86
4733184475,87
4733184476,71
4733184478,88
4733184480,78
4733184481,76
4733184483,77
4733184484,94
4733184485,95
4733184486,83
4733184487,68
4733184494,105
4733184495,67
4733184497,75
4733184498,64
4733184499,86
4733184500,77
4733184501,78
4733184502,99
4733184503,100
4733184504,62
4733184506,84
4733184507,118
4733184508,125
4733184509,101
4733184511,110
4733184515,98
4733184516,102
4733184517,59
4733184519,103
4733184521,92
4733184522,96
4733184530,86
4733184531,67
4733184532,88
4733184534,81
4733184536,75
4733184537,78
4733184539,59
4733184540,87
4733184541,79
4733184542,80
4733184543,61
4733184544,58
4733184545,66
4733184546,83
4733184548,96
4733184549,90
4733184551,92
4733184552,71
4733184553,59
4733184554,95
4733184556,78
4733184557,59
4733184558,78
4733184559,85
4733184560,68
4733184561,56
4733184562,83
4733184563,56
4733184564,88
4733184565,93
4733184566,103
4733184567,77
4733184568,59
4733184569,92
4733184570,80
4733184572,100
4733184573,108
4733184574,76
4733184575,108
4733184576,76
4733184577,83
4733184578,106
4733184579,67
4733184580,76
4733184581,103
4733184582,94
4733184583,75
4733184584,62
4733184585,90
4733184586,81
4733184587,80
4733184588,75
4733184589,79
4733184590,90
4733184591,105
4733184592,90
4733184593,88
4733184594,95
4733184595,65
4733184596,71
4733184600,56
4733184601,68
4733184602,99
4733184603,69
4744076827,97
4755093349,44
4755093351,33
4755093352,53
4755093353,48
4755093354,55
4755093356,78
4755093445,59
4755093450,70
4755093456,73
4755093457,58
4755093477,90
4755093488,44
4755093491,52
4755093492,55
4755093494,60
4755093495,60
4755093496,60
4755093499,70
4755093501,28
4755093505,70
4755093506,60
4755093508,58
4755093509,61
4755093510,29
4755093512,32
4755093513,80
4755093514,56
4755093515,46
4755093516,40
4755093517,38
4755093519,75
4755093523,60
4755093524,63
4755093530,56
4755093532,65
4755093534,58
4755093536,47
4755093538,77
4755093540,80
4755093541,61
4755093542,34
4755093543,65
4755093544,27
4755093545,52
4755093546,54
4755093556,45
4755093557,41
4755093558,39
4755093559,48
4755093562,69
4755093563,71
4755093579,27
4755093583,65
4755093584,56
4755093585,41
4755093586,57
4755093587,53
4755093588,50
4755093589,41
4755093590,48
4755093591,39
4755093592,47
4755093594,62
4755093596,55
4755093597,43
4755093598,53
4755093599,50
4755093601,67
4755093602,66
4755093608,48
4755093609,69
4755093611,44
4755093613,65
4755093614,40
4755093615,72
4755093617,72
4755093618,53
4755093619,29
4755093620,72
4755093721,46
4755093723,43
4755093724,53
4755093725,41
4755093726,66
4755093727,45
4755093728,55
4755093731,51
4755093732,56
4755093733,84
4755093734,49
4755093736,76
4755093737,73
4755093741,71
4755093742,72
4755093743,60
4755093747,70
4755093748,57
4755093754,75
4755093755,77
4755093756,67
4755093758,51
4755093759,80
4755093760,77
4755093761,41
4755093762,80
4755093763,62
4755093764,68
4755093766,37
4755093775,46
4755093776,64
4755093777,82
4755093779,57
4755093783,55
4755093784,73
4755093785,75
4755093786,81
4755128645,23
4787470828,116
4819524293,47
4819524296,27
4819524311,67
4819524312,57
4819524313,70
4819524322,30
4819524327,29
4819524328,61
4819524335,46
4819524336,52
4819524338,28
4819537562,53
4819537569,68
4819537579,27
4819537580,64
4819537585,38
4819537586,62
4819537592,35
4819537593,66
4819537597,73
4819537602,29
4819540214,43
4819580042,44
4819580050,59
4819580052,61
4819580056,50
4819580057,44
4819580064,26
4819580065,43
4819580073,37
4819580074,47
4819580087,71
4819580108,76
4819580117,53
4819581821,48
4819581831,57
4819581838,74
4819581841,56
4819581858,46
4819581861,78
4819581868,36
4819581873,33
4819581874,75
4819581877,46
4819581878,60
4819581879,32
4819581894,60
4819581897,51
4819581902,37
4819581903,51
4819581912,65
4819582129,71
4819582130,78
4819582132,44
4819582133,46
4819582143,31
4819582144,74
4819582148,31
4819905817,43
4819906432,69
4819906444,54
4819906445,44
4819906449,36
4819906450,47
4819906458,67
4819906466,48
4819906474,61
4819906489,47
4819906490,44
4819906496,40
4819906497,69
4819906502,42
4819906503,48
4819906504,76
4819906542,55
4819906571,27
4819906576,46
4819906581,60
4819906585,45
4819906599,71
4819906608,76
4819906617,44
4819906627,73
4819906634,80
4819906642,44
4819906674,44
4819906690,81
4819906720,73
4819906825,62
4819906839,77
4819906843,43
4819906860,55
4819906885,52
4819906902,62
4819907029,58
4819907050,57
4819907062,61
4819907066,46
4819907083,70
4819907084,35
4819907113,53
4819907223,49
4819907224,48
4819907235,41
4819907236,57
4819907246,80
4819907255,33
4819907256,45
4819907266,46
4819907272,58
4819931154,56
4819931166,48
4819931192,69
4819931219,58
4819931535,76
4819931537,42
4819931556,78
4819931561,42
4819931573,75
4819931574,71
4819931579,62
4819931582,71
4819931612,71
4819931620,46
4819931838,73
4819931857,55
4819958439,65
4819958452,49
4819958462,46
4819958478,46
4819958487,52
4819958493,46
4819958501,51
4819958517,67
4819959331,61
4819959332,82
4819959350,77
4819959360,52
4819971013,61
4819971325,61
4819971329,37
4819971335,65
4819971357,73
4819971365,45
4819971382,60
4819971397,75
4819971401,69
4819971410,81
4819971521,86
4820008426,52
4820008442,70
4820008457,72
4820008458,58
4820008461,53
4820008467,69
4820008469,56
4820008471,49
4820008473,64
4820008487,69
4820008504,44
4820008506,76
4820008508,29
4820008511,59
4820008512,38
4820008518,45
4820008520,40
4820008626,77
4820008630,58
4820008631,60
4820008632,74
4820008633,73
4820008634,45
4820008637,54
4820008638,59
4820008646,88
4820008650,73
4820008654,34
4820008655,77
4820008657,57
4820008658,54
4820008659,67
4820008662,34
4820008663,66
4820008667,57
4820008679,72
4820008708,103
4820008713,69
4820008716,79
4820008726,100
4820008731,64
4820021175,91
4820021196,82
4820021202,62
4820021203,94
4820021724,76
4820021727,65
4820021729,65
4820021730,93
4820021736,100
4820021737,74
4820021743,42
4820021745,60
4820021755,86
4820021756,73
4820021760,75
4820043004,73
4820043007,80
4820043013,64
4820043014,84
4820044121,67
4820044128,85
4820044136,59
4820069415,97
4820071028,76
4820071037,85
4820071049,97
4820071055,84
4820071063,120
4820071066,89
4820071070,82
4820071076,82
4820071084,96
4820071094,84
4820071095,142
4820071136,102
4820071137,118
4820071138,78
4820071146,84
4820071147,111
4820071150,53
4820071151,95
4820071153,76
4820117291,390
4820157116,96
4820157117,190
4820157829,170
4820157833,198
4820157834,188
4820157843,189
4820157846,178
4820157847,174
4820157850,193
4820157851,171
4820157852,118
4820157859,169
4820157860,120
4821829826,202
4821829835,172
4821829836,166
4821829854,135
4821829855,153
4821829864,118
4821829865,169
4821829870,140
4821829872,144
4821829890,153
4821829898,186
4821829899,137
4821829919,213
4821829920,176
4821829935,205
4821829936,148
4821829943,121
4821829944,225
4821829957,193
4821829958,134
4821829968,193
4821829983,146
4821876296,133
4821876298,189
4821876313,200
4821878430,225
4821878449,143
4821878450,177
4821878470,214
4821878484,191
4821878506,169
4821878515,175
4821878519,125
4821878532,178
4821878546,196
4821878554,97
4821878555,127
4821878565,167
4821878578,172
4821878597,151
4821878604,115
4821878627,167
4821896172,128
4821896173,189
4821903884,144
4821904315,157
4821904521,148
4821911400,196
4821911401,178
4821911413,170
4821911414,164
4821911418,166
4821911622,175
4821911630,150
4821913313,176
4821913316,130
4821913318,194
4821913927,153
4821913930,212
4821926626,225
4821926636,150
4821926646,203
4821926647,193
4821926648,265
4821926656,266
4821926664,255
4821926665,220
4821926666,255
4821926671,241
4821947944,272
4821947948,173
4821947958,295
4821947993,241
4821948000,195
4821948011,288
4821948014,248
4821948721,276
4821948723,155
4821948724,231
4821948727,254
4821948746,167
4821948753,264
4821948754,253
4821948757,207
4821948762,276
4821951118,172
4821966846,313
4821969481,334
4821969482,272
4821969483,195
4821975901,253
4821990571,240
4821990580,315
4821990581,231
4821991025,186
4822015285,237
4822015286,296
4822015287,300
4822015312,207
4822015316,218
4822015317,198
4822027622,205
4822027629,246
4822027636,307
4822027637,269
4822027645,194
4822027650,284
4822027651,329
4822027674,277
4822027685,254
4822027694,335
4822027706,207
4822027712,337
4822027714,343
4822041522,356
4822053236,217
4822053237,229
4822053238,345
4822053239,278
4822053240,260
4822053241,289
4822053249,180
4822053250,298
4822053251,331
4822053258,256
4822053259,259
4822053261,332
4822053262,290
4822053263,190
4822064698,285
4822064699,191
4822067047,214
4822067048,247
4822073981,173
4822090428,159
4822090429,236
4822090430,239
4822090439,287
4822090440,240
4822090442,311
4822090446,342
4822172002,188
4822172007,291
4822172008,191
4822172016,223
4822172017,225
4822172020,202
4822172223,164
4822172232,245
4822172233,282
4822172245,313
4822172261,297
4822172262,222
4822172274,185
4822172275,167
4822172276,237
4822172283,256
4822172297,208
4822172306,195
4822172317,224
4822172340,294
4822172347,219
4822172350,273
4822172353,204
4822172354,207
4822172358,199
4822172360,265
4822172361,261
4822172364,221
4822172368,181
4822172369,182
4822172374,165
4822172375,163
4822172376,190
4822172380,271
4822172384,293
4822172393,253
4822172404,274
4822172420,328
4822220004,315
4822220010,212
4822221624,192
4822221631,201
4822221632,269
4822221641,186
4822221658,224
4822221665,251
4822221671,267
4822221685,275
4822221689,308
4822511430,335
4822511467,377
4822511472,245
4822511516,376
4822511623,325
4822511635,258
4822511643,400
4822511650,363
4822511666,383
4822511670,396
4822511674,295
4822511694,268
4822511699,258
4822511711,392
4822511714,383
4822511727,422
4822511741,394
4822511742,353
4822511746,256
4822511754,239
4822511755,324
4822511764,402
4822511765,263
4822511772,416
4822511773,367
4822511787,295
4822511796,396
4822511808,359
4822511813,388
4822511935,308
4822511947,317
4822511952,228
4822511970,329
4822511971,369
4822511989,410
4822511990,390
4822511995,238
4822511997,378
4822611613,83
4822611614,76
4822611617,119
4822611731,130
4822611733,132
4822611734,124
4822611750,64
4822611754,67
4822611757,78
4822611758,87
4822611759,106
4822611766,60
4822611767,99
4822611774,105
4822611777,117
4822611778,100
4822611782,98
4822611784,115
4822611788,123
4822611790,98
4822611791,65
4822611793,142
4822611796,129
4822611797,92
4822611800,95
4822611807,97
4822611808,88
4822611809,93
4822611811,146
4822611813,88
4822611816,93
4822611822,138
4822611823,112
4822611828,123
4822611830,102
4822611831,86
4822611833,90
4822611835,117
4822611838,98
4822611839,143
4822611840,85
4822611844,110
4822611845,114
4822611847,119
4822611848,78
4822611852,111
4822611853,77
4822611857,80
4822611860,133
4822611862,70
4822611866,61
4822611867,138
4822611869,96
4822611870,107
4822611876,99
4822611877,121
4822611882,77
4822611883,103
4822611886,104
4822611907,92
4822611908,117
4822611911,100
4822611912,82
4822611919,83
4822611920,117
4822611923,76
4822611924,118
4822631576,84
4822631577,80
4822631585,119
4822631589,106
4822631595,74
4822631599,121
4822685561,73
4822685566,69
4822685574,111
4822685578,85
4822685581,81
4822685582,81
4822685586,71
4822685587,76
4822685596,117
4822685600,125
4822685606,95
4822685615,97
4822685619,131
4822686223,78
4822686229,119
4822686230,98
4822686233,89
4822686234,95
4822686235,65
4822686239,71
4822693903,70
4822693904,79
4822693916,141
4822693918,82
4822694121,69
4822694132,82
4822711340,95
4822711346,105
4822718264,73
4822718266,89
4822718267,117
4822718272,63
4822718273,116
4822718280,70
4822718286,72
4822718287,122
4822718288,134
4822718293,90
4830728149,206
4830749539,216
4830749545,255
4830749554,278
4830749555,191
4830749559,318
4830749563,325
4830749566,222
4830749567,354
4830749570,339
4830749571,232
4830749586,281
4830749589,343
4830755276,354
4830755277,240
4830755278,295
4830755279,320
4830755280,341
4830763357,209
4830766377,281
4830766378,344
4830766379,199
4830766380,274
4830766381,295
4830766382,299
4830766383,318
4830766384,207
4830767489,341
4830774277,254
4830774278,349
4830787390,217
4830787396,171
4830787397,316
4830787399,344
4830787400,280
4830787403,274
4830805487,324
4830805495,534
4830811221,394
4830811224,574
4830816870,307
4830816874,360
4830826540,200
4830826541,161
4830855506,272
4830855507,153
4830855512,567
4830855723,339
4830855724,383
4830855726,557
4830855728,497
4831929769,381
4831929783,482
4831929784,369
4831929805,557
4831929817,331
4831929818,436
4831933323,334
4831939642,511
4831947344,576
4831947349,519
4831947352,426
4831947353,389
4831947357,358
4832031057,580
4832031075,344
4832031076,500
4832031080,426
4832031092,599
4832031098,465
4832031109,450
4832031116,580
4832031732,594
4832031733,485
4832031759,541
4832031760,494
4832031772,437
4832031773,334
4832031778,486
4832031790,505
4832031798,344
4832031799,377
4832031800,529
4832031932,341
4832031973,484
4832031974,518
4832031978,396
4832031979,384
4832032000,392
4832032005,408
4832032019,477
4832032020,516
4832032031,550
4832032037,334
4832032046,514
4832032053,382
4832032054,546
4832048209,339
4832048217,445
4832048218,483
4832048536,421
4832048552,590
4832048553,350
4832048557,358
4832048558,500
4832048566,463
4832048567,396
4832048574,416
4832048578,364
4832109814,527
4832109816,451
4832109817,378
4832109825,407
4832109830,538
4832109834,536
4832109835,321
4832109840,476
4832109841,343
4832109845,361
4832109846,543
4832109850,540
4832109853,322
4832109854,526
4832109855,488
4832109862,505
4832109864,507
4832109869,447
4832109873,548
4832109877,354
4832109878,430
4832109886,382
4832109888,512
4832109891,324
4832109892,421
4832109893,508
4832109894,388
4832109897,366
4832109900,375
4832109905,488
4832109909,381
4832109910,407
4832139028,445
4832139039,539
4832139047,510
4832139050,354
4832139051,514
4832139052,503
4832139059,481
4832139065,428
4832139066,315
4832139087,441
4832139088,397
4832139094,339
4832141022,252
4832141027,327
4832141031,419
4832141032,301
4832141038,430
4832228205,397
4832228213,312
4832228922,248
4832228923,261
4832228937,291
4832228943,402
4832228954,383
4832228971,416
4832228976,413
4832228978,263
4832228984,388
4832228985,342
4832228992,321
4832228993,318
4832229005,300
4832229009,385
4832229018,377
4832229024,290
4832229025,273
4832229035,368
4832229036,399
4832229051,372
4832229060,249
4832229061,310
4832229068,424
4832229091,398
4832229102,226
4832229103,335
4832229113,323
4832229123,347
4832364522,206
4832364524,303
4832364525,361
4832390053,222
4832390055,214
4832390060,172
4832390061,174
4832390062,302
4832390063,304
4832390066,169
4832390077,297
4832390078,203
4832390080,251
4832390081,269
4832390093,226
4832390103,250
4832390104,266
4832390109,205
4832390111,329
4832390120,218
4832393925,207
4832393939,337
4832393946,231
4832393949,254
4832393951,244
4832393952,194
4832393955,251
4832393957,257
4832430600,252
4832430605,229
4832430607,289
4832430609,290
4832430611,207
4832430614,304
4832430618,284
4832431721,306
4832431725,270
4832431737,194
4832431742,196
4832431751,308
4832431752,245
4832431757,300
4832431762,279
4832431766,207
4832431773,208
4832431776,316
4832431780,170
4832431784,273
4832431787,307
4832431790,184
4832431795,208
4832431801,255
4832439767,280
4832439768,235
4832439770,156
4832449797,170
4832449799,192
4832449810,185
4832449815,196
4832494492,235
4832494501,136
4832494728,146
4832494729,192
4832494730,165
4832575601,187
4832575602,138
4832575609,205
4832575612,175
4832575615,162
4832576425,160
4832576426,106
4832576429,131
4832576442,167
4832576455,144
4832576456,120
4832576461,109
4832576462,128
4832576468,156
4832576471,156
4832576476,121
4832576482,167
4832576494,203
4832576498,164
4832576502,178
4832576506,174
4832576508,201
4832576509,210
4832576516,120
4832576523,144
4832576525,136
4832576527,207
4832576531,130
4832576535,238
4832576539,137
4832576540,174
4832576545,145
4832576546,144
4832576547,164
4832576551,189
4832576553,143
4832576554,155
4832576557,186
4832576565,205
4832576571,189
4832576572,204
4832576579,169
4832576591,221
4832576596,186
4832576597,236
4832576598,215
4832576606,145
4832613883,307
4832613886,476
4832613887,457
4832613891,414
4832613894,287
4832613895,230
4832613896,204
4832613897,231
4832613898,161
4832613899,234
4832613900,286
4832613901,161
4832613902,250
4832613903,242
4832613910,139
4832613911,246
4832613916,212
4832627023,206
4832627025,173
4832627026,159
4832627027,218
4832627028,153
4832627031,190
4832627032,258
4832627034,233
4832627035,232
4832627037,255
4832627039,149
4832627041,189
4832627043,231
4832646460,164
4832646463,131
4832646466,201
4832705624,106
4832705636,99
4832705642,95
4832705656,93
4832705668,75
4832705672,60
4832705677,101
4832705679,183
4832705682,140
4832705683,104
4832705685,178
4832705691,130
4832705700,149
4832734267,155
4832734271,156
4832734272,174
4832734273,147
4832734274,254
4832734278,191
4832734280,203
4832734283,174
4832734284,238
4832734290,150
4832734292,170
4833812670,180
4833812673,190
4833812674,206
4833812684,165
4833812685,158
4833812704,146
4833812705,192
4833812925,165
4833812926,168
4833812927,148
4833812935,269
4833812938,165
4833812945,185
4833812953,266
4833812954,263
4833812959,235
4833812961,249
4833812963,172
4833812964,275
4833812965,196
4833812974,294
4833812977,189
4833812983,243
4833812984,237
4833820106,181
4833820112,212
4833880496,317
4833880516,205
4833880519,309
4833880520,212
4833880521,261
4833880527,234
4833880534,229
4833880541,245
4833880542,257
4833880549,380
4833880550,367
4833880551,391
4833880552,334
4833880559,256
4833880563,314
4833880564,424
4833880565,507
4833880570,286
4833890246,433
4833890259,352
4833890260,422
4833890265,468
4833890269,437
4833915049,463
4833915053,501
4833915055,319
4833915059,432
4833915061,368
4833915063,511
4833915073,549
4833915079,359
4833915088,398
4833915099,458
4833915106,600
4833915108,360
4833915109,489
4833915111,425
4833915117,511
4833915522,510
4833922734,393
4833922745,549
4833922746,354
4833922759,555
4833922760,387
4833922765,494
4833922766,426
4833922769,499
4833922775,401
4833930735,482
4833930741,328
4833930744,431
4833930746,557
4833930749,455
4833930763,463
4833930764,498
4833930767,446
4833930772,567
4833930773,438
4833930781,588
4833930788,579
4833930792,438
4833930796,424
4833930797,523
4833930802,532
4833930807,373
4833943620,389
4833943726,343
4833943735,535
4833943736,522
4833943737,377
4833943739,474
4833943741,538
4833943745,587
4833943747,373
4833943749,408
4833943754,422
4833943761,499
4833943763,363
4833943768,379
4833943769,555
4833943770,488
4833943775,378
4833943777,444
4833943794,343
4833943795,403
4833944181,434
4833944183,354
4833944197,316
4833948247,543
4833948248,545
4833956186,310
4833956187,485
4833956194,320
4833977374,544
4833977376,563
4833977387,490
4833977388,491
4833977389,424
4833977390,392
4833977396,457
4833977397,359
4833977399,509
4833977400,450
4833977404,370
4833977405,483
4833977409,540
4833977410,484
4833977415,468
4833977416,557
4833977418,326
4833992017,444
4833992018,392
4833992020,328
4833992722,517
4833992728,379
4833992729,361
4833992736,322
4833992740,521
4833992743,488
4833992744,298
4833992753,412
4833992757,310
4833992758,444
4833992760,389
4833992761,302
4834008678,412
4834008679,497
4834023388,338
4834023393,275
4834023394,477
4834023398,298
4834023399,367
4834023403,386
4834023404,317
4834023406,305
4834073741,290
4834073743,279
4834073746,352
4834073747,449
4834073752,293
4834073753,414
4834073754,350
4834073758,253
4834073767,302
4834073768,263
4834073780,396
4834073783,341
4834073784,413
4834073787,474
4834073788,320
4834073791,476
4834092204,309
4834101684,204
4834101691,214
4834251607,301
4834251615,282
4834251923,331
4834251937,305
4834251950,259
4834251962,328
4834251963,343
4834251975,309
4834251977,270
4834251999,313
4834252000,219
4834252009,326
4834252012,312
4834252020,284
4834252125,193
4834252130,207
4834252132,336
4834252134,321
4834252135,302
4834252147,332
4834252155,263
4834252158,325
4834252176,209
4834252180,213
4834252187,267
4834252188,211
4834252194,248
4834252200,319
4834252215,187
4834252224,279
4834252225,185
4834252234,276
4834252245,207
4834252254,282
4834252260,266
4834252278,236
4834252286,200
4834252287,190
4834252298,213
4834252299,224
4834252317,190
4834252326,280
4834253151,231
4834267368,217
4834267384,232
4834267394,227
4834267395,260
4834267401,288
4834267414,279
4834267420,253
4834267523,237
4834267525,218
4834267526,289
4834267532,220
4834267538,273
4834274224,188
4834302558,233
4834302596,141
4834323200,168
4834323210,142
4834335121,142
4834335148,237
4834335150,207
4834335151,188
4834335153,178
4834335157,170
4834335174,204
4834335175,160
4834335176,125
4834335177,135
4834335193,235
4834335195,182
4834335196,180
4834335199,218
4834335202,164
4834415307,279
4834415309,265
4834415310,235
4834415313,272
4834415314,299
4834415319,228
4834417222,205
4834417226,327
4834417227,260
4834417228,282
4836067991,88
4836067993,112
4836067999,103
4836068004,129
4836068006,65
4836068020,114
4836068127,94
4836068130,98
4836068140,96
4836068142,87
4836068143,90
4836068147,67
4836068149,73
4836068154,62
4836077465,68
4836077473,108
4836077479,97
4836077485,86
4836077486,105
4836077491,59
4836077497,122
4836077505,125
4836077515,93
4836077622,67
4836077627,53
4836077630,112
4836077637,75
4836077638,118
4836077643,91
4836077655,75
4836077656,105
4836077663,70
4836077664,101
4836077670,90
4836077677,84
4836077684,79
4836077688,121
4836077701,98
4836077702,121
4836077710,122
4836077718,111
4836077724,76
4836078060,91
4836083422,67
4836083423,83
4836083425,87
4836083426,77
4836083429,64
4836083430,106
4836083433,62
4836083435,113
4836083444,58
4836083445,69
4836083449,102
4836083450,95
4836083462,121
4836083463,92
4836083466,85
4836083473,86
4836083477,90
4836089235,178
4836089239,125
4836089264,151
4836106536,243
4836106541,188
4836106548,218
4836106549,164
4836106556,199
4836106557,170
4836106567,211
4836106568,174
4836106579,150
4836106595,166
4836106596,136
4836106610,226
4836106617,154
4836106619,229
4836106620,182
4836107222,147
4836107225,164
4836107229,126
4836125323,220
4836125331,144
4836125335,220
4836125338,143
4836125342,144
4836125347,119
4836125348,210
4836125358,193
4836125377,259
4836125384,191
4836125385,151
4836125399,273
4836125404,236
4836125420,254
4836152177,192
4836152187,233
4836152191,165
4836152198,235
4836152199,163
4836152212,251
4836152213,151
4836152221,240
4836152222,249
4836152247,260
4836174402,205
4836174409,175
4836174533,254
4836174534,216
4836174557,230
4836174559,180
4836174569,211
4836174582,198
4836181584,170
4836181589,125
4836214956,196
4836214967,246
4836214992,200
4836214993,247
4836215010,167
4836215011,195
4836215016,205
4836216526,190
4836216552,218
4836216553,154
4836216566,207
4836216574,152
4836216588,220
4836216612,230
4836245931,150
4836245932,183
4836245933,210
4836245945,246
4836245954,173
4836245960,206
4836245967,263
4836245975,217
4836245976,261
4836245982,199
4836245983,267
4836245988,160
4836245989,165
4836246002,220
4836246003,213
4836246222,233
4836246226,182
4836264139,179
4836264156,264
4836264162,192
4836264167,252
4836264171,244
4836264176,166
4836367559,241
4836367567,278
4836367569,256
4836367573,154
4836367579,236
4836367593,273
4836367600,238
4836367614,189
4836367924,180
4836367937,247
4836367980,217
4836367981,263
4836367986,268
4836367998,190
4836392937,216
4836392945,129
4836446452,149
4836446462,127
4836446464,246
4836446469,152
4836446470,193
4836446475,183
4836446481,176
4836446492,205
4836446505,139
4836446511,172
4836446515,159
4836446516,227
4836447021,213
4836447027,229
4836447034,174
4836447035,127
4836447039,176
4836447056,247
4836447064,157
4836447071,132
4836447074,256
4836447093,198
4836447101,146
4836447103,214
4836447105,176
4836447113,153
4836447223,155
4836447232,209
4836483640,160
4836483651,190
4836483652,144
4836483661,207
4836483666,209
4836483667,235
4836483685,247
4836483701,219
4836483713,218
4836483720,140
4836510403,251
4836510407,187
4836512521,187
4836512528,199
4836512538,180
4836512550,209
4836512563,185
4836512567,167
4836512576,256
4836512577,257
4836512580,195
4836512581,249
4836512585,163
4836512590,187
4836512594,255
4836512595,215
4836512617,234
4836562974,190
4836562986,203
4836562991,153
4836562996,266
4836563007,183
4836563008,206
4836563013,160
4836563327,234
4836563328,194
4836563336,217
4836563338,218
4836563344,146
4836564283,143
4836567917,163
4836568830,229
4836569809,236
4836569820,183
4836594227,155
4836594228,128
4836594236,176
4836594256,178
4836594281,130
4836614831,82
4836614860,115
4836614882,200
4836614889,127
4836614895,176
4836614898,206
4836614899,193
4836614910,189
4836614911,179
4836614922,209
4836614923,155
4836614924,204
4836614929,153
4836614931,183
4836623250,176
4836623257,167
4836623259,133
4836623277,113
4836623287,161
4836623298,155
4836623319,122
4836623431,181
4836623432,185
4836714602,334
4836750306,331
4836750307,494
4836750308,470
4836750312,240
4836750314,401
4836750315,326
4836750316,392
4836750317,369
4836750320,344
4836751021,313
4836751023,251
4836751026,306
4836751027,356
4836751031,413
4836751033,230
4836751034,265
4836751036,351
4836781778,330
4836781786,284
4836781790,260
4836781792,360
4836781800,417
4836781802,513
4840845112,340
4840845113,298
4840848627,457
4840848628,502
4840848642,356
4840879670,518
4840879673,492
4840879674,525
4840879675,402
4840887996,314
4840888010,296
4840888011,475
4840893117,528
4840893329,433
4840894629,316
4840894632,319
4840907036,489
4840907038,558
4840907039,402
4840907041,488
4840907049,442
4840966214,77
4840966220,47
4840966321,60
4840966327,96
4840966328,90
4840966329,90
4840966332,88
4840966333,57
4840966337,48
4840966338,77
4840966343,40
4840966344,89
4840966347,39
4840966348,89
4840966351,68
4840966354,59
4840966361,50
4840966364,67
4840966371,48
4840966373,64
4840966375,57
4840966377,50
4840966378,67
4840966392,56
4840966394,81
4840966399,32
4840975839,48
4840975843,41
4840975849,70
4840975859,41
4840975863,82
4840975867,56
4840975874,100
4840975876,55
4840975884,50
4840996207,53
4840996209,49
4840996211,63
4840996212,50
4840996217,78
4840996218,47
4840999128,47
4840999129,79
4840999133,61
4840999143,73
4840999144,74
4840999154,53
4840999157,66
4840999158,82
4840999179,58
4840999199,75
4840999200,85
4840999212,38
4840999229,61
4840999234,41
4841005423,78
4841005427,40
4841005428,63
4841005433,53
4841005434,52
4841028963,51
4841028969,70
4841028971,84
4841028974,73
4841028979,85
4841028982,34
4841028995,55
4841028999,82
4841029003,63
4841029004,61
4841029011,49
4841029015,46
4841029016,60
4841029226,62
4841029228,40
4841029233,33
4841029234,35
4841029244,67
4841029245,77
4841029250,40
4841029251,63
4841029257,46
4841037625,34
4841037632,63
4841037639,35
4841051366,75
4841051368,53
4841051370,79
4841051374,72
4841051380,54
4841051381,78
4841051386,87
4841051390,50
4841054512,66
4841054513,59
4841054515,51
4841054519,59
4841054520,54
4841059724,64
4841083983,51
4841083989,78
4841084004,65
4841084005,46
4841084008,60
4841084012,48
4841084013,71
4841084222,63
4841084223,39
4841084228,59
4841084229,71
4841084238,74
4841085779,51
4841085783,58
4841092518,64
4841092519,58
4841116261,36
4841116263,62
4841116265,90
4841116272,69
4841116276,63
4841116279,77
4841116284,71
4841130337,91
4841130340,63
4841130341,83
4841130344,61
4841130351,86
4841130352,86
4841130360,87
4841130365,89
4841130368,82
4841130374,56
4841137256,52
4841253526,63
4841253543,68
4841253544,59
4841253553,77
4841253560,76
4841253565,55
4841253566,74
4841253567,92
4841253572,50
4841253577,84
4841258871,76
4841258873,56
4841258874,29
4841292308,111
4841292309,115
4841292314,105
4841292320,101
4841292523,98
4841292526,100
4841292540,67
4841292541,96
4841292542,49
4841292543,55
4841292551,56
4841292553,75
4841292560,65
4841292564,96
4841292565,75
4841292567,71
4841292574,54
4841292581,65
4841292584,84
4841292585,62
4841292590,73
4841292592,83
4841292597,81
4841292601,96
4841292609,102
4841296581,42
4841296588,69
4841296589,77
4841296599,70
4841296602,74
4841296603,59
4841296606,69
4841296607,97
4841296614,42
4841296615,94
4841296617,49
4841296618,70
4841296620,60
4841310221,39
4841310229,73
4841310230,96
4841310231,100
4841310234,41
4841310238,40
4841310239,63
4841310247,62
4841310251,44
4841310253,65
4841311834,97
4841326707,96
4841326712,82
4841327122,59
4841327125,70
4841327127,64
4841327131,83
4841327133,89
4841327134,59
4841327138,95
4841327148,76
4841327149,89
4841327154,64
4841352798,80
4841352800,35
4841352803,57
4841352808,53
4841355422,65
4841355423,81
4841355424,94
4841355435,79
4841355436,81
4841355441,81
4841355442,81
4841355449,72
4841379113,61
4841379116,93
4841379117,62
4841381296,81
4841381303,80
4841381306,65
4841381723,66
4841381724,92
4841381752,85
4841381758,104
4841381770,55
4841381774,51
4841381777,68
4841381792,87
4841381805,70
4841381806,104
4841381809,75
4841381820,82
4841381822,96
4841381823,73
4841381824,65
4841381825,92
4841381837,97
4841381842,63
4841381845,84
4841381847,59
4841400624,98
4841400630,80
4841400631,84
4841400637,80
4841400642,70
4841400646,48
4841400648,116
4841400653,51
4841400654,84
4841400656,55
4841400657,77
4841400661,58
4841409211,94
4841409220,68
4841411131,72
4841411133,45
4841411134,76
4841411136,76
4841411144,58
4841411146,99
4841411152,83
4841411153,82
4841411157,105
4841411163,44
4841420655,105
4841420662,85
4841420663,79
4841420666,112
4841420668,81
4841420669,115
4841420671,112
4841420673,75
4841420675,78
4841420676,98
4841420680,68
4841420682,68
4841420683,65
4841420686,50
4841420687,84
4841420689,70
4841420690,95
4841420702,86
4841420703,70
4841420710,78
4841420711,69
4841420715,70
4841420716,71
4841420720,84
4841425526,65
4841425528,57
4841425529,89
4841425532,39
4841431448,100
4841431459,72
4841445448,67
4841445453,101
4841445466,86
4841445473,99
4841445474,79
4841445477,87
4841445478,91
4841445482,79
4841445483,85
4841445486,82
4841445488,74
4841465340,73
4841465342,100
4841465348,77
4841465355,109
4841465356,52
4841465357,63
4841465361,80
4841465362,74
4841465366,108
4841465367,102
4841465368,81
4841465370,75
4841465371,76
4841465375,99
4841465378,119
4841465380,90
4841465381,74
4841465390,108
4841465391,70
4841465395,81
4841465399,64
4841465400,109
4841465405,70
4841465416,91
4841465420,83
4841467428,65
4841467431,67
4841467434,60
4841467435,72
4841467439,54
4841467440,102
4841467443,102
4841467453,51
4841467454,115
4841467456,76
4841467466,89
4841467472,126
4841467473,97
4841467477,70
4841467482,88
4841467483,79
4841477532,65
4841477540,99
4841477547,74
4841477549,55
4841477553,55
4841477554,85
4841477556,50
4841477559,65
4841477560,109
4841477561,60
4841477567,57
4841477568,79
4841477575,94
4841477576,84
4841477579,67
4841477584,101
4841477585,70
4841477589,65
4841483244,104
4841483255,56
4841483262,41
4841483263,61
4841483270,61
4841483271,77
4841483272,88
4841483273,72
4841483277,73
4841483278,91
4841483281,72
4841509606,79
4841509610,44
4841509611,54
4841509614,34
4841509615,59
4841509618,54
4841509822,45
4841509827,72
4841509828,56
4841509829,79
4841509831,102
4841509837,84
4841509841,100
4841509842,55
4841509846,55
4841509847,76
4841509852,66
4841509857,87
4841509858,90
4841509862,58
4841509863,95
4841509867,63
4841509868,84
4841509872,81
4841509873,95
4841509874,65
4841509876,95
4841509882,93
4841509884,75
4841509889,75
4841509890,53
4841509893,78
4841509894,75
4841509897,78
4841519482,91
4841519484,80
4841519486,72
4841519494,95
4841519500,64
4841519505,61
4841519509,100
4841519513,65
4841519514,69
4841519516,81
4841519520,93
4841526324,58
4841526328,78
4841526329,58
4841526332,53
4841526335,50
4841526336,63
4841526339,71
4841526340,87
4841526344,98
4841526345,101
4841526346,103
4841545596,105
4841545598,81
4841545600,112
4841545605,70
4841545608,82
4841545609,86
4841545612,60
4841545613,91
4841545615,81
4841545616,92
4841545618,60
4841545619,71
4841545825,82
4841545829,90
4841545833,68
4841545834,114
4841545837,88
4841569010,73
4841569011,79
4841569017,64
4841569429,109
4841569431,92
4841569433,103
4841569435,52
4841569436,96
4841569444,101
4841569446,106
4841569450,78
4841569458,85
4841569461,65
4841569467,89
4841569470,61
4841573970,77
4841573972,68
4841573973,64
4841573977,91
4841573980,53
4841573983,95
4841573984,67
4841573990,97
4841573991,57
4841573994,96
4841574001,97
4841574002,81
4841574005,83
4841574011,97
4841574014,94
4841574015,64
4841574016,91
4841574321,94
4841574322,98
4841574326,77
4841601752,70
4841601756,64
4841601760,53
4841601767,78
4841601768,100
4841601771,65
4841601772,73
4841601777,97
4841601778,92
4841601790,105
4841601795,93
4841601796,74
4841601807,81
4841601812,65
4841601814,109
4841601815,68
4841601817,91
4841602521,82
4841602528,69
4841602533,77
4841602534,94
4841602536,72
4841602537,117
4841602542,88
4841602543,72
4841602546,117
4841602549,90
4841602551,74
4841602553,89
4841602554,118
4841602555,111
4841602559,62
4841602565,113
4841602566,109
4841608026,107
4841608031,97
4841608034,112
4841608038,105
4841608039,74
4841608042,113
4841608043,85
4841608050,108
4841608052,78
4841608054,92
4841608056,72
4841608060,102
4841630283,86
4841630287,88
4841630290,52
4841630291,61
4841630293,65
4841630297,100
4841630302,70
4841630303,82
4841630304,75
4841630310,52
4841630312,79
4841630315,79
4841630316,80
4841630318,65
4841631621,103
4841631625,74
4841631630,87
4841631632,80
4841631634,71
4841631642,87
4841631643,79
4841631647,79
4841631648,97
4841631650,67
4841631654,98
4841631655,70
4841631657,65
4841631658,91
4841631660,66
4841631663,100
4841631667,79
4841631668,70
4841631670,68
4841631678,61
4841631679,60
4841631680,56
4841631681,85
4841631683,84
4841631684,77
4841631686,68
4841631688,60
4841631689,61
4841631690,65
4841631691,73
4841631693,65
4841631694,75
4841631695,104
4841631696,69
4841631697,68
4841631699,93
4841631701,84
4841631702,62
4841631703,99
4841631705,95
4841631706,107
4841631707,107
4841631708,88
4841631709,92
4841631710,78
4841631712,104
4841631713,88
4841648591,78
4841648595,62
4841648597,67
4841648598,87
4841648601,102
4841648605,71
4841648606,102
4841648608,71
4841648609,89
4841648611,82
4841648613,77
4841648619,85
4841648622,86
4841648624,71
4841648625,115
4841648627,80
4841648630,82
4841648631,109
4841648633,53
4841648634,125
4841648637,122
4841648638,120
4841648641,121
4841648643,85
4841648644,105
4841648647,85
4842907150,205
4842928853,271
4842928855,235
4842928859,288
4842928866,257
4842928874,279
4842928882,369
4842928890,230
4842928894,249
4842928895,324
4842928896,343
4842928897,350
4842928902,237
4842928905,326
4842957942,129
4842977689,145
4842977702,81
4842977707,110
4842977711,122
4842977712,125
4842977714,92
4842977717,111
4842977719,119
4842978124,99
4842978130,107
4842978131,104
4842978179,115
4842978189,96
4842978190,94
4842978191,115
4842978229,131
4842978230,104
4842984046,98
4842984049,117
4842984054,75
4842984055,113
4842989706,76
4842989714,103
4842992122,115
4842992123,135
4842992124,102
4842992126,66
4842992128,94
4842992132,119
4843002567,246
4843002570,219
4843002577,302
4843004916,298
4843010219,215
4843010220,256
4843019962,276
4843019963,319
4843019966,305
4843019969,305
4843019973,361
4843019977,279
4843019980,342
4843023757,279
4843023760,298
4843023761,312
4843023762,337
4843023765,386
4843023767,262
4843023770,225
4843023773,284
4843023776,281
4843023777,248
4843023786,372
4843023787,364
4843027133,283
4843027139,262
4843027140,198
4843027142,277
4843027146,299
4843027461,330
4843027462,265
4843033104,251
4843033109,257
4843033110,250
4843033113,400
4843033118,373
4843033119,390
4843033721,414
4843033727,257
4843034199,377
4843042353,389
4843042359,290
4843042366,350
4843042367,383
4843042376,432
4843042381,269
4843042382,434
4843042387,458
4843042393,451
4843042397,255
4843042398,299
4843042405,402
4843042406,318
4843042409,246
4843043487,443
4843043488,266
4843057123,352
4843057125,467
4843057126,353
4843057129,463
4843057130,351
4843057134,343
4843057135,284
4843057138,334
4843057140,328
4843057142,386
4843057144,392
4843057147,225
4843061530,208
4843061531,300
4843065518,267
4843065621,234
4843065622,231
4843070100,313
4843070104,379
4843070108,274
4843070109,433
4843070110,332
4843070111,364
4843070112,385
4843070116,324
4843071521,489
4843071522,439
4843071525,491
4843071526,392
4843071529,386
4843077552,253
4843077561,369
4843077591,431
4843095833,110
4843095848,89
4843095851,112
4843095865,92
4843095914,121
4843095920,147
4843105913,197
4843105914,125
4843106363,99
4843111851,114
4843158204,296
4843158207,421
4843158208,60
4843158215,114
4843158216,119
4843158329,87
4843158330,108
4843158333,68
4843158334,116
4843158336,77
4843158338,115
4843158340,71
4843158342,81
4843158348,114
4843158351,83
4843174503,85
4843174508,66
4843174514,72
4843174520,81
4843175821,86
4843175827,93
4843175830,106
4843175831,63
4843175832,121
4843175833,94
4843175840,96
4843175848,98
4843175849,77
4843175859,64
4843175860,65
4843175868,119
4843175871,94
4843175872,65
4843177148,90
4843177150,99
4843177154,72
4843180304,102
4843181494,114
4843186582,84
4843199749,71
4843199750,90
4843199751,94
4843199752,84
4843199753,100
4843199762,67
4843199763,106
4843199769,102
4843199770,103
4843199774,103
4843199775,83
4843199779,108
4843199783,77
4843199784,102
4843215016,68
4843215020,92
4843216721,102
4843216724,97
4843216725,98
4843216729,79
4843216730,80
4843216734,86
4843216738,108
4843216739,113
4843216744,113
4843216750,67
4843216755,78
4843216758,86
4843216759,96
4843216761,99
4843216762,75
4843216765,89
4843216767,92
4843216770,113
4843216772,54
4843216774,75
4843216775,97
4843216777,66
4843216778,109
4843216783,118
4843216784,102
4843216789,76
4843216790,68
4843216794,95
4843216795,67
4843216799,65
4843216817,79
4843216818,60
4843216825,98
4843216826,88
4843216833,64
4843219799,107
4843259949,164
4843259991,125
4843259995,163
4843260000,164
4843260009,148
4843260428,166
4843260431,143
4843260435,158
4843260496,113
4843260500,136
4843260501,126
4843260502,95
4843260505,130
4843260519,126
4843365343,77
4843365348,111
4843365349,123
4843365354,81
4843365355,131
4843365360,101
4843365361,122
4843365365,131
4843365366,140
4843365372,112
4843365373,122
4843365377,92
4843365378,96
4843365380,132
4843365382,79
4843365387,108
4843365388,57
4843365393,44
4843365395,62
4843365399,90
4843365404,57
4843396709,108
4843396710,138
4843399299,123
4843399319,146
4843399320,99
4843399838,97
4843412148,122
4843429129,63
4843429132,96
4843429135,124
4843429139,72
4843429141,108
4843429145,50
4843429146,72
4843429149,81
4843429152,109
4843429155,91
4843429158,71
4843429161,79
4843429162,106
4843429164,91
4843429165,104
4843429168,71
4843429169,113
4843429178,106
4843429181,68
4843429184,106
4843429188,74
4843429190,77
4843429191,79
4843429195,74
4843429203,74
4843429207,61
4843429208,78
4843429210,70
4843429211,93
4843429213,49
4843429214,86
4843429216,69
4843429217,104
4843442321,56
4843444591,112
4843444597,65
4843444598,73
4843444600,106
4843467044,82
4843467050,42
4843467051,95
4843467054,54
4843467055,67
4843467059,47
4843467060,96
4843467067,48
4843467068,81
4843467070,76
4843467071,95
4843467079,59
4843467080,83
4843467086,46
4843467087,78
4843467091,63
4843467094,59
4843467097,43
4843467098,85
4843467100,65
4843467101,62
4843467102,98
4843467104,70
4843467109,86
4843467111,51
4843467112,82
4843467114,55
4843467117,38
4843479819,63
4843480424,76
4843480428,39
4843516703,55
4843516706,60
4843516708,47
4843516713,62
4843516714,61
4843516715,63
4843516718,71
4843518528,56
4843518531,73
4843518532,59
4843518535,57
4843518536,65
4843518539,37
4843518541,42
4843633197,100
4843633198,83
4843633205,57
4843633206,68
4843633215,92
4843636022,87
4843636023,73
4843636029,50
4843636030,78
4843636033,53
4843636050,78
4843636053,50
4843636065,93
4843636066,58
4843636087,66
4843636098,67
4843636100,65
4843636104,50
4843636118,51
4843636223,73
4843636251,67
4843636252,75
4843638638,56
4843661966,74
4843661974,62
4843661978,47
4843662001,50
4843719621,61
4843719622,103
4843719625,95
4843719626,100
4843719627,98
4843719629,105
4843719630,114
4843719631,93
4843719633,72
4843719635,65
4843719637,90
4843719640,102
4843719643,65
4843719644,77
4843719653,97
4843719658,59
4843719664,75
4843740341,78
4843740342,91
4843740344,56
4843740347,78
4843740348,66
4843740350,60
4843740351,69
4843740352,67
4843740359,70
4843740360,62
4843740372,91
4843740375,92
4843740376,80
4843740379,79
4843740380,79
4843740383,84
4843740384,107
4843740385,89
4843740391,117
4843740394,95
4843740396,75
4843740398,94
4843740401,78
4843740403,112
4843740408,91
4843740409,65
4843740412,128
4843740419,123
4843740522,125
4843740523,77
4843740525,69
4843740527,94
4843740529,109
4843740530,72
4843740531,68
4843765096,91
4843765098,71
4843765099,97
4843765102,81
4843765105,100
4844911017,76
4844911225,88
4844911226,60
4844918315,59
4844918825,41
4844926448,100
4844926449,88
4844926456,61
4844926460,107
4844926461,68
4844926466,82
4844926468,81
4844926470,81
4844926471,61
4844926477,72
4844926488,60
4844926489,79
4844926494,101
4844926495,91
4844926510,69
4844964482,58
4844964483,83
4844964488,53
4844964489,108
4844964493,64
4844964500,59
4844964505,48
4844964506,57
4844964511,87
4844964519,58
4844964822,57
4844994914,87
4844994915,69
4844994916,86
4844995021,67
4844995034,67
4844995035,62
4844995036,98
4844995041,54
4844995056,73
4844995058,113
4844995063,63
4844995066,70
4844995069,68
4844995070,102
4844995071,74
4844995073,94
4844995074,89
4844995075,60
4844995079,69
4844995085,65
4844995087,113
4844995089,96
4844995093,59
4844995106,88
4844995107,89
4844995111,101
4844995124,67
4844995125,93
4844995139,87
4844995146,96
4844995151,87
4844995152,65
4844995156,82
4844995164,62
4844995167,72
4844995175,94
4844995177,62
4844995183,87
4844995189,103
4844995196,100
4844995202,90
4844995212,65
4844995214,62
4844995215,56
4844995216,81
4844995218,94
4844995221,70
4844995223,71
4844995227,89
4844995230,81
4844995231,70
4844995236,80
4844995238,69
4844995240,95
4844995243,68
4844995244,66
4844995256,71
4844995258,73
4845010332,100
4845010333,68
4845010335,91
4845010338,65
4845010339,95
4845010341,69
4845010343,88
4845010347,85
4845010351,67
4845010352,83
4845010353,117
4845010354,105
4845010355,106
4845010358,94
4845010361,87
4845010365,84
4845010368,104
4845010374,83
4845010379,76
4845010381,96
4845010384,70
4845010389,80
4845010392,63
4845010395,87
4845010396,92
4845010398,74
4845010400,65
4845010402,58
4845010403,71
4845010406,86
4845010411,73
4845010412,91
4845010413,55
4845010414,93
4845010724,49
4845010725,100
4845010735,62
4845010739,44
4845010740,99
4845010743,52
4845010746,52
4845010747,94
4845010752,95
4845010753,59
4845010762,97
4845010763,67
4845010766,42
4845022336,54
4845022341,69
4845022342,82
4845022350,77
4845022351,81
4845022354,56
4845022355,80
4845022358,87
4845022360,39
4845022361,85
4845022365,88
4845022366,79
4845022368,94
4845022374,67
4845022387,57
4845022388,87
4845022395,65
4845022399,78
4845022401,88
4845022404,92
4845022411,96
4845022416,91
4845022418,95
4845022420,87
4845023121,62
4845023129,58
4845023131,83
4845023138,65
4845023149,60
4845023155,55
4845023156,69
4845023159,82
4845023163,72
4845023169,62
4845023170,53
4845023174,67
4845023179,75
4845023184,96
4845023185,66
4845023188,78
4845023192,80
4845023194,84
4845023195,49
4845023197,59
4845023198,96
4845023200,99
4845023201,52
4845043200,88
4845043201,69
4845043203,61
4845043210,43
4845043211,67
4845043224,70
4845043228,67
4845043233,58
4845043234,59
4845043236,77
4845043238,83
4845043241,60
4845043250,82
4845043254,81
4845043256,95
4845043260,71
4845043270,69
4845043272,72
4845043273,105
4845043277,58
4845043285,70
4845063456,73
4845063457,59
4845063459,87
4845063461,76
4845063470,52
4845063473,56
4845063476,71
4845063477,39
4845063486,71
4845063487,65
4845063493,87
4845063499,78
4845063500,58
4845063504,100
4845063506,88
4845063822,59
4845063823,62
4845063827,38
4845063828,65
4845063836,75
4845063837,77
4845072954,34
4845072955,83
4845072967,80
4845072968,75
4845072974,66
4845072975,55
4845072978,69
4845072982,35
4845072984,73
4845072986,60
4845072987,57
4845072988,42
4845072991,46
4845072992,63
4845072995,56
4845072996,49
4845073002,85
4845073007,48
4845073011,58
4845073014,58
4845073015,79
4845073021,77
4845073022,79
4845073028,42
4845073029,80
4845073032,36
4845073033,80
4845073035,87
4845073036,84
4845077403,81
4845077406,50
4845077407,85
4845077411,45
4845087748,87
4845087756,50
4845087758,45
4845087761,96
4845087762,51
4845087764,82
4845087771,82
4845087776,58
4845087781,49
4845087784,96
4845087786,60
4845087790,63
4845087792,51
4845087795,60
4845087796,52
4845087799,83
4845087801,73
4845087804,85
4845087805,89
4845087807,73
4845087817,69
4845087818,53
4845087819,86
4845088024,60
4845088025,88
4845088027,57
4845088030,51
4845104355,76
4845104358,60
4845104361,54
4845135552,126
4845135553,113
4845135560,115
4845135561,109
4845135573,143
4845135574,122
4845135585,108
4845165423,85
4845165425,141
4845165427,111
4845165432,131
4845165433,83
4845165435,143
4845165438,129
4845165444,113
4845165445,102
4845165446,102
4845165450,101
4845165451,90
4845165454,112
4845165455,127
4845165462,112
4845165463,105
4845165477,113
4845165478,88
4845165486,143
4845165496,118
4845165501,133
4845165516,155
4845165517,141
4845165527,121
4845165532,120
4845165533,159
4845169010,145
4845169017,97
4845169018,132
4845173922,148
4845173923,143
4845173939,93
4845182710,87
4845182719,107
4845189728,83
4845189731,109
4845189732,98
4845189741,91
4845189746,92
4845189748,124
4845257053,109
4845257058,106
4845257068,110
4845257069,112
4845257073,87
4845257076,66
4845257079,104
4845257080,104
4845257086,90
4845257087,119
4845257095,84
4845257103,114
4845257105,94
4845257114,65
4845257116,124
4845257118,103
4845260126,97
4845260134,92
4845260139,71
4845260140,70
4845260160,55
4845260166,61
4845260174,68
4845270800,80
4845270809,59
4845270810,78
4845270814,64
4845270818,63
4845270921,93
4845270930,92
4845270936,83
4845270953,48
4845270960,73
4845270961,52
4845270967,80
4845270980,84
4845270995,67
4845277613,119
4845277617,104
4845279030,78
4845279037,64
4845294302,127
4845294303,104
4845294305,78
4845294308,78
4845294317,125
4845294318,82
4845294323,123
4845294325,105
4845294328,81
4845294341,78
4845313416,124
4845313418,77
4845313419,78
4845313823,67
4845313824,131
4845313828,117
4845313831,103
4845313843,84
4845313850,104
4845313855,125
4845313856,81
4845313860,136
4845313863,124
4845313865,89
4845313870,133
4845313880,115
4845313884,113
4845313885,80
4845313895,127
4845313901,97
4845313902,116
4845313907,85
4845313912,65
4845313913,125
4845313916,72
4845313919,71
4845313920,111
4845313937,78
4845313942,112
4845313949,114
4845313962,48
4845313971,65
4845313979,108
4845313988,100
4845318596,100
4845318601,108
4845318602,79
4845318606,82
4845328390,111
4845328391,92
4845328395,93
4845328398,75
4845328409,125
4845328413,83
4845328415,95
4845328417,78
4845328418,79
4845349892,126
4845349906,95
4845349907,80
4845349908,140
4845349913,68
4845350921,92
4845350923,112
4845350927,112
4845350930,77
4845350940,107
4845350944,104
4845396788,70
4845396791,55
4845396797,75
4845396798,65
4845396804,45
4845396805,80
4845396809,78
4845396810,48
4845396811,57
4845398221,54
4845414621,94
4845414623,64
4845414627,100
4845414633,118
4845414635,91
4845414640,50
4845414643,108
4845414647,67
4845414648,89
4845414650,92
4845414652,66
4845435324,104
4845435325,76
4845435331,95
4845435332,54
4845438709,78
4845438714,78
4845438716,65
4845483512,351
4845483725,349
4845483729,207
4845483730,207
4845483732,329
4845483733,198
4845483736,280
4845483737,218
4845483740,312
4845483741,366
4845502514,260
4845502515,412
4845502518,394
4845502519,417
4845503221,381
4845513076,380
4845513077,320
4845513080,371
4845567418,135
4845568026,212
4845568027,193
4845568030,135
4845568031,167
4845568034,153
4845568049,153
4845587633,204
4845587653,199
4845587657,192
4845587659,224
4845587662,161
4845587664,181
4845587669,180
4845587676,191
4845587680,126
4845587713,252
4845587717,172
4845587720,166
4845588121,194
4845588166,344
4845588181,264
4845588198,210
4845588204,251
4845588208,243
4845588210,236
4845588212,321
4845588216,327
4845588217,264
4845588230,190
4845588236,249
4845609894,219
4845609896,215
4845609904,145
4845609907,134
4845609908,131
4845609916,194
4845610224,153
4845610251,106
4845610257,98
4845610259,94
4845610261,135
4845610269,100
4845610272,87
4845610275,128
4845610277,107
4845610289,127
4845610290,161
4845610292,91
4845610293,83
4845610311,61
4845610316,103
4845610319,96
4845610332,59
4845610336,97
4845610350,97
4845610357,125
4845610364,121
4845610387,67
4845610391,104
4845610392,108
4845610396,106
4845610405,120
4845610417,162
4845610434,131
4845610439,92
4845610441,99
4845610444,93
4845610445,73
4845610449,59
4845610459,78
4845622079,99
4845622087,59
4845622088,65
4845622089,48
4845622090,65
4845622098,69
4845622099,70
4845622102,84
4845622103,45
4845622107,75
4845622109,77
4845622110,54
4845622112,62
4845686857,103
4845686866,122
4845686876,173
4845686882,151
4845686905,177
4845686908,153
4845686910,167
4845686916,261
4845698521,166
4845698522,255
4845698529,149
4845698531,156
4845698537,173
4845698538,242
4845698545,169
4845698549,213
4845698551,153
4845698561,206
4845698562,205
4845698565,213
4845698576,169
4845698580,149
4845698595,241
4845698597,203
4845698602,153
4845698607,170
4845698609,131
4845698615,181
4845698616,168
4845698619,149
4845698620,186
4845698721,210
4845698722,245
4845698723,220
4845698724,198
4845698725,231
4845698729,178
4845698732,177
4845698733,112
4845698737,115
4845698753,148
4845698758,110
4845698761,147
4845698762,142
4845698768,94
4845698770,118
4845698811,107
4845715172,275
4846801130,80
4846801135,61
4846801137,80
4846801145,59
4846815055,45
4846815066,69
4846815075,55
4846815078,49
4846815087,30
4846817314,77
4846817315,81
4846817317,83
4846818821,64
4846818830,71
4846818840,81
4846818842,70
4846818848,64
4846818849,57
4846818858,39
4846818862,41
4846818865,69
4846862976,57
4846862977,78
4846862984,73
4846862998,66
4846863004,70
4846863013,85
4846863014,72
4846863018,69
4846863365,73
4846863367,100
4846863368,60
4846863372,67
4846863427,59
4846863429,76
4846863431,50
4846863432,54
4846863435,55
4846863436,72
4846863439,74
4846863447,62
4846863448,66
4846863598,70
4846863666,56
4846869694,87
4846870006,58
4846870324,73
4846870332,55
4846880120,318
4846891023,210
4846891035,249
4846891038,348
4846891041,307
4846891046,350
4846891053,318
4846891054,315
4846891057,371
4846891063,272
4846891064,371
4846891066,256
4846891078,253
4846891084,354
4846891089,217
4846891096,251
4846891101,230
4846891102,297
4846908265,69
4846908266,45
4846908281,51
4846908282,56
4846908285,56
4846908286,48
4846908289,51
4846908290,79
4846908292,45
4846908293,57
4846908295,35
4846908296,57
4846908297,37
4846908298,38
4846908299,49
4846908301,73
4846908302,63
4846908305,50
4846908307,70
4846908309,81
4846908310,48
4846908312,78
4846908313,62
4846908314,72
4846908315,52
4846908320,67
4846909739,28
4846909740,60
4846909741,36
4846909744,36
4846909747,85
4846909748,48
4846909756,71
4846917023,58
4846917026,78
4846917033,52
4846917034,66
4846917038,62
4846917040,100
4846917043,70
4846917045,49
4846917049,99
4846917051,72
4846917054,67
4846917064,72
4846917066,89
4846917067,65
4846917072,97
4846918780,62
4846918784,56
4846918785,91
4846918792,66
4846918797,79
4846918811,95
4846918812,62
4846919122,70
4846933168,91
4846933170,82
4846933173,65
4846933178,81
4846933181,66
4846933182,89
4846933185,88
4846933186,98
4846933195,78
4846933196,79
4846933199,71
4846933200,68
4846933821,101
4846933832,101
4846933833,80
4846933841,98
4846933847,72
4846933848,94
4846933854,84
4846933855,101
4846933861,88
4846933862,83
4846933865,64
4846933867,70
4846933873,90
4846933878,60
4846933883,70
4846933887,95
4846933888,82
4846933895,90
4846933899,74
4846933913,53
4846933914,85
4846933915,90
4846933916,92
4846933918,88
4846933919,72
4846933923,88
4847017068,53
4847017072,79
4847017078,65
4847017079,59
4847017080,66
4847017081,73
4847017083,53
4847017085,29
4847017088,86
4847017089,50
4847017091,69
4847017099,31
4847017100,69
4847017101,49
4847057681,57
4847057687,48
4847057688,66
4847057689,59
4847057693,51
4847067246,60
4847067247,72
4847067252,69
4847067258,52
4847067259,67
4847067266,75
4847067271,50
4847067272,64
4847067277,74
4847067278,79
4847067280,47
4847067281,67
4847067285,31
4847067290,59
4847097023,59
4847097027,61
4847097029,83
4847097032,53
4847097035,66
4847097039,53
4847097045,70
4847097050,55
4847097051,86
4847097054,58
4847097055,47
4847097058,73
4847097059,54
4847097062,49
4847097063,54
4847097065,91
4847097066,46
4847097071,78
4847097078,44
4847097087,81
4847113190,45
4847113193,76
4847113198,74
4847113201,79
4847113203,28
4847113208,68
4847113209,65
4847113215,64
4847113216,66
4847114521,79
4847114525,81
4847114526,76
4847114529,47
4847114530,49
4847114533,71
4847114534,81
4847114536,60
4847114537,48
4847114540,57
4847156545,87
4847156548,137
4847156552,101
4847156554,71
4847156556,84
4847156557,51
4847156558,103
4847156561,106
4847156563,70
4847156568,84
4847156569,129
4847156572,110
4847156574,72
4847156581,95
4847156583,141
4847156584,110
4847156590,123
4847172095,73
4847172099,82
4847172100,85
4847172113,162
4847172117,123
4847172119,86
4847172222,132
4847172224,128
4847172226,82
4847172232,107
4847194779,77
4847194783,67
4847194784,109
4847194786,83
4847194787,125
4847194794,86
4847194795,122
4847194796,112
4847194799,78
4847194801,89
4847194810,107
4847194811,87
4847194813,107
4847194814,87
4847220905,89
4847220908,113
4847220910,118
4847220914,110
4847220915,116
4847220916,102
4847221223,121
4847221225,112
4847221226,112
4847221229,101
4847221233,102
4847221234,73
4847221239,113
4847229698,74
4847229699,110
4847229701,109
4847229708,95
4847229715,112
4847229716,105
4847229720,74
4847238628,110
4847238634,123
4847238635,66
4847238641,78
4847238660,97
4847238662,87
4847238665,75
4847238666,95
4847238668,108
4847238669,68
4847261977,91
4847261979,117
4847261982,88
4847261985,95
4847261986,70
4847261988,82
4847261990,96
4847261991,91
4847261994,110
4847261995,100
4847261997,116
4847262001,113
4847262010,86
4847262014,70
4847262016,123
4847262017,91
4847262018,91
4847262019,79
4847262321,110
4847262323,86
4847262324,83
4847262326,101
4847262327,114
4847262332,94
4847262336,108
4847262338,93
4847262339,91
4847262340,65
4847262344,82
4847262345,88
4847262351,116
4847262352,75
4847262357,121
4847262358,84
4847262359,67
4847262360,105
4847262363,116
4847262364,75
4847262365,75
4847262367,75
4847262368,99
4847262370,98
4847262371,134
4847262373,85
4847262376,105
4847262378,80
4847262382,107
4847262384,142
4847264578,107
4847264581,124
4847264582,116
4847264585,70
4847264587,67
4847597673,89
4847597682,119
4847597693,128
4847597698,132
4847597700,134
4847597706,116
4847597708,82
4847597710,104
4847597711,145
4847597720,104
4847598327,100
4847598338,87
4847598341,143
4847598348,90
4847598349,129
4847598355,79
4847598357,81
4847598358,123
4847598361,117
4847598362,128
4847598363,96
4847598364,147
4847598365,117
4847598369,140
4847598371,67
4847598373,82
4847598374,102
4847598379,118
4847598380,121
4847598381,81
4847598382,58
4847598383,84
4847598384,77
4847598386,143
4847598387,88
4847598390,81
4847598392,96
4847598399,76
4847598400,130
4847598408,93
4847598412,129
4847598414,113
4847598416,104
4847598417,98
4847598422,107
4847598423,110
4847598427,68
4847598428,121
4847598429,64
4847598432,83
4847598433,88
4847598437,103
4847598439,85
4847598440,96
4847598443,69
4847598444,89
4847598446,74
4847598447,118
4847598448,86
4847598449,121
4847598450,108
4847598451,111
4847598452,122
4848755722,86
4848755723,93
4848755724,64
4848755728,66
4848755734,81
4848755736,96
4848755738,104
4848755739,53
4848755746,96
4848755747,70
4848755754,57
4848755772,61
4848755777,84
4848755778,82
4848755782,69
4848755783,57
4848755787,82
4848755788,97
4848755793,58
4848755799,89
4848755800,92
4848755805,84
4848755806,61
4848755809,106
4848755812,83
4848755818,82
4848755819,103
4848755925,104
4848755928,98
4848755929,103
4848755932,66
4848755933,98
4848755940,85
4848755944,100
4848755945,75
4848755946,42
4848755953,79
4848755960,95
4848755964,84
4848755968,98
4848755972,62
4848783448,79
4848783452,88
4848783457,80
4848783458,93
4848783460,108
4848783464,96
4848783469,87
4848783473,98
4848783474,107
4848783481,94
4848783487,106
4848783497,76
4848783498,104
4848783503,70
4848783507,101
4848783514,111
4848783515,110
4848783622,70
4848783625,108
4848783626,73
4848783632,92
4848858405,107
4848858407,95
4848858413,90
4848858414,105
4848858415,105
4848858416,101
4848858418,95
4848858419,104
4848858420,87
4848860031,72
4848860033,111
4848860036,82
4848860039,84
4848860040,56
4848860041,125
4848860051,119
4848860052,122
4848860059,118
4848860063,130
4848860066,105
4848860067,85
4848860076,111
4848860077,124
4848860079,83
4848860090,75
4848860092,132
4848860093,120
4848860101,97
4848860104,135
4848860106,117
4848860108,120
4848860119,134
4848860120,77
4848860224,124
4848860234,104
4848860235,138
4848860237,137
4848860239,133
4848860240,139
4848860247,131
4848860248,108
4848860252,114
4848860255,83
4848860256,128
4848860264,96
4848897554,121
4848897555,106
4848897562,114
4848897563,105
4848897565,139
4848897566,129
4848897568,109
4848897569,143
4848897576,88
4848897577,84
4848897581,118
4848897582,119
4848897585,88
4848897587,88
4848897592,112
4848897599,80
4848897600,80
4848897608,76
4848897609,127
4848897613,91
4848897614,80
4848897619,74
4848897722,79
4848897727,106
4848897731,89
4848897737,78
4848897742,117
4848897750,119
4848897756,74
4848897758,83
4848897759,128
4848897764,107
4848897769,123
4848897772,73
4848897774,115
4848906550,78
4848906563,90
4848906566,115
4848906567,131
4848906570,73
4848906572,96
4848906573,126
4848906578,75
4848906580,98
4848906581,79
4848906585,57
4848906592,119
4848906595,55
4848906596,102
4848906604,120
4848906605,53
4848906606,103
4848906608,86
4848952713,113
4848952715,82
4848952719,109
4848953021,86
4848953022,82
4848953025,98
4848953026,95
4848953033,69
4848953034,69
4848953039,90
4848953050,91
4848953051,119
4848953053,123
4848953060,76
4848953062,92
4848953071,81
4848953072,96
4848953073,123
4848953075,111
4848953078,104
4848953079,92
4848953080,84
4848953081,124
4848953083,83
4848953085,56
4848953086,86
4848953090,76
4848953091,92
4848953100,123
4848953104,93
4848953113,90
4848953115,115
4848953118,99
4848953119,75
4848953125,81
4848953126,122
4848953135,114
4848953141,96
4848953142,124
4848953146,107
4848953151,69
4848953156,94
4848953159,104
4848953161,104
4848953165,68
4848953166,76
4848953171,85
4848953186,74
4848953192,66
4848959637,94
4848959644,86
4848959645,68
4848959648,91
4848959649,46
4848959653,79
4848959654,114
4848959658,76
4848959663,74
4848959664,108
4848959670,107
4848959673,93
4848959683,110
4848964116,74
4848964119,49
4848964120,108
4848969022,89
4848969023,70
4848969026,66
4848969027,40
4848969035,58
4848969041,61
4848981690,96
4848981705,67
4848981713,107
4848981714,60
4848984121,72
4848984123,100
4848984144,62
4848984153,70
4848997131,94
4848997138,61
4848997139,58
4848997145,100
4848997147,74
4848997148,86
4848997157,63
4848997158,67
4848997166,79
4848997167,91
4848997171,84
4848997172,105
4848997173,100
4848997175,88
4848997176,84
4848997182,89
4848997185,93
4848997186,65
4848997187,100
4848997190,81
4848997194,101
4848997195,104
4848997198,40
4848997199,75
4848997201,81
4849064306,91
4849064320,105
4849067521,66
4849067528,88
4849067531,102
4849067534,106
4849067537,57
4849067540,105
4849156706,73
4849156708,95
4849156709,81
4849156711,101
4849156714,69
4849156716,82
4849156718,84
4849167121,89
4849167124,100
4849167128,108
4849167135,109
4849167138,93
4849178419,69
4849179330,76
4849179331,98
4849179338,124
4849179344,85
4849224748,109
4849224751,119
4849224763,86
4849224766,83
4849224769,117
4849224774,97
4849224780,90
4849224788,111
4849224791,79
4849224792,112
4849224795,102
4849224796,111
4849224799,112
4849224800,98
4849224804,66
4849224805,80
4849224808,111
4849224814,97
4849224816,113
4849224819,86
4849225323,90
4849231846,118
4849231850,111
4849267658,194
4849267661,156
4849289057,261
4849289061,268
4849289071,221
4849289072,234
4849289079,184
4849289080,211
4849289083,186
4849289091,178
4849289092,236
4849289097,185
4849289112,283
4849289923,237
4849289930,162
4849289931,215
4849289938,186
4849289940,236
4849289941,275
4849289955,269
4849289960,274
4849289963,289
4849289971,250
4849295563,235
4849295568,232
4849295569,217
4849295576,176
4849295578,237
4849295583,271
4849295587,196
4849295592,307
4849295594,177
4849295595,276
4849295600,277
4849306703,213
4849306706,300
4849306709,285
4849306715,283
4849307221,330
4849307232,273
4849307243,250
4849307245,276
4849307250,238
4849317151,169
4849317153,143
4849317154,189
4849317159,240
4849317166,260
4849317167,280
4849317168,161
4849317169,204
4849317173,201
4849317177,148
4849323130,191
4849323131,167
4849323132,241
4849323133,162
4849323134,229
4849323139,224
4849323141,204
4849323142,167
4849323143,183
4849337077,225
4849337088,115
4849337091,112
4849337103,159
4849348144,212
4849348147,217
4849348162,114
4849348164,137
4849348179,113
4849348180,83
4849348182,77
4849402573,66
4849402574,109
4849402577,82
4849402578,114
4849402583,89
4849402584,124
4849402596,230
4849402606,120
4849402607,141
4849402609,164
4849402610,94
4849444249,73
4849444255,52
4849444259,62
4849444260,88
4849444262,76
4849444263,45
4849444268,37
4849444272,51
4849444275,42
4849444277,56
4849450268,58
4849450271,55
4849450275,65
4849450276,65
4849450279,68
4849450283,67
4849450285,69
4849450292,48
4849450304,46
4849450305,68
4849450309,75
4849450311,73
4849450313,56
4849450314,62
4849450316,65
4849450317,61
4849452636,70
4849452638,81
4849452647,47
4849452651,38
4849494129,200
4849494153,98
4849494198,84
4849494213,116
4849494215,80
4849494217,137
4849494230,113
4849494253,95
4849494255,139
4849494256,129
4849494270,121
4849494280,170
4849514746,79
4849514768,55
4849514778,76
4849514781,75
4849514782,77
4849514796,56
4849514807,69
4849514819,52
4849514820,69
4849515123,82
4849518381,64
4849518382,53
4849518387,67
4849518388,97
4849518390,57
4849518400,65
4849541051,64
4849541057,68
4849541060,55
4849541072,64
4849541075,80
4849541077,57
4849541080,57
4849541081,50
4849541091,52
4849541096,52
4849541101,80
4849541117,65
4849541321,71
4849541322,90
4849541330,79
4849541333,73
4849541336,90
4849541347,70
4849541349,55
4849541355,73
4849541360,76
4849541367,89
4849541374,49
4849541409,94
4849541412,50
4849541413,81
4849541417,73
4849541426,63
4849541432,55
4849541434,93
4849541443,79
4849541449,89
4849541450,42
4849541454,63
4849541455,78
4849541462,60
4849541463,71
4849541472,92
4849541474,89
4849541476,49
4849541479,65
4849541480,77
4849541481,51
4849580943,39
4849580977,64
4849580987,55
4849581013,50
4849581018,87
4849581024,79
4849581027,89
4849581031,64
4849581036,70
4849581074,60
4854742881,66
4854743627,48
4854743632,61
4854743635,44
4854743647,42
4854743672,25
4854792231,58
4854792246,70
4854792250,75
4854792256,63
4854792265,59
4854792266,67
4854792318,53
4854792330,73
4854792337,71
4854792344,64
4854792357,47
4854792359,54
4854792389,58
4854792407,82
4854792525,84
4854817031,91
4854817033,90
4854817037,78
4854817038,58
4854817039,68
4854817042,99
4854817045,88
4854817047,77
4854817048,83
4854817051,71
4854817054,105
4854817057,72
4854817059,109
4854817061,107
4854817065,75
4854817068,77
4854817069,96
4854817075,60
4854817078,110
4854817080,60
4854817083,86
4854817086,92
4854817087,104
4854817090,64
4854817104,62
4854842209,72
4854842212,98
4854842214,93
4854842219,83
4854842622,97
4854842626,61
4854842627,74
4854842631,103
4854842632,71
4854842635,84
4854842639,79
4854842642,98
4854842643,63
4854842644,69
4854842650,93
4854842651,85
4854842654,78
4854842656,72
4854842659,51
4854842660,97
4854842662,85
4854842676,93
4854842677,97
4854842681,52
4854842682,77
4854842688,80
4854842689,89
4854842694,93
4854842695,57
4854842704,106
4854842705,81
4854842707,89
4854842709,69
4854842714,71
4854842715,80
4854842717,83
4854842719,55
4854842821,47
4854842826,85
4854842828,95
4854842831,52
4854842832,63
4854842835,71
4854842836,61
4854842839,52
4854842843,74
4854847235,81
4854847238,70
4854847239,68
4854847241,95
4854847242,74
4854847243,93
4854847248,70
4854847251,94
4854847252,95
4854847255,68
4854847256,86
4854847260,86
4854847263,75
4854847264,91
4854847268,68
4854847273,76
4854847278,100
4854897867,66
4854897876,64
4854897884,63
4854897887,103
4854897888,63
4854897893,63
4854897894,87
4854897897,90
4854897898,79
4854897904,103
4854897905,59
4854897908,86
4854897909,86
4854897912,71
4854897913,103
4854897919,98
4854897920,70
4854902124,62
4854902125,60
4854902134,98
4854902135,68
4854902139,98
4854902140,43
4854902143,101
4854902144,95
4854902145,61
4854902146,59
4854902150,92
4854983157,77
4854983159,98
4854983161,133
4854983307,125
4854983312,90
4854983313,128
4854996633,107
4854996636,131
4854996644,69
4854996647,133
4854996656,109
4854996664,105
4854996665,130
4854996669,76
4854996670,107
4854996679,100
4854996682,86
4854996683,91
4854996686,100
4854996687,91
4854996690,82
4854996691,101
4854996697,123
4854996700,114
4854996702,74
4854996703,91
4854996704,112
4854996705,78
4854996709,74
4855000645,99
4855000648,71
4855000653,117
4855000654,113
4855000656,102
4855000663,57
4855000664,117
4855000673,97
4855000674,115
4855000679,69
4855000681,76
4855000684,106
4855000686,118
4855000690,78
4855001047,57
4855004881,101
4855004884,143
4855019485,109
4855019491,114
4855019492,116
4855019493,129
4855019504,92
4855019509,69
4855019510,103
4855019514,99
4855019515,91
4855019519,74
4855019628,101
4855019629,102
4855019632,79
4855019633,104
4855019640,79
4855019643,66
4855019646,70
4855019647,86
4855019653,66
4855019654,98
4855019656,117
4855019657,91
4855019661,113
4855019662,113
4855019665,86
4855019670,69
4855023918,79
4855024829,98
4855024831,84
4855026728,103
4855026735,99
4855026741,95
4855042694,72
4855042704,80
4855042708,83
4855042716,110
4855042718,101
4855043026,94
4855043029,98
4855043031,90
4855078400,63
4855078405,71
4855078414,71
4855078415,64
4855078420,80
4855079321,102
4855079323,66
4855079326,68
4855079327,67
4855079329,76
4855079330,72
4855079335,60
4855079336,73
4855079342,113
4855079343,77
4855079346,72
4855079347,86
4855079349,73
4855079350,86
4855079357,77
4855079360,99
4855079364,114
4855079368,86
4855086830,52
4855086837,75
4855086846,93
4855086849,118
4855086859,72
4855086871,99
4855091667,71
4855091669,67
4855091671,60
4855098839,73
4855098845,90
4855098846,86
4855098851,71
4855191039,60
4855191043,105
4855191048,99
4855191050,105
4855191051,82
4855191058,87
4855191059,87
4855191061,58
4855191066,85
4855191073,96
4855191076,65
4855191087,103
4855227831,89
4855227850,96
4855227856,142
4855227865,155
4855227866,108
4855227868,140
4855227871,87
4855227872,139
4855227874,119
4855227880,137
4855227883,114
4855227884,112
4855227889,148
4855227895,86
4855227947,124
4855227949,144
4855227955,152
4855227961,103
4855227967,158
4855227977,133
4855297806,66
4855297809,77
4855297813,60
4855297819,65
4855298958,36
4855298979,48
4855298981,44
4855298987,46
4855298990,73
4855298998,94
4855299005,60
4855299012,66
4855299013,51
4855299016,83
4855299020,68
4855299021,55
4855299024,91
4855299032,41
4855299034,50
4855299046,87
4855299052,79
4855299053,66
4855299055,65
4855299061,72
4855299062,48
4855299068,48
4855299069,82
4855299071,95
4855299074,97
4855299075,48
4855299079,56
4855299080,83
4855299081,50
4855299082,65
4855299084,61
4855299085,83
4855299092,71
4855427649,58
4855427651,69
4855427654,52
4855427655,50
4855427656,73
4855427660,86
4855427661,66
4855427668,72
4855427672,60
4855427675,90
4855427676,67
4855427678,70
4855427679,65
4855427682,92
4855427683,83
4855427687,54
4855427688,73
4855427690,68
4855427692,82
4855427693,89
4855427696,80
4855441154,98
4855441156,68
4855441157,63
4855441159,87
4855441167,78
4855441168,35
4855441169,67
4855441171,51
4855454028,54
4855454034,83
4855454035,54
4855454038,82
4855454041,64
4855454045,78
4855454047,89
4855454049,81
4855454051,83
4855454052,39
4855454054,64
4855454055,80
4855454057,82
4855454059,83
4855454061,83
4855454064,60
4855454070,59
4855454072,100
4855470899,67
4855470901,75
4855470912,69
4855470915,81
4855470919,80
4855470920,56
4855471929,81
4855471934,58
4855471945,64
4855471946,81
4855471948,59
4855471952,58
4855471953,73
4855471956,86
4855471960,34
4855471965,47
4855471966,68
4855471968,63
4855471972,49
4855471980,45
4855474368,99
4855474369,84
4855474370,94
4855474371,85
4855474372,53
4855474373,57
4855486111,72
4855486114,50
4855486421,69
4855486422,74
4855486425,34
4855486426,66
4855486432,71
4855486434,66
4855486436,86
4855486438,56
4855486439,79
4855486444,52
4855486445,77
4855504786,69
4855504787,53
4855504790,55
4855504791,68
4855504795,57
4855504798,81
4855504802,73
4855504803,50
4855504808,75
4855504809,100
4855504813,60
4855507423,77
4855507426,32
4855507430,97
4855507431,65
4855507435,41
4855507436,67
4855507437,60
4855507438,74
4855507439,46
4855507442,53
4855507447,54
4855507448,71
4855507453,52
4855507458,59
4855507459,82
4855507461,81
4855507469,51
4855507476,63
4855507477,74
4855507478,53
4855507480,93
4855507483,69
4855507490,65
4855507498,78
4855517314,61
4855518022,90
4855518023,90
4855518024,64
4855518025,72
4855518028,39
4855518029,105
4855518032,44
4855518034,86
4855518035,90
4855518040,84
4855518041,95
4855518044,74
4855518047,54
4855518050,91
4855518051,70
4855518055,90
4855518056,79
4855518059,56
4855518060,81
4855518063,60
4855518064,57
4855518067,80
4855518070,52
4855518071,61
4855518072,69
4855518073,47
4855518074,62
4855518077,36
4855518079,49
4855518082,64
4855518085,78
4855518086,73
4855518090,40
4855518093,71
4855518094,63
4855518097,61
4855518098,83
4855518102,51
4855518106,60
4855518108,71
4855518109,69
4855518111,89
4855518117,55
4855518118,82
4855518123,47
4855518124,67
4855518126,33
4855518924,77
4855518928,64
4855518934,61
4855522489,70
4855522496,76
4855522503,67
4855522507,33
4855522508,97
4855522515,50
4855523622,101
4855523629,76
4855523635,85
4855523638,100
4855523639,63
4855523641,79
4855523644,51
4855523645,50
4855523647,63
4855523648,48
4855523649,48
4855523653,70
4855523658,105
4855523662,97
4855523665,58
4855523666,82
4855523668,55
4855523670,58
4855523671,85
4855523673,89
4855523675,57
4855533577,69
4855533580,69
4855533583,72
4855533584,48
4855533591,50
4855533599,79
4855533600,61
4855533601,85
4855533605,96
4855533607,75
4855542983,59
4855542988,74
4856857725,49
4856857750,84
4856857753,50
4857208827,254
4857208828,160
4869726701,180
4869726704,109
4869726705,180
4869726710,141
4869726711,109
4869726712,180
4869726719,114
4869727422,137
4869727423,139
4869727425,154
4869727426,188
4869727428,153
4869727430,172
4869727435,187
4869727440,170
4869727442,137
4869727443,146
4869727444,103
4869727446,148
4869727450,130
4869727452,159
4869727453,166
4869727459,163
4869727460,120
4869727462,110
4869727465,180
4869727466,133
4869727469,192
4869727470,132
4869727476,121
4869727477,171
4869727482,168
4869727485,108
4869727486,169
4869727488,125
4869727489,137
4869727491,114
4869727495,134
4873254490,260
4873254497,176
4873254498,247
4873254500,242
4873254502,174
4873254506,168
4873254509,181
4873254511,165
4873254516,234
4873255628,252
4873255629,154
4873255630,184
4873259795,216
4873283101,40
4873283224,63
4873283225,46
4873287962,46
4873287964,50
4873289145,53
4873289149,54
4873313979,32
4873313986,51
4873313999,70
4873324603,58
4873324611,80
4873324614,45
4873324615,66
4873324723,52
4873324725,59
4873324726,66
4873324728,72
4873324730,83
4873324734,65
4873324735,56
4873713736,66
4873713776,47
4873713780,56
4873713787,68
4873814727,62
4873814734,31
4873814737,41
4873814739,39
4873814740,69
4873814751,43
4873814755,47
4873814781,28
4873898896,96
4873898901,79
4873898910,84
4873898918,102
4873898923,97
4873898925,91
4873898926,86
4873898935,125
4874065540,45
4875331155,110
4875331166,138
4875331185,119
4875331201,106
4875339133,93
4875339151,99
4875339155,61
4875339160,69
4875339197,108
4875339431,100
4875339444,61
4875339473,76
4875339485,94
4875339495,50
4875339498,76
4875339525,55
4875339528,82
4875339530,75
4875339531,74
4875339533,77
4875339549,68
4875339553,54
4875339563,38
4875339564,22
4875343887,75
4875343912,86
4875552052,49
4875552060,44
4875552061,59
4875552071,47
4875654146,93
4875654175,136
4875654179,140
4875654181,181
4875654188,151
4875654190,117
4875654192,168
4875654194,121
4875654195,182
4875654200,110
4875654210,187
4875657014,222
4875657019,229
4875657122,139
4875657125,254
4875657127,226
4875657129,86
4875671470,112
4875684548,167
4875714310,205
4875716972,82
4875716987,71
4875737484,115
4875737506,109
4885950948,57
4885950952,70
4885950953,63
4885950954,42
4885950956,61
4885950957,56
4885950958,69
4885950968,46
4885950969,78
4885950973,76
4885950974,73
4885950975,74
4885950979,61
4885951018,43
4885951020,79
4885951322,36
4885951323,80
4885951324,34
4885951325,82
4885951326,68
4885951335,79
4885951339,64
4885951340,69
4885951342,82
4885951343,38
4885951344,63
4885951345,30
4885951374,73
4885951376,62
4885951381,62
4885951391,44
4885951393,43
4885951395,74
4885951401,67
4885951402,26
4885951417,53
4885951531,47
4885951535,71
4885951540,69
4923705564,97
4923705566,96
4923705568,107
4923705571,80
4923705573,79
4923705580,97
4923705592,130
4923705597,131
4923705599,130
4923705602,149
4923705603,101
4923705606,118
4923705613,137
4923705625,152
4923705632,94
4923705634,116
4923705646,138
4923705649,125
4923705654,129
4923705658,111
4923705671,98
4923705679,110
4923705681,105
4923705682,146
4923705683,139
4923705684,150
4923705685,101
4923705698,109
4924289338,252
4924289339,173
4924289350,151
4924289366,116
4924289374,90
4924289375,75
4924289376,98
4924289377,145
4924289378,82
4924289379,130
4924289380,123
4924289381,127
4924289382,119
4924289383,84
4924289384,81
4924289385,119
4924289387,134
4924289389,104
4924289391,105
4924289392,153
4924289393,121
4924289396,122
4924289410,109
4925545814,83
4925545817,71
4925545820,75
4925547326,80
4925547327,65
4925547331,87
4925547333,88
4925547335,72
4925547337,57
4925547342,78
4925547345,60
4925547348,71
4925613486,51
4925613488,51
4925613490,56
4925613493,51
4925624949,343
4925624950,367
4925624951,238
4925624952,256
4925624953,279
4925666042,135
4925666047,121
4925666048,94
4925666049,77
4925666056,88
4925666058,89
4925666060,116
4925666063,80
4925666065,101
4925710110,106
4925710113,114
4925710114,74
4925710115,101
4925711821,112
4925711825,89
4925744881,58
4925744884,58
4925820574,281
4925820575,275
4925820577,340
4925820582,293
4925820584,277
4925822145,340
4925832033,288
4925832034,201
4925832035,190
4925832038,287
4925832050,218
4925832053,278
4925832055,170
4925832069,151
4926268997,37
4926270121,85
4926270173,88
4926279528,75
4926320655,56
4926328426,64
4926328436,76
4926328445,52
4926328448,65
4926328457,58
4926328461,72
4926338377,55
4926356725,79
4926360428,56
4926360429,70
4926473715,367
4926497819,190
4926498524,190
4926498525,236
4926498530,240
4926498555,257
4926498586,224
4926503789,139
4926503795,236
4926512104,129
4926512105,167
4926512107,196
4926512111,193
4926512113,124
4926512116,138
4926512119,177
4926512120,163
4926521822,305
4926521823,272
4926522801,211
4926524885,246
4926524887,290
4926593719,462
4926593720,366
4926602331,320
4926602334,382
4926602335,452
4926602337,488
4926604018,516
4926604019,553
4958254577,140
4958254579,169
4958254580,114
4958254581,138
4958254583,134
4958254584,150
4958254585,122
4958254586,104
4988406373,78
4988406374,78
4988406378,81
4988406385,61
4988406387,80
4988406389,87
4988406390,68
4988406391,71
5041271895,132
5041271896,109
5041271898,100
5041271903,129
5041271904,87
5041271906,110
5041271907,90
5041271910,96
5041271913,98
5041271917,84
5041271918,86
5041273822,70
5041273829,73
5041273830,115
5041273832,91
5050406963,221
5050406969,268
5096977386,145
5229745561,273
5336911927,294
5346503054,379
5366147091,208
5366147097,224
5379823399,34
5379825544,44
5379825553,53
5379825557,51
5379825560,33
5379825561,70
5379825562,51
5379825566,51
5379825568,46
5379825570,81
5379825574,52
5379825577,76
5379825578,49
5379825579,58
5379826011,44
5379852909,92
5379874942,73
5379893177,143
5379893179,169
5379893180,159
5379893183,159
5379893185,111
5379893195,165
5379893196,127
5379893197,173
5379893205,113
5379893206,165
5379893207,179
5379893208,172
5379893210,122
5379893211,157
5379893215,189
5379910321,202
5379910323,156
5379910329,88
5379910332,108
5379910374,103
5379910375,96
5379910376,156
5379910380,130
5379910382,121
5379910383,119
5379910384,73
5379910385,103
5379910387,119
5379910388,114
5379910389,138
5379910390,123
5379910395,109
5379910405,150
5379910406,90
5379910409,91
5379910522,163
5379910553,107
5379910589,106
5379910593,171
5379910594,154
5379910596,184
5379910599,140
5379910600,142
5379910601,104
5379910602,96
5379910603,148
5379910604,117
5379910606,161
5379910607,144
5379910608,117
5379910609,163
5379910610,179
5379910612,147
5379910613,191
5379910614,128
5379910615,123
5379910616,204
5379910617,202
5379910618,129
5379910619,153
5379910620,194
5379910621,163
5379910622,104
5379910623,123
5379910624,123
5379910625,185
5379910626,167
5379910627,139
5379910628,125
5379910629,131
5379910630,176
5379910631,189
5379910632,155
5379910633,178
5379910634,111
5379910635,160
5379910636,145
5379910637,114
5379910638,149
5379910639,182
5379910640,109
5379910641,148
5379910642,182
5379910643,175
5379910644,154
5379910645,134
5379910646,187
5379910647,117
5379910648,120
5379910650,128
5379910652,144
5379910653,169
5379910654,199
5379910656,163
5379910657,214
5379910662,186
5379910665,146
5379910668,132
5379910673,136
5379910675,180
5379910676,189
5503928124,50
5503928125,60
5512688207,58
5512688208,61
5512688209,54
5512688210,60
5512752519,54
5512752520,74
5512754178,42
5512765587,55
5512765588,45
5512879937,113
5512879947,98
5512879950,141
5512879956,119
5512879960,132
5512884931,84
5512884937,143
5512884938,129
5512885434,208
5512885435,216
5512893308,156
5512893323,100
5512893325,158
5512893338,151
5512973660,577
5512973661,459
5512977112,509
5512977113,379
5512977115,375
5513029958,502
5513029961,434
5513030696,368
5513072743,541
5513117100,247
5513120080,282
5513120081,228
5513120083,233
5513120086,289
5513120090,294
5513120092,210
5521601221,257
5521784271,237
5522004765,326
5522014417,472
5522014418,411
5522019992,538
5522019993,444
5522019997,374
5522020001,424
5522031139,177
5522055805,428
5522055807,528
5522055811,406
5522073456,372
5522073457,546
5522073458,361
5522073459,301
5522073460,516
5522073461,541
5524067518,496
5524127678,172
5524127679,181
5524127680,185
5524133636,538
5524133637,315
5524133638,507
5524163962,197
5524165793,178
5524165799,182
5524165800,172
5524165804,303
5524165805,229
5524165806,239
5524165807,169
5524165809,279
5524165810,211
5524165811,300
5524467459,87
5524485445,286
5524485446,249
5524485447,236
5524629806,100
5524629812,78
5526535569,587
5526598248,296
5526598252,471
5526598257,537
5526598258,534
5526610529,429
5526610530,422
5526610534,509
5526610538,391
5526610539,543
5526610542,369
5526610543,323
5526610547,501
5526680860,67
5526680862,67
5526684789,63
5526684791,89
5526684894,98
5526697167,375
5526709272,86
5526709273,90
5526768876,178
5526774519,342
5526816883,273
5526816884,258
5526816887,358
5526816888,416
5526816891,348
5526816892,366
5526899721,418
5526899722,435
5526899723,503
5527023353,134
5527023359,165
5527023362,122
5527023363,133
5527023366,151
5527023371,157
5527023372,123
5527023373,124
5527023374,140
5527023375,194
5527023376,116
5527023377,97
5527023387,149
5527023388,141
5527023389,98
5527023393,117
5527023395,134
5527023405,139
5527027186,430
5527027187,294
5527027189,314
5527027197,422
5527027198,291
5527027204,378
5527027208,372
5527027214,330
5527027215,427
5527027216,265
5527027217,417
5527037510,131
5527037514,122
5527037517,121
5527039222,103
5527039223,145
5527039225,100
5527039232,135
5527039233,90
5527039234,105
5527039235,96
5527039236,89
5527039237,109
5527039238,108
5527039239,112
5527039241,99
5527039242,134
5527039243,117
5527039248,117
5527039256,173
5527039258,152
5527039259,117
5527039264,126
5527039274,123
5527039276,133
5527060097,162
5527060098,140
5527060100,173
5527060101,158
5527060102,195
5527060103,158
5527060104,172
5527060108,182
5527060109,172
5527060110,115
5527060111,123
5527295697,95
5527295700,96
5529610887,448
5529610889,450
5529610890,282
5529610893,361
5529610894,317
5529610895,458
5529610896,474
5529610897,304
5560188512,361
5560188517,489
5561067957,121
5727973108,536
5727973109,403
5727973115,364
5727973116,493
5763147371,54
5763147372,80
5763147373,102
5763147375,82
5763147377,91
5763147378,107
5763147379,129
5763147380,84
5763147381,119
5763147382,74
5763147384,113
5763147385,103
5763147387,70
5763147416,104
5763147432,99
5763147433,100
5763147434,82
5763147435,102
5763147436,106
5763147437,81
5763168204,66
5763168209,106
5763168210,86
5763168212,74
5763168214,93
5763168215,67
5763168216,87
5763168217,73
5763168219,54
5763168220,96
5763168221,100
5763168223,60
5763168224,104
5763168225,90
5763168233,83
5763168235,38
5763168236,58
5763168239,98
5763168242,60
5763168245,61
5763168246,84
5763168248,60
5763168249,86
5763174043,86
5763174044,40
5763174046,98
5763174047,58
5763174048,76
5763174049,97
5763174050,61
5763174052,56
5763174153,78
5763174154,81
5763174157,68
5763187430,151
5763187431,89
5763187432,91
5763187433,121
5763187435,160
5763187437,129
5763203905,103
5763203907,125
5763203908,120
5763203909,146
5763203910,134
5763203912,145
5763203913,122
5763203914,134
5763203915,130
5763203917,114
5763203918,165
5763203919,82
5763203920,109
5763203921,83
5763203922,90
5763203924,96
5763203925,78
5763203926,73
5763203927,76
5763203929,64
5763203930,94
5763203931,102
5763203932,76
5763203933,74
5763203934,90
5763203935,65
5763203936,72
5763203937,101
5809216183,254
5809216203,258
5832508183,89
5832508184,91
5832508185,91
5832508190,69
5832508214,103
5845976209,96
5845976214,145
5845976216,84
5845976227,70
5845976231,93
5845976232,91
5845977748,89
5845977760,105
5845977761,138
5845977767,119
5845977781,79
5845977784,69
5845978290,75
5845978291,68
5845978294,99
5845978298,94
5845978300,66
5845978302,62
5845978304,82
5845978305,97
5845978307,89
5845978308,107
5845978312,148
5845978313,141
5845978315,89
5845978316,91
5845978317,83
5845978318,96
5845978322,132
5845978327,89
5845978328,71
5845978329,93
5845978330,108
5845978331,71
5845978335,147
5860383456,225
5860383460,217
5860383466,234
5860383468,237
5860383472,224
5860383473,233
5860383478,223
5860383480,220
5860383482,177
5860383483,276
5907904236,70
5907904237,85
5907904238,49
5907904239,62
5907904242,81
5907904246,37
5907904248,38
5907904249,68
5967199800,64
5967199820,136
5967199823,173
5967199824,123
5967199826,149
5967199827,202
5967199830,160
5967199867,52
5967199868,54
5967199869,77
5967199870,79
5967199873,111
5967199880,80
5967199882,98
5967199883,94
5967199892,99
5967199894,84
5967199895,92
5967199896,72
5967199897,96
5967199902,75
5967199906,75
5967202559,29
5967202570,31
5968628412,118
5968628415,92
5968628417,119
5968628422,90
5968628424,85
5968628425,84
5968628427,68
5968628434,96
5968628444,57
5968628448,80
5968628458,65
5968628464,92
5968628474,90
5968628482,85
5968713090,82
5968713091,89
5968713093,78
5968713098,131
5968713101,74
5968713103,116
5968713109,109
5968713121,138
5968713126,122
5968713136,91
5968713140,89
5968713144,91
5968713146,80
5968713147,169
5968713152,102
5968713168,130
5968713171,125
5969039926,47
5969039930,51
5989525465,26
5990195689,68
5990195693,115
5990195694,118
5997964478,383
5997964480,336
5997964481,411
5997980488,399
5997980492,405
5997980494,420
5997980495,366
5997980496,274
5997980497,425
5997980498,313
5997980505,336
5997980512,306
5997980518,299
5997980533,193
5997980539,221
5997980540,318
5997980541,289
5997980563,121
5997980564,117
5997980565,96
5997980566,137
5997980568,119
5997980570,45
5997980574,96
5997980575,95
5997980576,59
5997980582,106
5997980885,58
5997980889,120
5997980894,103
5997980895,59
5997980897,90
5997980898,80
5997980899,61
5997980900,100
5997980901,94
5997980902,78
5997980904,75
5997980905,47
5997980914,56
5997980916,44
5998071256,62
5998071267,77
5998071269,101
5998071272,94
5998071397,67
5998071405,104
5998071414,113
5998071427,91
5998071436,31
5998071461,73
5998071464,61
5998071467,58
5998071469,78
5998071474,81
5998071479,87
5998071482,114
5998071484,90
5998071490,68
5998071491,106
5998071492,109
5998071493,101
5998071494,170
5998071495,90
5998071501,137
5998071502,97
5998071503,111
5998071504,145
5998071509,98
5998071513,74
5998071524,90
5998071526,37
5998071599,79
5998071601,49
5998071602,70
5998071608,101
5998071609,94
5998071612,90
5998436744,54
5998436745,76
5998436748,56
5998436764,30
5998436767,24
5998436770,51
5998436771,50
5998436778,66
5998436780,28
5998436781,58
5998436782,43
5998436802,89
5998436803,70
5998436811,80
5998436812,98
5998436813,100
5998436814,100
5998436815,73
5998436816,95
5998436823,107
5998436832,100
5998436834,57
5998436836,52
5998436840,52
5998436845,88
5998535495,72
5998535498,90
5998535501,114
5998535502,136
5998535503,108
5998535512,137
5998535514,83
5998535515,136
5998535516,79
5998535517,91
5998535518,102
5998535519,97
5998535520,113
5998535522,117
5998535523,89
5998535526,75
5998535527,87
5998535546,64
5998535554,113
5998535556,96
5998535565,72
5998535567,99
5998535568,115
5998535574,98
5998535576,102
5998535577,85
5998535580,95
5998535688,73
5998535689,121
5998535692,101
5998535698,84
5998535699,53
5998535701,88
5998535708,63
5998535710,94
5998535718,60
5998535721,86
5998535723,57
5998535726,84
5998535727,102
5998535742,81
5998535745,60
5998535749,63
5998535753,61
5998535992,42
5998536000,46
5998536001,46
5998536002,34
5998536003,66
5998536006,51
6001136219,82
6002307110,82
6002307114,139
6002307115,128
6002307119,98
6002307122,125
6002307124,107
6002307126,102
6002307127,87
6002307128,119
6002307133,72
6002307137,94
6002307138,71
6002307139,92
6002307140,102
6002307141,73
6002307143,84
6002307145,142
6002307152,128
6002307153,90
6002307154,107
6002307155,164
6002307156,130
6002307157,100
6002307163,140
6002307164,117
6002307165,95
6002363731,62
6002363736,71
6002363742,74
6002363744,49
6002363745,42
6002363747,44
6002363749,58
6002363750,74
6002363772,34
6002364485,73
6002364486,65
6002364487,74
6002364495,70
6002364502,52
6002364503,61
6002364509,64
6002364510,55
6002364511,56
6002364529,57
6002364530,53
6002364535,56
6002364537,141
6002364538,117
6002364541,165
6002364548,136
6002364549,252
6002364550,210
6002364552,228
6002364556,194
6002364560,202
6002364561,171
6023012004,38
6023709766,91
6023709767,40
6023709768,57
6023709770,98
6023712095,78
6023712099,108
6023712100,82
6023712103,69
6023712106,68
6023712107,76
6023712162,98
6023712165,97
6023712168,76
6023712170,70
6023712171,108
6023712172,57
6023712174,58
6023712175,74
6023712176,89
6023712177,68
6023712178,57
6023712194,98
6023712195,98
6023712196,83
6023712197,85
6023712198,96
6023712200,85
6023712201,93
6023712202,77
6023712203,65
6023712215,88
6023712220,81
6023712221,74
6023712222,78
6023712226,103
6023712227,60
6023712229,82
6023712230,54
6023712233,78
6023712234,59
6023712236,105
6023712237,91
6023712238,82
6023712240,54
6023712242,88
6023712243,72
6023712244,82
6023712245,83
6023712246,81
6023712247,76
6023712249,73
6023712250,71
6023712251,65
6023712254,90
6023712256,62
6023795906,257
6023795908,79
6023795914,156
6023795916,111
6023795918,153
6023795920,140
6023795929,134
6023795930,130
6023796235,100
6023796244,67
6023796245,63
6023796374,51
6023796378,69
6023796379,69
6023796380,50
6023796381,63
6023796383,51
6023796384,62
6023796385,60
6023796386,56
6023796387,69
6023796388,26
6023796391,66
6023796394,62
6023796395,59
6023796397,53
6023796398,42
6023796400,59
6023796404,68
6023796405,43
6023796408,43
6024288502,76
6024288504,75
6024288507,82
6024288510,85
6024288518,67
6024288531,42
6024288642,33
6024288824,214
6024288825,189
6024288826,173
6024288827,191
6024288828,222
6024288829,251
6024288830,144
6024288831,204
6024288832,217
6024288833,152
6024288834,244
6024288835,177
6024288836,252
6024288861,174
6024288862,130
6024288863,191
6024288864,135
6024288865,195
6024288866,196
6024288867,175
6024288870,150
6024288871,159
6024288872,182
6024288873,173
6024288874,193
6024288875,170
6024288877,204
6024288878,177
6024288879,196
6024288880,150
6024288881,150
6024288884,180
6024288885,212
6024288887,181
6024288889,196
6024288890,158
6024288891,177
6024288892,189
6024288893,130
6024288894,114
6024288895,127
6024288896,175
6024288897,151
6024288898,129
6024288899,161
6024288902,227
6024288903,207
6024288904,189
6024288905,199
6024288906,183
6024288907,196
6024288908,166
6024288909,175
6024288910,178
6024288913,164
6024288914,146
6024288916,150
6024288918,158
6024288919,142
6024288920,143
6024288927,180
6024288929,148
6024288930,212
6024288932,217
6024288934,240
6024288937,170
6024288942,202
6024288943,160
6024288944,225
6024288945,176
6024288969,253
6024288971,190
6024288975,209
6024288999,90
6024289008,113
6024289050,99
6024289051,151
6024289054,90
6024289055,111
6024289057,84
6024289282,289
6024343077,31
6024343082,59
6024343188,55
6024343190,66
6024343191,42
6024343193,62
6024343194,62
6024343195,38
6024343196,41
6024343200,55
6024343202,40
6024343203,46
6024343211,52
6024343212,44
6024343215,101
6024343245,209
6024343247,227
6024343252,211
6024343254,213
6024343256,220
6024343257,287
6024343258,209
6024343259,241
6024343260,283
6024343261,255
6024343262,201
6024343263,168
6024343268,211
6024343269,258
6024343270,231
6024343273,259
6024343274,163
6024343278,240
6024343279,249
6052637728,115
6052638453,98
6052638454,71
6052638456,95
6052638459,84
6052638462,79
6052638465,78
6052638466,73
6052638467,67
6052638469,63
6052638470,84
6052638472,63
6052638473,90
6052638474,63
6052638475,84
6052638476,100
6052638477,70
6052638480,97
6052638481,70
6052638482,90
6052638483,74
6052638484,63
6052638508,87
6052638509,53
6052638510,68
6052638511,73
6052638512,45
6052638513,96
6052638514,58
6052638515,61
6052638516,61
6052638517,80
6052638518,86
6052638519,90
6052638520,63
6052638522,63
6052638523,101
6052638524,99
6052638526,82
6052638527,61
6052638530,103
6052638532,72
6052638534,83
6052638536,64
6052638538,86
6052638540,96
6052638542,64
6052638544,87
6052638546,79
6052638551,63
6052638557,64
6052638559,83
6052638562,69
6052638563,39
6052638565,67
6052638567,83
6052638568,91
6052638569,83
6052638572,88
6052638573,85
6052638574,52
6052638575,77
6052638669,74
6052638670,87
6052638676,40
6059040009,63
6059040011,86
6059040014,76
6059040015,73
6059040017,59
6059040022,85
6059040023,58
6059040069,98
6059040083,79
6059040084,124
6059041685,98
6059041686,98
6059041687,100
6059041688,74
6059041689,86
6059041690,122
6059041691,98
6059041692,90
6059041694,108
6059041695,66
6059041696,111
6059041697,52
6059041698,114
6059041701,119
6059041702,113
6059041703,70
6059041713,112
6073700018,76
6073700019,64
6073700020,58
6073700021,62
6073700022,48
6073700023,63
6073700024,27
6073700025,66
6073700026,57
6073700027,50
6073700029,43
6073700030,74
6073700031,62
6073700032,65
6073700033,71
6073700034,65
6073700036,69
6073700038,67
6073700039,63
6073700040,65
6073700043,52
6073700044,51
6073700045,64
6073700046,33
6073700047,68
6073700048,30
6073700049,61
6073700050,49
6073700051,47
6073700052,71
6073700053,63
6073700055,62
6073700056,46
6073700057,68
6073700058,67
6073700059,46
6073700060,50
6073700061,45
6073700062,54
6073700064,45
6073700065,61
6073700066,63
6073700067,38
6073700069,63
6073700070,65
6073700071,75
6073700072,55
6073700075,58
6073700076,66
6073700077,65
6073700078,70
6073700079,43
6073700080,64
6073700081,81
6073700082,53
6073700285,63
6073700287,68
6073700288,89
6073700290,44
6073700291,105
6073700292,82
6073700293,70
6073700294,38
6073700296,55
6073700298,97
6073700299,62
6073700300,76
6073700301,44
6073700303,82
6073700304,78
6073700305,52
6073700306,75
6073700308,71
6073700309,81
6073700310,78
6073700312,71
6073700313,80
6073700314,66
6073700315,31
6073700316,81
6073700317,44
6073700318,79
6073700319,64
6073700320,70
6073700321,59
6073700322,63
6073700323,52
6073700324,76
6073700325,56
6073700326,59
6073700327,72
6073700328,40
6073700330,84
6073700331,76
6073700332,76
6073700333,65
6073700334,69
6073700335,55
6073700336,69
6073700338,83
6073700339,69
6073700342,86
6073700343,63
6073700344,76
6073700345,74
6073700346,74
6073700347,73
6073700348,48
6073700349,75
6073700350,67
6073700352,78
6073700353,29
6073700354,63
6073700357,80
6073700359,35
6073700360,37
6073700402,46
6073700403,61
6073700404,64
6073700405,40
6073700407,58
6073700410,49
6073700411,24
6073700412,48
6073700415,60
6073700416,73
6073700417,42
6073700418,53
6073700419,36
6073700420,72
6073700421,62
6073700422,57
6073700423,61
6073700424,59
6073700425,55
6073700426,66
6073700427,47
6073700428,58
6073700429,91
6073700431,61
6073700432,50
6073700436,74
6073700437,49
6073700439,42
6073700441,46
6073700442,44
6073700443,49
6073700444,34
6073700445,78
6073700448,64
6073700449,52
6073700450,42
6073700452,42
6073700453,53
6073700456,62
6073700457,61
6073700458,78
6073700459,72
6073700461,77
6073700462,62
6073700463,59
6073700464,77
6073700465,57
6073700466,51
6073700468,71
6073700473,40
6073700474,54
6073700476,58
6073700479,30
6073700481,62
6073700482,33
6073700483,74
6073700484,37
6073700485,58
6073700487,42
6073700488,46
6073700489,73
6073700491,61
6073700492,56
6073700495,67
6073700496,73
6073700497,78
6073700498,60
6073700500,67
6073700501,54
6073700502,46
6073700506,52
6073700508,43
6073700511,61
6073700513,56
6073700514,67
6073700515,67
6073700516,50
6073700517,69
6073700518,51
6073700519,44
6073700520,80
6073700521,45
6073700522,56
6073700523,67
6073700524,35
6073700525,58
6073700527,71
6073700528,42
6073700529,65
6073700530,48
6073700531,48
6073700532,63
6073700533,55
6073700534,46
6073700537,82
6073700539,72
6073700541,62
6073700542,36
6073700543,52
6073700544,69
6073700545,35
6073700547,78
6073700548,51
6073700549,67
6073700550,48
6073700551,75
6073700552,52
6073700553,59
6073700554,73
6073700555,65
6073700556,65
6073700557,65
6073700558,75
6073700559,60
6073700560,49
6073700561,58
6073700562,68
6073700563,60
6073700564,53
6073700565,66
6073700566,59
6073700567,77
6073700568,33
6073700569,41
6073700570,63
6073700571,45
6073700572,60
6073700573,43
6073700574,71
6073700575,69
6073700576,44
6073700577,37
6073700578,78
6073700580,51
6073700582,67
6073860094,145
6073860095,127
6073860096,185
6073860099,168
6073860100,228
6073860105,208
6073860106,210
6073860110,196
6073860125,189
6073860148,160
6073860153,172
6073860154,187
6073860160,259
6073860162,181
6073860163,183
6073860176,201
6073860180,173
6073860181,182
6073860187,144
6073860246,254
6073860249,407
6073860252,402
6073860253,316
6073860258,382
6073860273,330
6073860276,316
6073860277,184
6073860279,231
6073860280,242
6073860282,291
6081861452,313
6112804138,169
6163999707,446
6163999708,482
6170023776,102
6170023777,123
6170029185,143
6170029188,109
6170029193,164
6170029208,101
6170029213,127
6170029215,212
6170029217,163
6170029218,167
6170029224,216
6170029236,157
6170029246,130
6170029261,118
6170029267,161
6170051839,101
6170051843,90
6170051850,142
6170051851,107
6170051862,108
6179942279,135
6179942280,194
6179942281,185
6179942788,188
6179942789,152
6179942791,172
6179942807,154
6179942808,155
6179954906,87
6179954914,70
6179954916,57
6179954917,73
6179954918,82
6179954923,89
6180121325,90
6241068244,186
6241070456,95
6241076245,323
6241076246,340
6241076247,377
6241076248,340
6241082215,240
6241083254,250
6241088011,45
6241088015,56
6241088016,78
6241088484,49
6241090374,147
6241092075,60
6241094203,75
6241095347,201
6241095538,109
6241097259,317
6241097260,294
6241097261,268
6241097264,71
6241099406,178
6241102385,289
6241102391,308
6241104562,108
6241104985,373
6241104986,351
6241105280,427
6241105281,412
6241105282,388
6241105283,377
6241105284,310
6241105286,465
6241105287,302
6241108053,61
6241108063,79
6241110596,325
6241110738,265
6241110742,261
6241114231,54
6241116181,83
6241118086,77
6241119774,246
6241119775,280
6241119776,276
6241119777,282
6241121197,194
6241124379,531
6241124381,419
6241124382,434
6241124383,505
6241124384,362
6241125410,341
6241125412,463
6241127403,224
6241127404,157
6241127405,204
6241127408,177
6241128850,299
6241132109,290
6241132110,284
6241133969,158
6241133971,121
6241139444,187
6241143531,137
6241150375,87
6241150376,101
6241162241,229
6241166382,150
6241166981,103
6241166983,82
6241167504,392
6241167505,323
6241167508,312
6241167510,526
6241167517,477
6241167520,488
6241167523,450
6241174334,273
6241176371,341
6241176372,181
6241178332,141
6241178610,62
6241178611,57
6241178612,65
6241179047,293
6241179202,104
6241179204,70
6241179207,103
6241183469,80
6241183719,53
6241183721,91
6241193329,65
6241202985,389
6241202986,424
6241202987,247
6241202988,293
6241202989,265
6241202990,263
6241202991,440
6241202992,423
6241202994,317
6241202998,386
6241202999,435
6241203000,288
6241203001,245
6241205464,100
6241205465,94
6241205677,364
6241206935,68
6241212682,30
6241212683,39
6241212684,67
6241213423,67
6241213425,95
6241213426,81
6241213900,485
6241213902,469
6241213903,417
6241213906,379
6241213951,54
6241215085,70
6241215086,67
6241215087,54
6241217329,415
6241217331,386
6241217333,257
6241217334,263
6241217335,80
6241221966,64
6241221967,124
6241222143,220
6241222149,152
6241224418,72
6241224419,63
6241225055,207
6241227796,234
6241227797,322
6241227798,299
6241227799,333
6241227802,107
6241231256,149
6241237204,87
6241237205,68
6241237206,68
6241237207,95
6241244433,327
6241244434,343
6241263624,79
6241269697,362
6241274133,63
6241274134,76
6241276130,90
6241276131,139
6241282601,366
6241283922,79
6241283926,93
6241290034,83
6241290035,59
6241290041,80
6241293293,231
6241293317,80
6241294021,42
6241296135,312
6241299788,119
6241301386,84
6241301387,61
6241302305,281
6241307122,61
6241308575,128
6241309728,261
6241309731,276
6241309735,216
6241408538,58
6243082530,346
6243082623,179
6243082624,172
6243111595,47
6243115232,298
6243116138,83
6243116139,77
6243116147,69
6243117482,526
6243117483,382
6243118891,288
6243119650,93
6243119651,71
6243119652,93
6243119654,79
6243119657,122
6243119658,122
6243126185,213
6243126189,262
6243130802,338
6243130803,291
6243130804,412
6243141580,446
6243141581,446
6243141582,306
6243141583,389
6243141584,275
6243141702,314
6243141798,66
6243141799,64
6243141802,79
6243141888,351
6243141889,357
6243143049,78
6243143061,70
6243143063,113
6243143065,109
6243143066,69
6243143067,82
6243143068,72
6243143069,114
6243163268,410
6243172192,330
6243172193,508
6243172196,462
6243172197,368
6243172198,364
6243172201,411
6243172202,353
6243172203,382
6243172210,483
6243172211,503
6243172212,484
6243172213,480
6243172318,142
6243175528,303
6243195013,385
6243195016,267
6243198159,70
6243198160,79
6243198164,116
6243198167,98
6243198170,86
6243198179,90
6243198180,112
6243199967,163
6243206692,287
6243206693,355
6243206704,342
6243214931,417
6243227416,321
6243227420,491
6243230559,77
6243230560,85
6243230562,81
6243230566,84
6243230571,48
6243256787,81
6243256788,70
6243256857,210
6243256861,207
6243256864,223
6243256868,225
6243375881,95
6243375884,78
6243377185,76
6243398637,87
6243402942,81
6243409793,246
6243746008,546
6243878882,312
6243878883,358
6243878884,414
6243880385,345
6243880386,375
6245769048,439
6245769053,271
6245769055,344
6245769057,478
6245769058,459
6245769060,405
6245769063,325
6245769065,350
6245769066,457
6245769070,415
6245769072,322
6245769073,276
6245787497,64
6245787498,82
6245787499,114
6245787501,71
6245787502,68
6245787504,66
6245787510,75
6245798667,335
6245798669,278
6245798670,333
6245798671,311
6245798673,448
6245798674,315
6245798675,366
6245798676,416
6245798677,298
6245798678,395
6245798679,458
6257267310,215
6257267311,204
6257267323,238
6257267330,240
6324478099,107
6324478100,86
6324480557,75
6324480558,71
6324480559,62
6324480565,44
6324480568,84
6324480577,61
6324480578,84
6324480579,88
6324480580,60
6324480866,88
6324482052,96
6324488969,194
6324488975,265
6324489535,70
6324490417,64
6324490418,65
6324490419,68
6324490420,95
6324490421,61
6324490999,59
6324491001,81
6324491023,147
6324491025,134
6324492171,469
6324492173,287
6324492174,478
6324492175,459
6324492820,496
6324492821,432
6324492822,510
6324492825,375
6324492832,459
6324492834,461
6324492837,346
6324493054,86
6324493055,81
6324493056,124
6324493057,80
6324493058,125
6324493059,79
6324493060,113
6324493187,61
6324493188,90
6324493191,66
6324493194,96
6324493195,76
6324493440,79
6324493467,485
6324493469,384
6324493470,500
6324493756,93
6324493759,80
6324493763,75
6324493897,85
6324493898,76
6324494543,84
6324494544,74
6324494547,69
6324494548,90
6324494549,33
6324494550,100
6324494553,85
6324494577,107
6324494578,95
6324494579,76
6324499550,410
6324499551,386
6324499552,406
6324499553,286
6324499562,349
6324499563,321
6324499564,367
6324499573,392
6324500304,266
6324500308,265
6324500309,229
6324500633,66
6324500634,70
6324501264,98
6324501265,131
6324501266,146
6324501267,156
6324501273,121
6324501274,99
6324501277,154
6324501284,124
6324503009,271
6324503376,74
6324503377,96
6324503378,69
6324503379,94
6324503577,50
6324503579,45
6324503580,46
6324507616,79
6324507619,70
6324507624,73
6324509890,238
6324509894,214
6324511290,161
6324511425,315
6324511580,52
6324511766,68
6324511871,185
6324511872,153
6324512294,205
6324512644,108
6324513420,163
6324513445,112
6324513446,129
6324514789,196
6324514790,168
6324514825,368
6324514826,327
6324514827,324
6324514830,451
6324514833,248
6324514836,266
6324514837,420
6324515054,45
6324515055,73
6324515063,65
6324515067,60
6324515073,51
6324515075,53
6324515077,84
6324515080,43
6324515081,68
6324515634,86
6324515635,108
6324515641,182
6324515642,285
6324515643,278
6324515644,178
6324515645,309
6324516528,351
6324516535,561
6324516536,251
6324516537,287
6324516788,85
6324516795,108
6324516796,113
6324516797,101
6324516798,167
6324516800,114
6324516801,174
6324516879,433
6324516880,415
6324517110,264
6324517111,276
6324519171,111
6324519172,73
6324519173,107
6324519175,98
6324519177,101
6324519180,113
6324519181,84
6324519182,110
6324519183,47
6324519184,67
6324519286,89
6324519287,84
6324519288,63
6324519289,87
6324519290,94
6324519302,108
6324519309,76
6324519312,74
6324521016,48
6324521017,74
6324521540,341
6324521541,251
6324522101,154
6324522104,276
6324522106,156
6324522108,235
6324522110,190
6324522112,203
6324523108,353
6324523109,283
6324524259,68
6324524261,101
6324524267,63
6324524272,406
6324524273,481
6324524274,463
6324524386,426
6324524387,395
6324525088,204
6324525127,83
6324525130,124
6324525137,61
6324525138,127
6324526584,406
6324526661,392
6324526662,511
6324526663,397
6324526664,480
6324526665,556
6324526668,541
6324526669,455
6324526671,505
6324526672,419
6324526674,523
6324526679,358
6324527286,69
6324527287,96
6324527288,78
6324527289,107
6324527292,71
6324527293,66
6324527294,99
6324527295,89
6324527296,114
6324527297,76
6324527298,70
6324527299,64
6324527300,88
6324527304,68
6324527305,104
6324527306,71
6324527310,111
6324528822,96
6324528829,77
6324528831,54
6324528832,52
6324530138,86
6324530143,96
6324530144,111
6324530145,84
6324530146,82
6324531522,531
6324533181,257
6324533568,193
6324533569,227
6324533570,222
6324533571,231
6324533572,268
6324533649,379
6324533650,403
6324533651,167
6324533658,168
6324533659,268
6324533660,180
6324535848,178
6324535849,188
6324535850,209
6324535851,154
6324535852,221
6324535856,164
6324535857,241
6324535858,166
6324535866,218
6324535870,186
6324535882,392
6324536588,318
6324536642,79
6324536833,179
6324538069,144
6324539394,256
6324539395,278
6324539396,391
6324539397,408
6324539398,237
6324539400,264
6324543812,244
6324545331,367
6324545332,357
6324545333,490
6324545334,334
6324545335,544
6324545339,562
6324545344,388
6324545348,438
6324545572,228
6324547999,349
6324548000,484
6324548001,455
6324548002,337
6324548003,540
6324548004,385
6324548005,347
6324548006,552
6324548007,331
6324548008,309
6324548010,360
6324548012,383
6324548013,421
6324548774,135
6324548781,111
6324548956,285
6324551053,85
6324551062,113
6324551073,156
6324551074,144
6324551075,142
6324551176,322
6324551279,428
6324551295,151
6324551296,155
6324551614,367
6324551637,287
6324553535,274
6324555672,60
6324555673,228
6324555674,299
6324555675,233
6324555676,289
6324555677,345
6324555679,349
6324555680,341
6324555681,275
6324556662,68
6324556663,86
6324556665,87
6324556667,110
6324556668,95
6324559974,101
6324559975,105
6324559976,117
6324559977,114
6324560034,223
6324560039,301
6324560744,88
6324560745,86
6324560747,52
6324560748,50
6324560750,88
6324560751,83
6324560752,93
6324560754,64
6324562293,119
6324562300,124
6324562303,99
6324562861,382
6324562870,260
6324564379,393
6324566600,73
6324566740,218
6324566745,225
6324566749,136
6324568584,66
6324569085,92
6324569087,103
6324569088,108
6324569091,97
6324569169,162
6324569199,293
6324569202,353
6324569209,348
6324569347,378
6324569350,292
6324572425,57
6324572435,118
6324574485,152
6324574486,131
6324574491,196
6324577032,50
6324577033,55
6324577597,475
6324577598,447
6324577599,541
6324577600,514
6324577601,340
6324581096,114
6324581100,83
6324581588,277
6324581589,301
6324581590,363
6324582956,107
6324585985,364
6324585987,367
6324586044,48
6324587496,57
6324587497,83
6324587630,331
6324587631,415
6324587632,341
6324587633,374
6324587635,438
6324587636,432
6324587637,281
6324587638,395
6324587639,471
6324587640,336
6324587678,70
6324587679,66
6324587680,83
6324587681,67
6324587682,87
6324587683,76
6324587684,73
6324588185,62
6324588186,74
6324588187,55
6324588188,67
6324588189,62
6324588190,78
6324588191,79
6324588198,86
6324588203,59
6324588204,87
6324588211,87
6324588212,88
6324588213,83
6324588355,384
6324588363,556
6324588379,460
6324589897,40
6324589898,59
6324593794,137
6324593795,149
6324597277,106
6324597280,75
6324597283,131
6324597284,76
6324597699,234
6324597701,276
6324597760,66
6324597761,89
6324597979,79
6324597982,91
6324598133,110
6324598387,182
6324598388,246
6324598406,67
6324600842,77
6324600843,72
6324601177,295
6324601178,171
6324601270,89
6324601271,89
6324601272,50
6324604655,185
6324604658,166
6324604659,151
6324604661,196
6324605322,58
6324605323,62
6324605343,124
6324605742,125
6324605743,146
6324605760,130
6324605761,133
6324605777,90
6324605778,139
6324609958,190
6324609959,197
6324610679,376
6324610680,456
6324610681,120
6324614534,335
6324614535,284
6324614537,220
6324614538,305
6324614539,327
6324614542,343
6324614974,272
6324630027,81
6324631895,51
6324631897,47
6324631898,70
6324631903,81
6324635522,150
6324635528,239
6324636465,421
6324637693,163
6324637695,162
6324642276,83
6324642277,468
6324642278,285
6324643487,228
6324643488,203
6324643489,244
6324643490,182
6324643491,278
6324643500,209
6324643501,287
6324643502,242
6324643505,212
6324643506,241
6324645477,84
6324645478,46
6324646299,360
6324647238,63
6324647240,63
6324647243,69
6324647244,66
6324647563,179
6324647564,210
6324648281,236
6324648282,294
6324654078,410
6324654079,367
6324654081,542
6324654082,382
6324654089,122
6324654095,187
6324654096,174
6324654106,178
6324654150,356
6324654151,423
6324654152,499
6324654153,339
6324654154,290
6324654156,316
6324655208,313
6324655209,244
6324655211,276
6324656527,326
6324657743,157
6324657757,110
6324657869,257
6324657870,345
6324662129,147
6324662130,211
6324662132,141
6324662464,273
6324662467,235
6324663186,108
6324663195,83
6324663363,441
6324663364,389
6324663365,375
6324663370,438
6324663372,498
6324666417,181
6324666419,153
6324666798,91
6324670180,470
6324670181,470
6324672120,390
6324672124,288
6324672126,399
6324672130,427
6324672137,348
6324678237,216
6324678238,255
6324678241,292
6324678307,539
6324678385,318
6324678386,491
6324678390,378
6324678391,424
6324679376,426
6324679382,364
6324681809,293
6324681812,345
6324682293,119
6324682985,90
6324682986,45
6324682987,54
6324682988,65
6324682989,65
6324683545,120
6324683546,98
6324685645,62
6324685646,68
6324685672,92
6324686345,244
6324686354,245
6324686646,348
6324692576,246
6324692577,256
6324692578,236
6324692994,305
6324692995,424
6324693213,258
6324693215,292
6324693227,354
6324694253,68
6324694777,293
6324694778,465
6324694779,402
6324694780,420
6324695564,42
6324695565,85
6324695566,33
6324695567,50
6324695568,79
6324695569,29
6324695570,69
6324695571,47
6324697107,71
6324697108,85
6324697196,65
6324697200,65
6324697201,30
6324697202,55
6324697206,288
6324697207,212
6324697211,308
6324697336,320
6324697337,288
6324697354,287
6324697355,375
6324700242,48
6324700690,271
6324701162,95
6324701163,58
6324701168,87
6324701169,52
6324701234,78
6324701237,63
6324701377,255
6324702733,533
6324702734,369
6324702735,467
6324702736,537
6324702737,493
6324702738,451
6324702739,421
6324702740,339
6324703230,57
6324703963,73
6324703964,75
6324703965,67
6324703966,65
6324706608,48
6324706808,69
6324706809,69
6324706810,62
6324706811,52
6324706812,74
6324706813,81
6324706814,69
6324706815,98
6324706816,91
6324706817,51
6324706818,84
6324706862,59
6324706863,61
6324707149,139
6324707157,87
6324707164,120
6324707165,98
6324707172,80
6324707179,106
6324707180,95
6324707385,58
6324707386,84
6324707387,75
6324707388,92
6324707389,58
6324707391,92
6324707585,356
6324707590,382
6324707591,411
6324707592,504
6324707593,262
6324707594,365
6324707597,469
6324707598,413
6324707600,498
6324707602,433
6324707874,484
6324709019,49
6324709023,56
6324709024,68
6324710154,93
6324710155,96
6324710156,62
6324710157,60
6324712462,60
6324712463,76
6324712465,89
6324712466,73
6324712467,66
6324712469,81
6324713953,79
6324718670,72
6324718673,80
6324718674,112
6324718675,127
6324718676,104
6324719163,391
6324719164,335
6324719165,148
6324719166,106
6324719492,103
6324720321,259
6324720322,73
6324720893,171
6324721318,72
6324721326,67
6324721364,402
6324722091,211
6324722092,149
6324722093,130
6324722097,128
6324722098,142
6324722099,145
6324722100,216
6324722102,221
6324724764,378
6324724765,519
6324724766,567
6324766473,78
6324767494,112
6324767495,121
6324767496,117
6324768512,250
6324768513,206
6324770842,94
6324770843,157
6324770844,97
6324770845,117
6324771078,52
6324771079,85
6324771081,65
6324771082,100
6324771083,85
6324771084,58
6324771485,78
6324771487,89
6324773498,306
6324773499,343
6324773500,321
6324775268,63
6324797296,513
6324797297,436
6324799278,420
6324799279,431
6324799284,363
6324799285,382
6324799286,406
6324799288,345
6324799291,450
6324799292,369
6324799295,424
6324799296,447
6324799298,280
6324799302,329
6324799305,406
6324799306,301
6324809045,84
6324809047,118
6324809050,182
6324809054,266
6324809055,177
6324809056,192
6324809057,241
6324813649,408
6324814977,120
6324814978,103
6324814982,111
6324814983,121
6324814984,139
6324818104,69
6324818105,66
6324823472,61
6324823476,67
6324828499,116
6324828500,101
6324828502,107
6324828503,98
6324835041,73
6324835042,63
6324835043,49
6324836716,182
6324836749,354
6324838280,249
6324838281,237
6324838282,276
6324838283,179
6324838585,43
6324838586,46
6324838587,27
6324838593,72
6324838739,152
6324838740,222
6324838785,234
6324838787,311
6324838790,265
6324839390,62
6324839391,82
6324842973,60
6324845737,93
6324845748,109
6324847428,440
6324847429,428
6324847430,468
6324847431,403
6324847432,496
6324847434,311
6324847435,360
6324847436,463
6324847440,351
6324847443,392
6324847444,458
6324847762,79
6324847767,63
6324847772,65
6324847776,72
6324847777,73
6324847779,76
6324847780,117
6324848096,50
6324848100,68
6324848103,75
6324848292,364
6324848294,522
6324849389,67
6324851855,76
6324851856,94
6324851857,83
6324851858,61
6324851859,62
6324851860,62
6324851862,571
6324851864,383
6324851865,450
6324852171,337
6324852172,342
6324852175,349
6324853491,37
6324853492,69
6324853493,61
6324853495,39
6324853497,64
6324853498,59
6324853501,74
6324856247,44
6324856248,80
6324857229,50
6324857232,43
6324858507,467
6324858509,496
6324858510,345
6324858872,51
6324858878,51
6324858880,61
6324873717,61
6324873718,96
6324873719,55
6324873720,95
6324873726,199
6324873727,252
6324874577,379
6324874578,401
6324875431,254
6324875433,191
6324875435,152
6324875436,254
6324875439,169
6324875440,148
6324875442,122
6324875443,190
6324875448,244
6324875449,139
6324875450,223
6324875451,170
6324878037,367
6324878038,497
6324880277,373
6324880278,307
6324880279,268
6324884692,230
6324884693,375
6324884694,355
6324884695,331
6324901516,180
6324901530,271
6324901536,163
6324902870,236
6324907016,307
6324907017,358
6324907018,425
6324915454,329
6324915455,341
6324915456,393
6324915457,337
6324915459,244
6324915464,305
6324915467,361
6324915471,297
6324915785,399
6324915789,272
6324915790,263
6324918559,54
6324918560,78
6324918562,71
6324921541,285
6324921542,246
6324922376,310
6324922381,305
6324922382,225
6324922397,282
6324953124,560
6324953126,399
6324981616,39
6324981617,86
6324987896,337
6324987906,415
6325000984,211
6325001185,170
6325053937,406
6325223671,71
6325390154,247
6325390155,328
6325390156,264
6325390159,403
6325390160,260
6325419969,254
6325419971,441
6325419977,267
6325421186,392
6329857148,208
6329857149,268
6329857893,136
6329857895,148
6329857896,163
6329857897,245
6329857906,232
6329857907,149
6329857908,161
6329857915,155
6329857917,164
6329858327,123
6329858329,155
6329858330,93
6329858331,184
6329858819,72
6329858820,117
6329859307,197
6329859310,157
6329859515,324
6329862287,206
6329862289,297
6329862293,282
6329862295,317
6329862296,301
6329862297,213
6329862298,239
6329862300,275
6329862301,212
6329862302,247
6329862303,203
6329862388,219
6329862786,263
6329862789,214
6329862790,385
6329862791,345
6329862793,256
6329863207,333
6329863209,516
6329863409,87
6329864941,178
6329864944,184
6329865535,74
6329865536,74
6329865537,62
6329865538,56
6329865543,457
6329865545,362
6329865546,578
6329865549,486
6329865551,70
6329865574,102
6329865582,83
6329867899,157
6329867907,175
6329867912,134
6329867913,145
6329868585,311
6329869052,57
6329874523,502
6329874528,596
6329874529,501
6329875456,421
6329875457,348
6329875458,279
6329875459,356
6329875460,240
6329875461,221
6329875462,411
6329877428,469
6329877430,582
6329877432,356
6329877434,543
6329877435,393
6329877436,248
6329877437,362
6329877438,281
6329877441,326
6329877442,370
6329877445,365
6329877446,214
6329877449,240
6329877452,381
6329877453,287
6329877454,304
6329880092,74
6329880093,71
6329880094,95
6329880095,110
6329880096,117
6329880097,61
6329880098,82
6329880099,76
6329880100,120
6329880103,86
6329880104,88
6329880105,103
6329880107,285
6329880114,37
6329880116,40
6329880120,44
6329880121,69
6329880124,46
6329880285,73
6329880286,90
6329881336,79
6329881337,73
6329881339,69
6329881340,59
6329881341,64
6329881345,50
6329881347,74
6329881348,47
6329883793,70
6329883794,86
6329884497,467
6329884498,386
6329884503,424
6329889214,76
6329889215,92
6329889216,79
6329889217,62
6329889218,100
6329889219,53
6329889471,56
6329889472,50
6329889475,38
6329889476,69
6329889477,65
6329889478,78
6329889482,66
6329889622,87
6329889931,84
6329889933,94
6329891156,134
6329891157,117
6329891169,104
6329891170,105
6329891171,90
6329891178,123
6329892043,58
6329892045,51
6329893802,485
6329893803,508
6329893804,461
6329893805,411
6329893963,82
6329893964,70
6329893965,72
6329893966,68
6329894447,408
6329894448,437
6329898817,96
6329898818,82
6329900015,66
6329900125,75
6329900126,79
6329900136,236
6329900137,116
6329900138,128
6329900139,146
6329900146,41
6329901726,152
6329901730,166
6329901731,192
6329904541,135
6329904549,139
6329906529,317
6329906562,112
6329906563,142
6329906564,157
6329906567,101
6329906568,133
6329906572,96
6329906573,108
6329906574,114
6329906577,132
6329906580,135
6329906581,141
6329908099,253
6329908100,190
6329908105,269
6329908106,262
6329908823,207
6329908826,264
6329908827,189
6329908831,205
6329909554,272
6329909557,252
6329909558,339
6329909559,368
6329909560,317
6329909563,347
6329909564,367
6329914505,285
6329914990,81
6329914991,87
6329914995,94
6329914997,86
6329915001,56
6329915003,85
6329915009,66
6329915013,68
6329915583,164
6329915584,158
6329915785,72
6329915786,70
6329931846,276
6329937130,194
6329937131,299
6329937132,241
6329937133,264
6329937134,186
6329937135,285
6329937138,309
6329938446,211
6329938447,270
6329943062,385
6329943063,275
6329943366,89
6329944296,204
6329944297,196
6329944394,158
6329944395,99
6329944396,154
6329944398,167
6329944403,101
6329944404,120
6329944405,133
6329944406,153
6329944411,98
6329944417,110
6329945294,375
6329945295,306
6329945296,364
6329945297,354
6329945302,442
6329945310,249
6329945396,61
6329945397,75
6329945398,103
6329947353,38
6329947354,79
6329947753,176
6329947756,220
6329947758,130
6329947759,172
6329947762,132
6329947764,137
6329947770,191
6329947777,216
6329947778,183
6329949085,56
6329949086,63
6329949087,69
6329949088,59
6329950442,231
6329951068,127
6329951069,121
6329951070,125
6329951847,243
6329951848,294
6329952198,94
6329952199,71
6329961123,331
6329961125,340
6329961126,380
6329961129,287
6329961985,80
6329964497,190
6329964498,110
6329964503,124
6329964510,146
6329964512,129
6329964517,124
6329964520,232
6329964522,161
6329964535,131
6329964540,133
6329964542,115
6329964544,170
6329964545,168
6329964546,209
6329964551,126
6329964552,130
6329964558,196
6329964563,138
6329964885,129
6329964886,155
6329964893,131
6329964902,222
6329964908,217
6329964909,179
6329964915,173
6329964923,204
6329964927,181
6329964929,207
6329964930,177
6329964935,194
6329964945,126
6329964946,153
6329965428,255
6329965439,271
6329966006,136
6329966011,111
6329966012,363
6329966013,303
6329966014,376
6329966015,283
6329970036,296
6329970974,418
6329970975,178
6329972854,191
6329972870,161
6329972877,192
6329972884,189
6329976702,42
6329976703,71
6329976704,33
6329976705,43
6329976706,37
6329976737,52
6329977104,367
6329977105,327
6329977777,53
6329977778,68
6329977780,75
6329978507,386
6329978508,468
6329978509,486
6329978510,465
6329978511,501
6329978514,489
6329979940,90
6329981685,84
6329981686,88
6329981687,112
6329984181,314
6329985237,80
6329985238,73
6329985239,80
6329985240,76
6329985243,77
6329985245,49
6329985246,65
6329985247,49
6329985619,172
6329985889,292
6329986592,69
6329986593,118
6329986595,88
6329986599,105
6329986600,75
6329990810,274
6329990811,225
6329990814,304
6329990815,292
6329991702,422
6329991703,430
6329991706,473
6329991707,489
6329991710,362
6329991711,517
6329991937,143
6329991938,155
6329991939,141
6329991940,165
6329991941,158
6329991942,216
6329991943,155
6329992663,290
6329992665,134
6329993085,87
6329993096,63
6329993110,84
6329993111,80
6329995317,88
6329995318,89
6329995319,67
6329995321,64
6329995322,73
6329995323,66
6329995324,87
6329995325,383
6329995330,494
6329995331,517
6329995332,206
6329995335,279
6329995336,259
6329995337,176
6329995338,265
6329996135,357
6329997462,113
6329997656,428
6329997657,470
6329997933,90
6329997934,122
6329997961,52
6329997967,75
6329997969,63
6329997970,67
6329997971,70
6329997972,45
6329997974,52
6329997976,69
6329999448,536
6329999449,491
6329999450,422
6330000168,37
6330000169,70
6330000172,65
6330000173,55
6330000174,73
6330000175,64
6330000176,69
6330000177,84
6330000179,74
6330000180,37
6330000182,69
6330000183,69
6330001427,296
6330001428,376
6330003433,58
6330003434,68
6330003435,65
6330003436,67
6330003985,74
6330003986,79
6330003987,37
6330003988,62
6330003989,83
6330003990,58
6330003991,34
6330003993,53
6330003995,59
6330003996,66
6330003998,93
6330004926,108
6330004927,69
6330004928,68
6330004929,116
6330006051,35
6330006052,43
6330006053,55
6330006054,82
6330006055,79
6330006057,515
6330006058,332
6330006059,482
6330006060,503
6330006061,374
6330006062,527
6330006063,493
6330006064,324
6330007463,421
6330007470,111
6330007471,92
6330007472,83
6330007473,100
6330007474,97
6330007480,102
6330010457,183
6330010462,177
6330010463,73
6330010464,109
6330010465,112
6330010466,98
6330010467,129
6330010468,86
6330010469,74
6330010470,72
6330010471,88
6330010472,109
6330010809,82
6330010810,152
6330010823,166
6330010828,171
6330012163,73
6330012957,84
6330012959,85
6330012960,75
6330012961,73
6330013306,403
6330013894,169
6330016785,53
6330016790,73
6330016792,57
6330018499,94
6330018504,146
6330018505,106
6330018506,105
6330018507,88
6330018508,100
6330018509,130
6330018514,93
6330018548,74
6330018549,111
6330018550,85
6330019104,371
6330019113,380
6330019114,358
6330019115,410
6330019129,83
6330019132,73
6330019995,60
6330019996,75
6330019997,54
6330019998,55
6330019999,49
6330020000,69
6330021098,422
6330021102,298
6330021315,216
6330021316,258
6330021317,194
6330021318,256
6330021319,179
6330021320,158
6330021321,176
6330021322,204
6330021324,226
6330021328,190
6330021329,189
6330021332,262
6330021334,180
6330021354,224
6330021596,62
6330021597,89
6330021811,293
6330021812,438
6330021813,376
6330021819,497
6330021820,467
6330021824,491
6330021825,317
6330021828,395
6330021831,469
6330021833,418
6330021834,476
6330021839,491
6330021841,370
6330021842,329
6330023073,69
6330023445,427
6330023997,243
6330023999,180
6330024852,174
6330024854,107
6330024860,135
6330024864,157
6330024865,173
6330025932,306
6330025933,449
6330025937,477
6330026681,122
6330026682,135
6330026889,49
6330027342,83
6330027343,80
6330027527,69
6330027528,48
6330027529,77
6330027530,65
6330028213,472
6330028215,386
6330028216,458
6330028219,384
6330028220,409
6330028223,466
6330028226,334
6330028390,377
6330028391,342
6330028392,347
6330028664,49
6330028676,61
6330028680,42
6330028681,87
6330028682,62
6330029647,316
6330030027,465
6330030028,275
6330030030,452
6330030031,330
6330030034,348
6330030035,326
6330030036,461
6330030038,476
6330030040,278
6330030041,334
6330030042,377
6330030043,393
6330030492,67
6330030797,94
6330030918,591
6330030919,142
6330030924,182
6330032122,172
6330032124,164
6330032267,107
6330032274,91
6330032283,109
6330032586,80
6330032597,105
6330032601,75
6330032602,80
6330034845,67
6330034846,67
6330034850,61
6330035240,228
6330035242,333
6330035243,288
6330035244,251
6330035245,338
6330035246,334
6330035247,214
6330035248,293
6330035249,242
6330035250,281
6330035251,309
6330035252,196
6330035253,271
6330035254,243
6330035255,274
6330035256,207
6330035257,313
6330035262,290
6330035263,218
6330035267,326
6330036553,217
6330036554,316
6330036581,91
6330036582,66
6330038566,304
6330038567,285
6330038569,438
6330038570,432
6330038572,287
6330038573,279
6330038574,446
6330038575,318
6330038576,316
6330038577,422
6330038578,264
6330038580,484
6330038581,280
6330038582,433
6330038583,348
6330038788,300
6330038794,371
6330038795,500
6330038796,239
6330039086,75
6330039090,116
6330039091,72
6330044060,52
6330044061,34
6330044062,86
6330045255,218
6330045257,241
6330045258,351
6330045259,317
6330045260,35
6330045261,43
6330045262,55
6330045264,65
6330047419,73
6330047496,289
6330048186,108
6330048187,85
6330048188,73
6330048194,86
6330048195,107
6330048198,83
6330048199,84
6330048200,89
6330048202,109
6330048209,342
6330048213,287
6330048214,203
6330048215,281
6330048216,218
6330048218,202
6330048220,233
6330048222,249
6330048223,305
6330050948,106
6330050956,80
6330050958,142
6330050970,123
6330050979,98
6330050980,101
6330058826,45
6330058827,72
6330058828,59
6330058850,131
6330059038,77
6330059040,91
6330059043,63
6330059046,91
6330059047,75
6330059048,73
6330059049,106
6330059053,91
6330059054,79
6330059055,92
6330059057,60
6330059058,98
6330059120,104
6330059121,91
6330059122,97
6330059123,87
6330059124,139
6330059125,98
6330059126,85
6330059127,127
6330059129,87
6330060162,112
6330060300,177
6330060301,114
6330060302,194
6330060303,168
6330060304,136
6330060305,158
6330060306,140
6330060313,168
6330060314,187
6330060316,191
6330060663,128
6330060952,134
6330060954,85
6330060955,143
6330060959,114
6330067579,203
6330069995,180
6330069998,157
6330069999,56
6330070000,76
6330071915,100
6330073462,84
6330073464,69
6330073465,79
6330073471,73
6330073474,94
6330073475,63
6330073476,89
6330073477,84
6330074025,108
6330074028,123
6330074029,100
6330074064,85
6330074065,89
6330074066,92
6330074067,91
6330074068,133
6330074069,135
6330075399,97
6330075404,121
6330075405,115
6330075609,39
6330075610,50
6330075611,93
6330075612,62
6330076723,87
6330076726,105
6330076797,100
6330077420,236
6330077421,245
6330077422,156
6330080686,93
6330080687,100
6330080688,81
6330080691,71
6330080692,67
6330081784,97
6330083376,480
6330083377,530
6330083378,390
6330083384,37
6330084885,42
6330086351,94
6330086352,76
6330086354,87
6330086359,74
6330086360,55
6330087193,158
6330087194,269
6330088287,92
6330088300,142
6330088308,101
6330088319,123
6330088328,114
6330088329,87
6330088336,119
6330088337,109
6330088338,117
6330090489,33
6330090492,49
6330092040,72
6330094118,322
6330094119,221
6330094123,250
6330096878,77
6330096879,72
6330096882,76
6330098028,384
6330098037,48
6330098038,78
6330104208,273
6330104209,175
6330104210,244
6330104211,173
6330104212,182
6330105662,138
6330105663,95
6330105793,134
6330108865,136
6330108866,140
6330108868,110
6330112788,98
6330112931,347
6330112935,343
6330112936,296
6330112940,355
6330113601,120
6330113604,104
6330113609,135
6330113611,215
6330113612,167
6330114523,282
6330114524,400
6330114525,514
6330114529,310
6330118097,66
6330118098,91
6330118099,83
6330119561,160
6330119563,145
6330119693,86
6330120676,64
6330120847,62
6330120848,86
6330120849,58
6330120850,65
6330120851,64
6330120852,88
6330120853,69
6330122911,234
6330122912,237
6330125995,54
6330126000,94
6330126001,90
6330126004,64
6330131448,169
6330131450,140
6330131452,373
6330131453,260
6330131455,274
6330131702,341
6330131704,313
6330132142,330
6330132143,455
6330132144,496
6330132905,51
6330132906,57
6330132907,60
6330132908,56
6330132909,73
6330133933,43
6330135512,298
6330135571,377
6330135572,198
6330135805,171
6330135808,313
6330135809,264
6330135989,283
6330135990,213
6330135991,238
6330135994,220
6330135995,284
6330138623,463
6330138852,84
6330138853,116
6330138857,134
6330138858,134
6330138859,125
6330138907,252
6330138908,300
6330138909,286
6330138910,210
6330138911,348
6330139140,74
6330139150,73
6330141349,53
6330141767,53
6330141768,82
6330141769,34
6330141770,51
6330141771,45
6330141776,77
6330141777,70
6330141778,93
6330141779,107
6330141780,142
6330142576,85
6330142577,104
6330142578,76
6330142579,69
6330142580,98
6330142581,98
6330146761,78
6330146763,59
6330147761,55
6330147762,96
6330147766,59
6330147768,77
6330147769,69
6330147770,52
6330147771,71
6330147772,62
6330149108,102
6330149176,74
6330149177,64
6330149402,316
6330149403,360
6330149414,453
6330149415,370
6330152635,80
6330152638,139
6330153255,74
6330153257,81
6330153258,126
6330153259,121
6330153583,105
6330159425,571
6330159426,445
6330159427,314
6330159428,312
6330159429,560
6330159430,386
6330159431,526
6330159432,320
6330159433,358
6330159436,553
6330159440,577
6330159441,333
6330159442,355
6330161922,482
6330161940,439
6330161941,383
6330163667,189
6330166115,90
6330166407,67
6330166409,72
6330166451,343
6330166452,300
6330167268,396
6330167332,269
6330167334,312
6330167336,82
6330167337,69
6330167338,229
6330167339,201
6330167340,164
6330167341,130
6330174732,88
6330174733,96
6330174754,90
6330174755,98
6330177712,32
6330177721,81
6330177961,113
6330181321,56
6330181440,412
6330192119,283
6330192120,412
6330192121,363
6330192122,497
6330192123,500
6330192124,460
6330192125,423
6330192127,384
6330192128,532
6330192129,430
6330192130,442
6330192131,329
6330192132,368
6330192134,391
6330194786,358
6330194787,385
6330197673,84
6330197675,63
6330197676,63
6330197678,75
6330197680,37
6330200181,468
6330201006,471
6330201007,337
6330201008,370
6330201012,386
6330201013,456
6330201015,362
6330201016,360
6330201017,318
6330201018,502
6330201019,527
6330201020,524
6330201021,521
6330201070,149
6330201071,149
6330201286,467
6330201287,461
6330201288,393
6330201297,288
6330201298,434
6330201304,60
6330201376,42
6330201379,244
6330201657,36
6330201658,66
6330204450,129
6330205853,245
6330205854,249
6330205855,45
6330205856,66
6330205857,87
6330206092,345
6330206093,349
6330210696,75
6330210702,54
6330210704,65
6330211307,85
6330211310,59
6330211510,337
6330211511,299
6330213373,230
6330215762,65
6330217677,71
6330218560,112
6330219526,75
6330229553,234
6330229557,235
6330231548,545
6330272165,219
6330272168,203
6330274844,166
6330274850,102
6330274946,338
6330274947,238
6330274948,326
6330274950,284
6330274952,222
6330274953,226
6330274955,206
6330274956,253
6330284932,175
6330336454,601
6330336455,336
6330336456,490
6330339955,159
6330339956,124
6330339959,156
6330339960,160
6330341458,65
6330342527,77
6330342530,66
6330343684,335
6330344386,455
6330344387,450
6330344388,317
6330344389,412
6330344390,474
6330344394,304
6330347755,250
6330347756,228
6330347760,264
6330347764,380
6330347767,381
6330347768,327
6330347769,301
6330353279,415
6330354431,82
6330356049,163
6330356050,158
6330356346,109
6330356516,70
6330359035,137
6330362820,107
6330362825,98
6330362827,118
6330362843,95
6330366857,80
6330366858,64
6330366859,31
6330366864,81
6330366868,59
6330366869,57
6330366871,50
6330369152,75
6330369153,134
6330369154,132
6330369155,109
6330369156,103
6330369158,134
6330369160,119
6330369166,111
6330369911,232
6330370090,542
6330370094,574
6330370095,405
6330370096,493
6330370097,542
6330370098,320
6330370587,309
6330372429,210
6330372985,285
6330373151,106
6330373161,88
6330373162,122
6330373170,121
6330373171,87
6330373174,119
6330373176,146
6330373177,123
6330373179,109
6330373193,93
6330373195,103
6330373197,91
6330373202,137
6330373214,135
6330373223,150
6330373265,55
6330373266,128
6330373651,163
6330373652,139
6330374020,280
6330375385,108
6330375396,101
6330375407,91
6330375418,83
6330375419,85
6330437150,317
6330437151,255
6330437152,211
6330437153,216
6330437155,318
6330437768,511
6330437769,384
6330437777,477
6330438498,139
6330438499,108
6330438589,85
6330439644,77
6330442434,78
6330442435,54
6330442436,100
6330442438,81
6330442439,69
6330442452,99
6330443670,432
6330443702,80
6330443980,83
6330443982,76
6330448801,77
6330448802,96
6330448823,124
6330448824,119
6330448825,144
6330448826,65
6330448827,68
6330448828,74
6330449953,328
6330450636,228
6330450637,210
6330450875,142
6330455544,72
6330455838,277
6330455839,300
6330513508,80
6330513509,64
6330513513,208
6330513514,223
6330533507,74
6330533508,80
6330533510,90
6330576709,102
6330576710,56
6330671509,68
6330671510,77
6330671511,95
6330671515,92
6330671519,95
6330671522,112
6330671523,131
6332099402,73
6332099405,58
6332099410,48
6332100697,100
6332114463,235
6332114465,195
6332114964,111
6332114969,202
6332117663,117
6332117664,199
6332117670,537
6332117672,479
6332117673,316
6332118406,52
6332121289,329
6332122533,237
6332122535,312
6332122536,212
6332122537,325
6332122834,93
6332122835,75
6332122837,94
6332122838,73
6332123104,561
6332123700,104
6332123701,68
6332123907,226
6332123910,223
6332123911,178
6332123912,208
6332124311,273
6332124769,325
6332124770,364
6332125808,288
6332127036,80
6332127040,197
6332127041,317
6332133918,190
6332134008,322
6332134009,232
6332134844,338
6332140418,166
6332140566,74
6332140567,81
6332144137,308
6332148104,107
6332149984,396
6332150024,104
6332150481,184
6332151210,397
6332152320,108
6332152321,238
6332152322,277
6332152333,285
6332152334,329
6332152335,367
6332152349,258
6332152350,206
6332152353,295
6332152356,252
6332155436,48
6332155437,51
6332155442,55
6332155444,50
6332155445,67
6332155446,61
6332155447,86
6332155450,65
6332155451,56
6332155453,85
6332155455,69
6332155458,50
6332155460,51
6332156262,444
6332156265,399
6332156267,445
6332156268,487
6332159368,257
6332161070,304
6332161178,78
6332161179,49
6332161183,53
6332161787,68
6332161794,67
6332161796,71
6332161797,65
6332162150,91
6332162789,100
6332162795,115
6332162808,82
6332162812,110
6332162814,82
6332162817,114
6332162911,448
6332162912,390
6332163161,321
6332163162,341
6332163163,81
6332163164,89
6332163165,68
6332163166,87
6332163169,86
6332163170,81
6332163974,102
6332164237,66
6332165480,207
6332165995,205
6332168162,323
6332168163,369
6332168164,285
6332168166,384
6332168755,59
6332168756,54
6332168757,65
6332169363,58
6332169364,74
6332169365,62
6332169366,49
6332169367,61
6332169368,63
6332169369,57
6332169371,60
6332169373,78
6332169651,91
6332169652,105
6332169653,63
6332169654,72
6332169655,61
6332169660,96
6332169661,55
6332169663,62
6332169664,53
6332169666,73
6332169667,95
6332169668,89
6332169670,99
6332169671,73
6332169672,68
6332169673,85
6332169684,62
6332170388,60
6332170391,80
6332170971,59
6332170975,58
6332170976,79
6332171531,345
6332174686,368
6332174687,484
6332174688,601
6332174689,401
6332186377,81
6332186378,57
6332186379,89
6332186380,50
6332186381,62
6332186382,92
6332186894,78
6332186903,58
6332191280,65
6332191488,69
6332191491,67
6332191492,44
6332230222,178
6332283411,305
6332292672,58
6332336613,192
6332394124,61
6332401758,72
6332476671,173
6332476672,161
6332519729,240
6332519738,258
6332523255,41
6332523256,41
6332523257,46
6332523258,66
6332523260,41
6332523261,51
6332523262,60
6332523263,66
6332523462,113
6332523687,95
6332523696,63
6332532344,296
6332532345,322
6332532346,338
6332532347,575
6332532349,463
6332532350,524
6332535472,160
6332535478,149
6419892666,292
6419892671,385
6419892672,296
6419892680,237
6419892688,324
6419892689,385
6419892692,369
6473109264,378
6473109265,487
6473109266,366
6473109268,417
6473109279,373
6473109280,309
6473109282,358
6473192769,473
6473192770,495
6473226596,346
6473226597,319
6473234889,338
6473234890,537
6473250337,451
6473296374,418
6473304156,337
6473377266,228
6473425816,390
6473437637,475
6473437638,377
6473437639,374
6473437640,383
6473437641,334
6473437642,332
6473437643,515
6473437647,390
6473437648,423
6473437649,464
6473437650,404
6473437651,449
6473437652,554
6473437653,384
6473437654,532
6473437655,389
6473437658,370
6473458186,348
6473458190,518
6473544601,442
6473544603,543
6473548105,347
6473548107,468
6473608738,322
6474168584,317
6474206286,488
6474223078,312
6474225822,277
6474225823,310
6474281799,527
6474281800,510
6474281801,359
6474309738,328
6474335867,261
6474335873,258
6474460820,218
6474460822,227
6474478899,429
6474478909,462
6474501123,217
6474501125,269
6474536587,375
6474552736,385
6474552737,538
6474552739,404
6474572152,223
6474572154,342
6474588068,221
6474611249,231
6474611250,329
6474868668,495
6474880881,415
6474880882,431
6474880883,391
6474880884,259
6474882585,341
6475009153,204
6475009154,271
6475009155,335
6475009156,188
6475009157,321
6475009158,269
6475009159,209
6475009161,324
6475009162,269
6475009164,260
6475009167,261
6475011821,323
6475011827,328
6475016728,451
6475016729,502
6475016734,458
6475016735,495
6475033813,529
6475033823,315
6475038445,224
6475038447,257
6475040075,384
6475040076,421
6475040077,486
6475040078,579
6475043286,581
6475043287,420
6475043288,527
6475043289,440
6475058832,547
6475062805,312
6475079953,551
6475079954,566
6475085851,267
6475106032,558
6475143378,419
6475143381,313
6475143382,261
6475143407,447
6475146585,293
6475146586,313
6475146587,385
6475146588,271
6475146589,346
6475152272,392
6475152279,239
6475152280,355
6475152281,273
6475152282,404
6475156768,378
6475160522,229
6475164274,495
6475164280,521
6475166934,194
6475173793,359
6475173797,260
6475174493,427
6475174566,352
6475174569,342
6475180324,214
6475185446,170
6475195003,408
6475195004,441
6475197172,224
6475214473,321
6475224988,232
6475283067,402
6475283068,501
6475325037,484
6475325038,359
6475325039,351
6475325041,455
6475325042,449
6475325044,293
6475325045,396
6475325046,362
6475336240,474
6475336241,320
6475343219,450
6475344108,450
6475344109,496
6475354291,431
6475367740,410
6475390183,261
6475391890,267
6475396474,496
6475418144,296
6475418148,219
6475426614,155
6475426618,89
6475429961,309
6475429962,209
6475429964,251
6475433676,480
6475489071,424
6475489072,402
6475489074,347
6475489075,334
6475489076,275
6475489077,407
6475489078,366
6475489079,323
6475489082,361
6475489083,490
6475489084,482
6475489386,365
6475489387,498
6475496927,104
6475500539,284
6475500541,289
6475500743,157
6475500744,113
6475502728,197
6475502730,345
6475505780,418
6475513566,130
6475513574,128
6475513575,121
6475513582,83
6475514190,126
6475526348,236
6475526349,217
6475537679,363
6475546215,271
6475551841,148
6475551845,185
6475551847,238
6475553665,382
6475576169,269
6475576171,348
6475576172,423
6475576174,400
6475576176,321
6475576177,333
6475576364,390
6475576365,275
6475586563,449
6475591017,250
6475591022,380
6475605160,101
6475605161,95
6475605162,102
6475758211,216
6475758218,250
6476965865,299
6536597870,549
6536634015,530
6536634016,418
6536674732,444
6536674744,308
6536750244,307
6536750653,353
6536766567,446
6536766572,372
6543967589,118
6543967590,137
6543994856,97
6543994857,106
6544011933,322
6544039201,338
6546806738,447
6546806739,379
6546806740,540
6546806741,526
6546806743,578
6546806744,357
6546806746,463
6546806747,336
6546806748,387
6546806749,490
6546806751,439
6546806752,510
6546806754,554
6546806755,337
6581097852,399
6865983056,41
6866001358,114
6866001361,95
6866003378,339
6866003380,437
6866068255,179
6866068257,235
6866068258,189
6866068259,244
6866068260,203
6866068261,263
6866068267,210
6866068268,251
6866068272,272
6866068273,192
6866068275,173
6866068278,239
6866068280,250
6866068281,267
6866150881,173
6866150882,241
6866150883,245
6866150884,245
6866160288,145
6866160292,159
6866160308,257
6866160312,235
6866160316,227
6866160319,252
6868545044,42
6868545062,66
6868545063,63
6868545064,70
6868545065,67
6868545066,57
6868545068,43
6868566295,311
6868566296,290
6868566297,204
6868566298,293
6868566299,231
6868566300,231
6868566301,319
6868566302,246
6868566305,305
6868566306,334
6868566307,240
6868566310,218
6868566311,270
6868566312,253
6868566313,252
6868616032,58
6868616035,39
6868616036,41
6868616038,60
6868616039,66
6868616040,54
6868616041,55
6868616042,52
6868616043,65
6868616044,43
6868616045,58
6868616046,63
6868616048,53
6868616049,72
6868616050,69
6868616051,46
6868616052,44
6868616053,41
6868616054,64
6868616055,70
6868616056,63
6868616058,74
6868616060,63
6868616062,50
6868616063,49
6868616064,63
6868616065,63
6868616066,32
6868623586,58
6868623587,55
6868623588,53
6868623595,63
6868623596,67
6868623633,69
6868623634,50
6868623644,69
6868623645,49
6868623650,52
6868625117,446
6868625122,486
6868625123,477
6868628899,75
6868631020,156
6868631029,239
6868645736,98
6868645737,70
6868645738,49
6868645744,77
6868645745,47
6868645746,58
6868645748,74
6868655786,59
6868655788,85
6868655791,79
6868655850,89
6868655852,86
6868655853,128
6868655854,68
6868655855,113
6868658717,238
6868659031,492
6868665397,131
6868665398,69
6868665403,87
6868665404,109
6868665405,83
6868665410,75
6868665411,112
6868665412,66
6868665418,98
6868665419,105
6868665424,99
6868665425,93
6868665428,61
6868665433,102
6868669794,309
6868669795,216
6868760635,425
6868774828,32
6868774836,44
6868800835,104
6868800836,111
6868800837,77
6868800838,87
6868800839,108
6868800841,102
6868800842,123
6868800843,92
6868800844,111
6868800845,75
6868800846,101
6868800847,89
6868800849,71
6868800850,116
6868850200,142
6868850203,128
6868855413,83
6868855414,62
6868860593,329
6868860594,325
6868950889,85
6868950891,77
6868950892,66
6868950893,72
6868950895,72
6868950896,56
6868950898,49
6868950900,67
6868950904,55
6868950905,81
6868950913,54
6868950914,67
6868957755,51
6868957757,62
6868957758,68
6868994833,232
6868994853,192
6868994854,291
6868996346,145
6868996350,145
6868996351,227
6868996362,160
6869004095,82
6869004096,102
6869004097,101
6869004098,129
6869004101,94
6869004102,101
6869004109,120
6869004118,129
6869004120,96
6869004121,115
6869004123,112
6869004133,92
6869004137,81
6869004138,117
6869004209,51
6869004219,53
6869004230,63
6869004231,29
6869004232,61
6869004233,58
6869004234,73
6869004235,69
6869004240,53
6869004243,52
6869004245,77
6869015281,504
6869020253,74
6869020256,48
6869020257,50
6869020258,58
6869020259,80
6869020260,82
6869020261,54
6869020262,75
6869020265,81
6869020266,81
6869020267,64
6869020271,57
6869027035,287
6869034820,344
6869034821,338
6869034822,328
6869034823,407
6869034824,303
6869034829,409
6869040586,585
6869066314,83
6869066326,104
6869066329,85
6869066333,83
6869071407,75
6869071409,84
6869081292,139
6869081294,113
6869100469,180
6869100471,139
6869100472,180
6869412358,352
6869412362,341
6869442279,268
6869442280,223
6869442281,223
6869448985,279
6869448986,230
6869448987,161
6869448988,254
6869448989,170
6869463007,254
6869463008,204
6869463009,214
6869463010,342
6869463011,194
6869463012,296
6869463013,277
6869463014,206
6869463015,317
6869463016,209
6869478106,60
6869478108,70
6869478119,67
6870032737,154
6870032746,201
6870032748,231
6876495542,134
6876495544,123
6876495545,127
6876495547,106
6876495548,114
6876495549,95
6876495550,129
6876495551,92
6876495552,81
6876495553,110
6876495554,85
6876495555,115
6876495558,113
6876495559,87
6876495560,94
6876495561,79
6876495562,116
6876495563,95
6876495564,122
6876495565,142
6876495566,122
6876495567,95
6876495568,119
6876495569,120
6876495570,121
6876495571,172
6876495572,108
6876495579,121
6876495580,168
6876495581,175
6876495582,137
6876495583,142
6876495584,110
6876523585,164
6876523586,146
6876523587,136
6876523588,121
6876523589,132
6876525742,63
6876525743,42
6876533428,68
6876533429,49
6876533431,78
6876533433,56
6876533434,84
6876638448,459
6876638449,454
6876638451,427
6876654218,258
6876707515,259
6876707517,284
6876707518,223
6876707524,256
6876720557,327
6876721645,91
6876726086,84
6876726087,86
6876726088,77
6876726091,42
6876726092,62
6876726093,71
6876726098,55
6876738111,52
6876738112,54
6876738113,57
6876738114,45
6876738120,51
6876746032,83
6876746034,73
6876746036,41
6876746038,74
6876746046,65
6876746047,58
6876746048,61
6876746049,65
6876746052,75
6876746053,55
6876746054,90
6876746056,91
6876746057,68
6876746062,88
6876746063,78
6876746064,89
6876746065,64
6876746066,79
6876746068,55
6876746069,54
6876746070,63
6876746072,67
6876746073,74
6876746074,45
6876746075,94
6876746076,50
6876746078,62
6876746079,82
6876746080,44
6876746081,78
6876756885,87
6876756886,98
6876756887,90
6876756888,61
6876756890,70
6876756891,93
6876756893,48
6876756894,61
6876756897,50
6876756899,94
6876756900,70
6876756901,113
6876756902,74
6876756903,103
6876756904,64
6876756905,75
6876757216,225
6876758463,284
6876758467,382
6876760958,340
6876760959,540
6876760960,510
6876760963,463
6876760964,417
6876760965,347
6876760967,383
6876760968,355
6876760971,445
6876764856,129
6876764859,75
6876764860,64
6876764862,73
6876764863,93
6876764864,67
6876833204,41
6876833206,33
6876904664,58
6876904665,112
6876904666,127
6876904677,80
6876904680,82
6876907855,335
6876907856,447
6876908534,335
6876908541,344
6876908544,365
6876908545,446
6876964710,123
6876964711,133
6876969587,92
6876969594,98
6876986814,285
6876986817,465
6876998217,451
6876998222,499
6877035776,59
6877035777,70
6877035778,85
6877035779,56
6877035783,67
6877035784,52
6877044539,71
6877044542,65
6877048685,49
6877048686,65
6877048687,51
6877048688,72
6877048692,76
6877048697,53
6877048698,48
6877048701,57
6877048702,80
6877048704,59
6877048708,61
6877048710,54
6877048713,75
6877048717,37
6877048719,64
6877048722,58
6877048723,68
6877048724,58
6877048725,70
6877048726,59
6877048729,84
6877048730,67
6877048735,62
6877048736,62
6877048737,86
6877048744,71
6877048745,86
6877048748,58
6877048749,77
6877048752,55
6877048753,84
6877051219,386
6877051221,435
6877051222,500
6877051228,449
6877076659,334
6877076660,311
6877076661,218
6877076662,331
6877076666,270
6877076668,290
6877082089,90
6877082092,115
6877082094,128
6877082095,101
6877082098,140
6877082099,122
6877082100,83
6877082101,105
6877082102,90
6877082103,122
6877082104,87
6877082105,140
6877082108,91
6877082110,80
6877082111,99
6877082114,67
6877082115,77
6877082116,110
6877082118,139
6877114666,58
6877123888,56
6877123889,50
6877123891,61
6877123894,64
6877123895,62
6877123901,58
6877123904,74
6877163327,483
6877163334,458
6877163335,408
6877163338,361
6877163339,363
6877163343,378
6877163344,382
6877163347,365
6877163349,432
6877163353,365
6877182768,215
6877182769,261
6877182772,328
6877182773,234
6877182774,328
6877182777,201
6877211574,176
6877241463,60
6877241464,58
6877241465,64
6877241466,58
6877241467,55
6877241468,54
6877241469,75
6877241470,71
6877241480,58
6877241903,83
6877241908,36
6877251944,479
6877251948,457
6877304348,118
6877308709,167
6877308710,192
6877308713,198
6877308714,175
6877308715,150
6877308718,203
6877308722,127
6877341900,300
6877341903,185
6877342619,105
6877342620,98
6877342621,65
6877342622,79
6877342623,85
6877342624,76
6877342629,106
6877342630,72
6877342631,86
6877342633,70
6877342638,65
6877342644,86
6877342645,122
6877352958,98
6877352964,109
6877352968,81
6877352971,74
6877352974,61
6877352984,82
6877353825,80
6877353829,81
6877353835,127
6877353847,90
6877353856,112
6877385387,84
6877385388,90
6877387478,80
6877387479,81
6877387480,69
6877387481,38
6877387483,66
6877389254,42
6877389255,58
6877389256,68
6877389258,70
6877389260,50
6877389267,54
6877389270,48
6877389275,91
6877406685,75
6877406690,71
6877406691,63
6877406692,86
6877409101,48
6877409103,54
6877409108,72
6877409113,81
6877416306,71
6877416307,76
6877416308,43
6877416309,60
6877423955,69
6877423956,65
6877423958,50
6877423960,63
6877423962,55
6877423963,56
6877423965,56
6877424589,71
6877424594,75
6877424598,53
6877424609,63
6877424611,63
6877424613,72
6877424618,56
6877439239,48
6877444662,90
6877444664,67
6877444665,71
6877444666,83
6877464069,64
6877464071,110
6877464072,92
6877464075,79
6877464078,115
6877464079,78
6877464081,100
6877464082,106
6877464083,93
6877484406,84
6877484407,77
6877484408,83
6877484409,90
6877484410,81
6877484411,88
6877484412,86
6877484415,62
6877484416,48
6877484417,88
6877484418,65
6877484419,106
6877484420,118
6877484422,105
6877484423,78
6877484424,89
6877505130,71
6877505131,72
6877505132,84
6877505135,65
6877505137,53
6877505139,57
6877505140,79
6877505141,68
6877505145,77
6877505146,72
6877505148,83
6877505149,65
6877529944,82
6877529949,79
6877529952,77
6877529953,99
6877529957,66
6877529958,74
6877529959,67
6877529961,76
6877544465,80
6877544467,79
6877544468,65
6877544470,82
6877544471,53
6877544472,73
6877544473,68
6877545480,92
6877545481,90
6877545482,74
6877545483,80
6877553190,84
6877555499,102
6877555500,82
6877555501,81
6877555502,86
6877556806,244
6877556807,185
6877556808,241
6877556809,194
6877556810,177
6877556812,248
6877556813,158
6877556814,165
6877556815,274
6877556816,228
6877556817,180
6877556828,218
6877556829,231
6877556830,234
6877556833,179
6877556840,166
6877556844,200
6877556845,214
6877556846,218
6877556850,182
6877556854,234
6877556855,253
6877556856,194
6877556857,145
6877556858,227
6877724253,292
6877724254,163
6877724259,181
6877724266,242
6877749393,185
6877749394,114
6877749395,139
6877749396,126
6877749397,197
6877749398,170
6877749402,146
6877749403,152
6877749406,161
6879980858,83
6879980859,56
6880000033,41
6880000034,55
6880000036,47
6880000042,83
6880000044,58
6880000046,49
6880000048,66
6880055698,60
6880055699,72
6880055700,49
6880055703,77
6880055704,65
6880061978,214
6880067258,152
6880067259,130
6880067260,93
6880067261,143
6880067262,99
6880067267,165
6880068297,64
6880068302,44
6880068303,71
6880068304,45
6880068305,49
6880068306,81
6880068309,86
6880070116,40
6880070118,55
6880070120,57
6880070121,68
6880070122,49
6880070126,47
6880070131,39
6880070133,64
6880070134,62
6880070136,49
6880092180,119
6880092181,131
6880092183,180
6880092184,164
6880096056,130
6880098137,101
6880098139,93
6880147626,103
6880150872,86
6880150873,76
6880150874,75
6880150875,86
6880163691,85
6880164687,192
6880164693,139
6880164697,198
6880233775,86
6880242194,109
6880242195,94
6880242197,118
6880242199,117
6880242200,115
6880242201,99
6880248014,66
6880265501,120
6880265509,159
6880266387,57
6880266391,113
6880266396,81
6880266397,93
6880266402,94
6880266410,109
6880266411,88
6880266414,122
6880266415,122
6880266418,73
6880266420,85
6880266422,81
6880266423,115
6880266428,111
6880266429,86
6880266438,111
6880266441,85
6880266443,86
6880266444,89
6880269287,81
6880269288,49
6880299515,100
6880299516,90
6880299517,86
6880299523,68
6880299529,94
6880299537,96
6880299540,79
6880299545,70
6880306910,66
6880306914,67
6880306927,62
6880308501,58
6880309595,55
6880309596,73
6880316064,71
6880316065,78
6880316066,92
6880316067,70
6880324459,39
6880324460,75
6880324468,72
6880324470,83
6880324471,58
6880324478,80
6880324482,92
6880331085,63
6880331087,61
6880331089,64
6880357117,57
6880357118,63
6880357119,38
6880357120,95
6880357121,46
6880357123,62
6880357124,68
6880357125,59
6880357126,53
6880357127,65
6880357128,44
6880357130,89
6880374592,54
6880393674,79
6880393675,79
6880393676,81
6880393677,86
6880393678,69
6880393683,53
6880411524,223
6880416976,64
6880416977,81
6880416978,46
6880416979,53
6880416980,35
6880416981,55
6880416982,69
6880416983,34
6880418301,57
6880419274,67
6880419275,83
6880419276,57
6880427288,79
6880427289,64
6880427290,91
6880427291,55
6880427292,77
6880427293,79
6880427294,92
6880427295,50
6880427296,50
6880427297,82
6880427299,57
6880427301,90
6880449485,43
6880449486,61
6880449487,67
6880449489,80
6880449490,55
6880449491,54
6880449492,65
6880449493,61
6880449494,74
6880459096,92
6880459097,108
6880459099,75
6880459100,88
6880459101,91
6880459102,114
6880459103,86
6880459104,79
6880459105,74
6880459112,73
6880459115,79
6880459116,80
6880465546,182
6880465549,116
6880465551,120
6880465555,174
6880494085,263
6880494088,171
6880499419,51
6880499425,68
6880499426,74
6880499428,63
6880499429,33
6880499430,64
6880499432,68
6880514039,87
6880514048,110
6880514052,137
6880514057,127
6880514059,90
6880514060,126
6880514061,122
6880514062,93
6880514063,98
6880514064,97
6880514066,142
6880514067,89
6880514072,133
6880516505,112
6880516506,104
6880516515,139
6880516523,141
6880541738,37
6880541749,52
6880541763,48
6880554927,49
6880555357,92
6880555358,77
6880555359,58
6880555361,64
6880555370,98
6880555371,65
6880564253,121
6880564254,141
6880571349,109
6880571350,133
6880571351,117
6880571353,166
6880571354,112
6880571355,110
6880571356,145
6880571357,99
6880571358,154
6880571369,154
6880588795,73
6880588796,98
6880588801,81
6880588804,85
6880589866,433
6880589868,487
6880589870,596
6880589875,396
6880589882,507
6880590389,409
6880595331,47
6880595332,60
6880595340,64
6880597164,87
6880599306,103
6880599308,52
6880599309,71
6880623480,197
6880623481,269
6880623482,161
6880623483,179
6880623484,257
6880627080,96
6880627083,109
6880632085,296
6880632086,217
6880632087,227
6880632088,295
6880632089,261
6880632090,189
6880637526,243
6880637527,213
6880637533,277
6880637534,249
6880649469,51
6880649475,76
6880649477,53
6880657803,76
6880657804,74
6880657806,82
6880657807,45
6880657808,60
6880658358,222
6880658359,257
6880769116,72
6880780921,302
6880780925,248
6880813145,96
6880813146,55
6880946999,261
6880947001,287
6880947002,233
6880947003,293
6880947004,259
6880947005,294
6880947006,289
6880947009,321
6880947010,346
6880947011,205
6880947012,268
6880947013,291
6880947014,172
6880947015,272
6880947016,270
6880947017,226
6880947018,249
6880970204,316
6880970206,215
6881016747,31
6881016748,75
6881016749,77
6881016750,43
6881016752,62
6881016754,50
6881024824,167
6881024825,117
6881024826,173
6881024832,166
6883897535,64
6883897536,79
6883897542,96
6883897543,111
6883897551,86
6883897560,67
6883897564,73
6883897571,76
6883897579,78
6883924310,210
6883935450,389
6883935451,276
6883935452,266
6884654069,61
6884654070,73
6884654071,71
6884654073,41
6884654074,74
6884654075,39
6884654081,41
6887367245,313
6887367247,370
6887767347,101
6887774386,109
6888348718,352
6888348719,308
6888348727,349
6894425699,50
6901254751,71
6901603437,232
6901603440,303
6901603441,339
6901603442,365
6901603444,317
6901603446,285
6901603447,261
6901603448,393
6908261330,348
6908261331,309
6908261339,329
6908261341,567
6908261346,523
6908261347,387
6908261350,300
6908261352,512
6910808834,398
6910808839,323
6910808850,437
6910808851,429
6910808853,411
6910808857,494
6910944849,65
6910944863,60
6910944866,41
6910944868,41
6911113772,119
6911235812,298
6911428942,71
6911428943,43
6911428944,66
6911428945,56
6911428947,68
6911428949,84
6911428950,73
6911428953,106
6911428954,84
6911428955,69
6911428956,94
6911428957,100
6911428958,61
6911428960,90
6911428961,90
6911428963,90
6914124300,171
6914124301,196
6914124302,234
6914124303,197
6914124304,249
6914124305,290
6914124306,244
6914124308,252
6914133264,98
6914133265,110
6914133266,131
6914133270,136
6914133277,110
6914133279,110
6914333277,48
6914366676,137
6914366678,98
6914366679,111
6914366680,106
6914714089,149
6914714092,186
6926601819,565
6926601820,343
6926601821,379
6933351661,151
6934459632,121
6965618715,64
6965618716,84
6965618717,95
6965712824,72
6965712832,64
6965712834,61
6965712845,62
6965712846,69
6965791725,62
6965791727,59
6965791728,30
6965791729,61
6965850330,103
6965855194,104
6965855197,102
6965855198,102
6965855200,101
6965855201,116
6965855202,119
6965855203,93
6965855204,91
6966064552,48
6966064553,53
6966064556,61
6966244769,44
6966244770,45
6966244771,53
6966244772,47
6966244774,58
6967798925,73
6967798927,60
6967798928,69
6967798929,55
6967798930,54
6967798932,52
6967811905,111
6967811910,123
6967843790,67
6967843791,73
6967843792,44
6967843793,71
6967843798,76
6967843799,60
6967855904,69
6967855905,51
6967855906,54
6967855907,51
6967855908,76
6967867997,81
6967867998,52
6967868000,86
6967873920,110
6967873928,96
6967873936,118
6967968393,73
6967968397,49
6967968401,103
6967968403,77
6967968422,64
6967968424,66
6968017513,43
6968017519,82
6968020931,386
6968020932,390
6968020934,329
6968020938,482
6968067367,137
6968067373,187
6968080125,119
6968080127,81
6968080129,150
6968080130,150
6968080138,110
6968100987,67
6968100989,71
6968115689,60
6968155064,58
6968155065,59
6968155066,79
6968155067,58
6968155068,79
6968155069,89
6968155072,62
6968155074,64
6968155076,63
6968172014,88
6968172015,106
6968172016,112
6968172018,85
6968172019,99
6968172020,80
6968172021,90
6968172022,118
6968172023,78
6968172024,106
6968172025,65
6968267635,164
6968293920,146
6968293925,151
6968293926,136
6968293927,187
6968293928,153
6968293938,176
6968293939,138
6968293940,121
6968293943,168
6968293945,173
6968293946,148
6968293950,163
6968293952,127
6968405642,148
6968405645,199
6968442409,87
6968442410,113
6968442411,129
6968442413,80
6968442414,64
6968442416,109
6968442417,92
6968442418,121
6968442420,97
6968442421,103
6968482671,72
6968482675,86
6968482677,78
6970409262,61
6970409263,95
6970409265,62
6970423130,80
6970423131,152
6970423135,152
6970423137,102
6970423139,115
6970423140,134
6970423141,134
6970423142,153
6970423143,99
6970423144,120
6970423145,146
6970423147,140
6970423153,92
6970423157,161
6970423158,130
6970423162,117
6970423165,137
6970466469,60
6970466470,36
6970466472,50
6970466473,59
6970466480,68
6970491398,76
6970491399,52
6970491400,73
6970575521,314
6970575523,398
6970578501,159
6970578502,164
6970578503,130
6970578509,186
6970581741,495
6970581748,511
6970581749,466
6970581761,399
6970609156,92
6970630063,197
6970630064,218
6970630065,204
6970630070,197
6970630071,204
6970630072,144
6970630073,182
6970630074,188
6970682047,159
6970682048,133
6970682049,138
6970682050,176
6970682051,143
6970682052,109
6970682053,149
6970682054,123
6970682055,113
6970743850,155
6970843606,121
6970843607,84
6970843609,88
6970843610,95
6970843611,107
6970853278,221
6970870539,84
6970871285,262
6970875631,121
6970875632,83
6970875633,97
6970875634,110
6970875635,77
6970875636,113
6970979438,157
6970979439,149
6971033094,44
6971033095,44
6971033103,72
6975337521,67
6975337522,71
6975337527,69
6975337529,54
6975337533,73
6975345183,295
6975353153,185
6975356747,139
6975356748,139
6975356749,126
6975361987,189
6975375379,194
6975375380,309
6975399287,266
6975399291,276
6975399295,295
6975399296,193
6975410192,91
6975410193,109
6975410194,109
6975410195,62
6975410198,85
6975410201,86
6975410203,89
6975411130,48
6975411131,67
6975411132,69
6975411133,81
6975411135,47
6975411136,28
6975411137,68
6975411138,44
6975411139,68
6975411140,51
6975411141,54
6975411142,63
6975411143,80
6975411144,69
6975411145,68
6975411146,51
6975411148,59
6975477323,54
6975477324,72
6975499240,80
6975499242,80
6975499246,56
6975499250,77
6975499253,70
6975506458,55
6975506461,89
6975506462,81
6975506463,89
6975506465,87
6975506466,38
6975506467,79
6975506471,81
6975515394,33
6975527170,52
6975527171,72
6975527172,67
6975527179,70
6975527180,54
6975539077,107
6975549710,42
6975549711,54
6975549712,52
6975549713,57
6975549714,69
6975549715,49
6975549716,46
6975549717,51
6975549719,73
6975549720,58
6975549721,70
6975549722,39
6975550611,69
6975550697,127
6975639486,36
6975639487,56
6975641239,132
6975644051,79
6975644052,86
6975644053,63
6975644054,66
6975644055,77
6975644056,114
6975644057,80
6975667040,85
6975667044,68
6975667052,85
6975667053,71
6975685357,244
6975685364,354
6975699247,91
6975699251,84
6975699255,66
6975699261,119
6975708725,303
6994405440,176
6994405441,263
7051244640,250
7051244642,214
7051244643,226
7051244644,221
7051244645,317
7051244650,245
7051251933,75
7051251934,69
7051335278,263
7051335279,260
7051335280,238
7051335282,253
7051335283,182
7051335284,273
7051361285,198
7051361288,154
7051361292,228
7051361293,181
7051361298,199
7053353724,125
7053353730,102
7053353734,80
7053353735,124
7053353736,129
7053353737,143
7053353741,85
7053356710,93
7053356711,100
7053356714,80
7053356715,46
7053356716,52
7053356717,44
7053356718,102
7053356719,61
7053356720,43
7053356721,66
7053356722,97
7053357158,306
7053357159,356
7053357160,440
7053368491,54
7053368492,46
7053368493,76
7053368494,58
7053368499,58
7053368500,81
7053368501,50
7053368502,52
7053368503,62
7053368504,78
7053368505,64
7053368506,57
7053368510,63
7053368511,64
7053379924,440
7053379926,491
7053379930,348
7053379931,414
7053379934,407
7053379935,420
7053379936,377
7053379937,265
7053379942,394
7053379943,388
7053379944,382
7053379945,310
7053379946,271
7053379947,292
7053379948,297
7053382346,118
7053382348,141
7053388389,145
7053402091,255
7053402092,390
7053402093,302
7053402097,264
7053402098,307
7053416088,57
7053416089,42
7053416090,60
7053416097,52
7053420919,154
7053420921,137
7053420923,171
7053420925,141
7053420926,158
7053420930,192
7053420934,150
7053421719,224
7053424722,58
7053430099,311
7053430100,277
7053430102,325
7053430225,71
7053430226,89
7053430227,59
7053430228,79
7053430229,79
7053430230,63
7053430237,79
7053430239,86
7053430242,78
7053430243,61
7053430244,80
7053430245,57
7053430247,73
7053430249,63
7053430250,56
7053430251,47
7053497618,358
7053497620,221
7053497633,255
7053497634,229
7053500355,135
7053500356,109
7053500926,129
7053500928,85
7053510018,56
7053510019,57
7053510023,38
7053510024,73
7053523668,142
7053523669,190
7053523670,159
7053523671,137
7053523672,137
7053523673,172
7053523674,152
7053523675,162
7053523676,192
7053523678,121
7053523679,138
7053523680,157
7053526376,170
7053526377,222
7053529196,161
7053529197,163
7053529198,157
7053529199,116
7053529200,150
7053529201,177
7053535042,90
7053535046,101
7053565317,81
7053565319,75
7053565320,57
7053641485,64
7053641486,60
7053641487,42
7053641490,49
7053641491,44
7053641492,62
7053641493,42
7053641496,71
7053641497,75
7053641502,76
7053641503,30
7053641505,59
7053718680,557
7053731831,71
7053731832,56
7053731834,75
7053731836,67
7053731837,73
7053731841,84
7053748586,588
7053748587,455
7053748590,362
7053748593,488
7053748594,493
7053748596,474
7053748597,410
7053748599,478
7053780057,187
7053780058,234
7053780071,222
7053785464,59
7053803937,122
7053841602,72
7053841604,68
7053841605,59
7053841606,78
7053841607,50
7053841609,69
7053841876,143
7053841877,150
7053841878,137
7053849691,144
7053861395,87
7053861403,110
7053861404,112
7053946263,62
7053946264,46
7053946269,45
7053946270,57
7053946271,66
7053946272,69
7053946274,40
7053946275,67
7053974001,99
7053974003,114
7053974005,139
7053974012,133
7053974017,142
7053974040,149
7053974049,147
7053983314,105
7053983316,147
7053983317,146
7053983318,126
7053983322,152
7053983323,119
7053983324,89
7053983327,121
7054094478,243
7054116186,262
7058820129,48
7058820130,83
7058821565,99
7058821566,119
7058821568,112
7058821569,62
7058821570,90
7058821571,105
7058821572,117
7058821574,89
7058821575,74
7058821576,95
7058821577,98
7058856271,90
7058878432,214
7058878433,300
7058878434,209
7058879176,41
7058879182,72
7058882375,76
7058882376,47
7058882382,103
7058882385,81
7058887153,109
7058887154,134
7058887156,104
7058887161,77
7058888324,121
7058888326,98
7058888327,89
7058888328,112
7058888329,102
7058888330,80
7058888331,96
7058888334,134
7058888335,95
7058891214,72
7058891216,106
7058911784,401
7058927285,71
7058927286,69
7058927289,55
7058938042,138
7058950388,331
7058950396,341
7062157611,129
7062157613,148
7070744616,178
7070824948,265
7070824949,218
7070824950,219
7070825027,330
7070825028,389
7070825029,501
7070825030,509
7070825031,427
7070825034,471
7070825299,98
7070849855,181
7070849856,136
7070849857,170
7070849858,116
7070849859,138
7070849860,145
7070849861,110
7070849863,153
7070849864,149
7070849865,112
7070849867,179
7070849868,104
7070849869,179
7070849871,143
7070849872,127
7070849873,114
7070849874,173
7070849875,174
7070849876,163
7070849877,143
7070849878,120
7070857035,56
7070857036,87
7070857037,67
7070857039,88
7070857040,91
7070857043,75
7070861070,130
7070861071,92
7070861072,95
7070861074,142
7070861075,159
7070861078,134
7070865593,184
7070865594,184
7070865595,267
7070865596,301
7070865597,219
7070865598,181
7070865600,311
7070865601,216
7070881504,101
7070881505,120
7070881511,84
7070881512,105
7070900275,96
7070900280,116
7070906592,167
7070906593,122
7070906595,97
7070906596,105
7070906597,96
7070906598,136
7070906599,157
7070906600,159
7070906603,109
7070906611,171
7070917550,74
7070917553,54
7070920134,253
7070920135,253
7070927570,49
7070927571,65
7070927575,58
7070927579,233
7070932832,193
7070932833,200
7070932834,175
7070950223,121
7070950226,155
7070950227,197
7070950229,170
7070950230,196
7070950231,183
7070950232,184
7070950233,150
7070950235,131
7070950237,198
7070950238,175
7070950239,205
7070950240,170
7070968185,182
7070968690,184
7070968691,223
7070968693,253
7070968694,303
7070968695,291
7070968696,247
7070968697,229
7070968699,175
7070968702,210
7070968704,317
7070984202,118
7071344218,89
7071344219,108
7071344221,70
7071344222,110
7071344223,113
7071344224,62
7071344225,98
7071344226,67
7071353839,73
7071353840,39
7071362415,80
7071373146,122
7071373147,106
7071373148,85
7071373149,137
7071373150,98
7071373151,121
7071373152,125
7071373153,81
7071373154,151
7071373155,106
7071373156,101
7071373158,111
7071373160,125
7071373161,81
7071375338,49
7071375344,57
7071378422,184
7071378425,171
7071378426,157
7071378430,161
7071382036,82
7071382037,92
7071382246,89
7071382250,92
7071382251,82
7071382361,72
7071382363,83
7071382367,64
7071387195,199
7071387196,189
7071390035,268
7071390048,353
7071390197,376
7071390198,530
7071390201,395
7071397045,109
7071397046,126
7071411670,66
7071411672,77
7071411675,61
7071411676,36
7071425520,73
7071425521,78
7071425522,91
7071425523,75
7071431956,61
7071431957,68
7071437378,183
7071437379,167
7071437380,121
7071437381,144
7071439017,124
7071439020,89
7071439025,121
7071439031,117
7071448347,79
7071448348,138
7071448349,85
7071448350,90
7071455481,150
7071457791,184
7071457795,137
7071457797,183
7071457798,119
7071457799,160
7071458993,167
7071458995,143
7071476299,79
7071485823,32
7071485824,59
7071485825,39
7071485828,55
7071488373,156
7071488374,212
7071488375,187
7071493540,56
7071493541,59
7071493543,87
7071493544,55
7071493547,82
7071493550,62
7071493552,54
7071493556,69
7071493557,66
7071493558,74
7071494883,77
7071507917,40
7071507918,56
7071507920,54
7071513485,53
7071513486,78
7071513487,70
7071513496,62
7071513518,59
7071513532,62
7071515521,232
7071515523,290
7071515540,170
7071632275,89
7071632276,57
7071632277,53
7071632278,70
7071642228,91
7071642229,92
7071642231,111
7071643826,67
7071643827,113
7071643828,109
7071643829,102
7071643830,98
7071643831,94
7071644727,144
7071644729,116
7071644730,111
7071666722,268
7071666723,235
7071666724,228
7071666725,240
7071666726,198
7071666727,203
7071666728,179
7071666731,238
7071673366,62
7071675688,120
7071675696,91
7071676986,76
7071676988,54
7071678980,96
7071679157,211
7071679158,220
7071679160,240
7071680363,143
7071680364,101
7071680365,88
7071680367,141
7071690705,164
7071690706,216
7071690707,133
7071690708,180
7071690711,201
7071690712,242
7071690725,174
7071694476,32
7071701085,74
7071701091,80
7071701094,123
7071701104,100
7071701154,95
7071780796,76
7071780804,77
7071780815,61
7071780816,81
7071780819,65
7071867358,49
7071867363,41
7071908023,208
7071908024,337
7071908025,281
7071908026,325
7071908027,213
7071908030,244
7071908038,336
7071908039,318
7071908040,326
7079004638,131
7079004641,161
7079033886,60
7079033887,59
7079033888,78
7079033889,73
7079033893,67
7079033896,54
7079033897,76
7079182826,322
7079338139,358
7079338140,497
7079338141,471
7079374614,171
7079381967,126
7079381973,139
7079381974,131
7079381976,83
7079381977,121
7079381978,134
7079390347,73
7079409429,154
7079423452,45
7079423455,68
7079435480,91
7079496645,341
7079496646,273
7081221294,67
7081221295,41
7081221296,68
7081221297,40
7081426366,76
7081426369,73
7081426370,104
7081426550,512
7081426579,483
7081438165,375
7081438170,524
7081457185,54
7081457189,66
7081470571,414
7081470575,314
7081470576,490
7081470580,501
7081493878,364
7081504108,59
7081504111,58
7081546175,52
7081546176,82
7081554034,68
7081554037,56
7081570368,35
7081570371,55
7081570372,79
7081621670,43
7081646677,173
7081655437,385
7081655438,320
7081657738,81
7081657739,52
7081660799,71
7081660810,99
7081660817,96
7081660819,106
7081660822,85
7081661098,163
7081662794,92
7081662796,65
7081697616,70
7081697621,85
7081697622,57
7081803107,48
7081803131,46
7081825282,135
7081825283,181
7081832957,87
7081836396,49
7081836416,151
7081836417,216
7081836418,142
7081836419,194
7081836421,133
7081836422,192
7081836424,155
7081836425,209
7081836426,173
7081836427,139
7081836428,163
7081836429,188
7081836430,228
7081836431,175
7081836432,141
7081836433,189
7081836434,148
7081845491,183
7081845492,178
7081847696,84
7081858756,60
7081858760,64
7081858763,49
7081869850,49
7081869851,68
7081869862,67
7081890987,300
7081890999,322
7081943084,102
7081955746,99
7081955749,114
7081955752,99
7081955754,73
7081955756,76
7081955758,90
7081959388,93
7081963395,55
7081963412,30
7081987349,41
7081987350,47
7081988200,136
7081988201,132
7081988202,155
7081988203,182
7081988205,180
7081988206,187
7081988207,188
7081988208,114
7081988209,131
7081988216,136
7082103444,91
7082103445,145
7082103446,148
7082103447,128
7082103448,150
7082103449,138
7082103450,120
7082103452,98
7082103453,155
7082103458,134
7082103461,106
7082265419,57
7082265423,125
7082334789,95
7082334792,82
7082334793,104
7082334810,91
7082334811,123
7082334812,107
7082334822,92
7082334823,115
7082334839,117
7082334840,96
7082334841,135
7084942517,143
7084942518,120
7084942519,150
7085028340,54
7085028347,55
7085028351,51
7085028352,40
7085119621,49
7085119622,65
7085119624,67
7085119625,87
7085119628,86
7085119629,70
7085165004,67
7085165005,50
7085165006,97
7085165007,98
7085165008,49
7085165009,57
7085200199,309
7085200200,301
7085200201,314
7085200202,278
7085200203,346
7085200205,276
7085200206,358
7085200208,293
7085200209,259
7085200211,383
7085204930,55
7085204931,46
7085204932,30
7085204935,68
7085204936,63
7085204938,75
7085204939,46
7085204940,49
7085204941,57
7085204942,58
7085204943,57
7085204945,61
7085204946,69
7085204947,65
7085221508,116
7085221509,113
7085221511,90
7085221512,117
7085238332,116
7085242945,195
7085242946,156
7085242947,166
7085242950,197
7085242951,160
7085242957,129
7085242961,216
7085242962,161
7085250582,113
7085258014,209
7085259341,251
7085259342,262
7085272868,68
7085272869,64
7085272870,57
7085272871,65
7085272872,68
7085272873,24
7085272875,60
7085272878,41
7085272879,50
7085272880,65
7085272881,66
7085272882,69
7085272883,56
7085272884,42
7085272985,93
7085272988,105
7085318185,52
7085318186,57
7085318187,62
7085318188,45
7085318189,46
7085318190,45
7085318191,65
7085318192,50
7085318194,26
7085318195,54
7085318197,48
7085318198,52
7085359409,309
7085359413,211
7085398824,148
7085398826,177
7085398827,150
7085398841,260
7085415750,192
7085415752,168
7085415754,190
7085415755,146
7085415756,173
7085415759,158
7085423561,101
7085423565,97
7085423567,74
7085423570,99
7085423571,64
7085423572,71
7085423575,65
7085423576,81
7085425844,177
7085427701,239
7085434874,179
7085434875,182
7085470460,42
7085475813,51
7085475819,58
7085475822,82
7085482151,63
7085482154,66
7085522441,194
7085522447,267
7085526128,124
7085526132,88
7085529555,154
7085529556,151
7085535282,147
7085537704,92
7085537706,82
7085543413,76
7085543414,48
7085603371,68
7085603372,76
7085603373,87
7085603374,69
7085603375,90
7085603378,76
7085607581,49
7085607583,81
7085607584,76
7085615684,36
7085623176,97
7085628185,57
7085628186,54
7085628187,80
7085628189,74
7085628190,51
7085628191,59
7085628193,58
7085628194,57
7085628195,74
7085628196,82
7085628197,74
7085628198,40
7085630186,76
7085630303,142
7085630314,116
7085630321,109
7085630322,129
7085693105,57
7085693108,47
7085693112,64
7085693115,67
7085693118,54
7085709303,176
7085713548,125
7085713577,108
7085781081,67
7085781082,65
7085781083,111
7085871267,133
7085871268,115
7085871270,82
7085871271,87
7085871272,92
7085871273,124
7085913960,34
7085913961,44
7085913962,34
7085913964,71
7085949112,101
7085949113,83
7085949117,106
7085980413,173
7085980414,104
7085980415,112
7085980416,142
7085980417,123
7085980418,172
7085980419,153
7085980420,105
7085980421,160
7085980422,142
7086067150,95
7086067151,69
7086067153,88
7086201924,172
7086201926,96
7086201949,123
7087168669,476
7087168670,351
7087168673,291
7087168674,306
7087168675,449
7087181862,447
7087181866,328
7087235675,74
7087262573,400
7087262576,427
7087262577,311
7087286085,373
7087301354,98
7087312701,69
7087312704,81
7087322440,287
7087325957,145
7087325981,112
7087325983,153
7087331593,125
7087331597,151
7087334789,153
7087334794,128
7087334797,119
7087334798,99
7087334802,125
7087334804,114
7087334807,131
7087334811,91
7087336657,123
7087336658,121
7087336659,91
7087336661,110
7087336662,119
7087336663,101
7087336665,119
7087342204,91
7087342208,96
7087342209,85
7087342211,109
7087368207,83
7087368208,88
7087368209,104
7087368210,69
7087368211,95
7087368213,91
7087368215,71
7087370113,49
7087370127,67
7087372189,150
7087372190,175
7087372191,126
7087372192,140
7087372193,157
7087372194,100
7087372195,101
7087372196,91
7087372197,124
7087372198,111
7087372199,125
7087372200,120
7087372267,195
7087372268,225
7087387841,322
7087394097,195
7087394103,159
7087394106,145
7087394107,136
7087421798,136
7087421804,100
7087448533,209
7087448547,227
7087448549,195
7087448550,153
7087448552,210
7087486326,78
7087486337,124
7087501052,83
7087501053,90
7087501054,93
7087501062,105
7087501064,101
7087501065,77
7087501070,108
7087501072,84
7087501073,86
7087501074,110
7087512100,118
7087527374,49
7087535415,49
7087600871,174
7087600872,136
7087600879,156
7087600881,192
7087626055,54
7087639669,42
7087639670,95
7087639671,84
7087780706,441
7087780707,363
7087780708,435
7087780709,440
7087780714,407
7087780715,549
7087780720,314
7087780721,420
7087780722,524
7087780723,334
7087780724,560
7087780729,412
7087780730,343
7087780735,327
7087780736,389
7087857595,107
7087857599,107
7087865953,204
7087865954,154
7087865958,207
7088416391,223
7093310766,199
7094169077,212
7094169081,248
7094169083,269
7094169084,325
7094230185,271
7094230190,205
7094230191,207
7094230192,325
7094253027,165
7094253028,118
7094253030,194
7094253034,159
7094253035,117
7094253036,131
7094253039,203
7094563727,35
7094563728,52
7094563729,38
7094563730,60
7094563731,71
7094563732,72
7094563733,72
7094563735,78
7094577906,436
7094577918,345
7094666828,307
7112082203,75
7112082205,82
7112082207,107
7113949880,311
7114067470,65
7114067474,76
7114113845,49
7114113846,69
7114113847,46
7114113848,56
7114113849,60
7114113851,74
7114113854,79
7114113855,79
7114113857,44
7116620802,65
7116620805,54
7123333556,225
7126219193,129
7126219194,163
7126219196,156
7126219198,182
7126219199,136
7126219202,136
7126219206,167
7126219208,156
7126219209,128
7126219210,167
7126219211,151
7126219212,112
7126219213,147
7126219214,190
7126219215,127
7126219220,143
7126219221,130
7126219222,153
7126219223,191
7126219224,131
7126219225,166
7126219226,171
7126219227,133
7126219228,169
7126219229,191
7126219230,172
7126219231,145
7126219232,109
7126219233,106
7126219234,119
7126219235,148
7126219236,130
7126219237,156
7126219238,167
7126219239,115
7126219240,178
7126219242,107
7126219243,122
7126219244,169
7126219245,115
7126219246,119
7126219247,185
7126219248,185
7126219249,173
7126219250,118
7126219252,127
7126219253,121
7126219254,120
7126219255,185
7126219256,118
7126219259,168
7126219260,100
7126219261,144
7126219262,102
7126219263,102
7126219264,118
7126219265,177
7126219267,179
7126219268,186
7126219269,154
7126219272,224
7126219274,213
7126219275,167
7126219278,184
7126219279,203
7126219280,219
7126219281,224
7126219283,172
7126219284,127
7126231785,146
7126231787,145
7126231791,141
7126231792,153
7126231793,200
7126231794,178
7126231795,193
7126231796,237
7126231800,137
7126231802,131
7126231803,200
7126231805,188
7126231807,184
7126231812,223
7126231813,130
7126231814,168
7126231815,201
7126231816,154
7126231817,163
7166026084,32
7166035701,39
7187841764,46
7187841765,91
7187841768,103
7188346757,53
7188346758,73
7188375324,66
7188375325,113
7188402875,37
7188402877,73
7188446158,230
7188446160,294
7188446161,319
7188446162,200
7188446163,274
7188446169,276
7190193207,35
7190193209,59
7190193212,85
7190193213,56
7190193214,29
7190384470,79
7190384473,74
7190384475,69
7190413207,251
7190413209,251
7190413211,287
7190413215,227
7190429230,348
7190429231,332
7190429232,522
7190429233,507
7190429235,475
7190429236,395
7190429237,392
7190761343,114
7190761349,74
7190761350,106
7190792998,179
7190793009,223
7190793010,181
7190793013,207
7190793014,136
7190793019,152
7190793022,145
7190839862,135
7191364612,200
7191364613,208
7191462586,54
7191462591,55
7191463200,42
7191534614,451
7191534616,307
7191534617,357
7191534621,260
7191535574,49
7191535575,59
7191535576,68
7191652131,421
7191652134,435
7192209785,328
7192209791,295
7192209792,493
7192209793,418
7192209796,458
7192209797,481
7192209804,415
7192209805,319
7192251299,70
7192251303,72
7192251307,58
7193071729,497
7230773985,112
7230773986,102
7230773988,126
7230774001,95
7230774002,101
7230789766,63
7230789776,77
7230855829,499
7230855830,439
7230863666,135
7230863667,105
7230863668,150
7230863669,111
7230863670,114
7230863672,168
7230863675,114
7230863677,176
7230863678,137
7230864964,76
7230865054,95
7230869712,76
7230879791,70
7230923622,118
7230923633,198
7230923636,167
7230923637,150
7230928186,167
7230953103,29
7230953106,66
7230953116,53
7230969184,133
7230983791,97
7230983804,128
7230983807,107
7230983809,111
7230983812,126
7230983813,122
7230983824,110
7230999030,140
7230999031,212
7230999032,213
7230999035,151
7231019524,345
7231064163,51
7231064164,68
7231188796,350
7231188797,470
7232169015,114
7232392619,206
7232392621,281
7232448733,95
7232448734,96
7232448735,129
7232448740,122
7232448741,117
7232448742,103
7232448743,85
7232448745,142
7232448746,117
7232448747,163
7232448748,79
7232448749,129
7232501522,141
7232501527,85
7232501528,141
7232501529,106
7232501535,121
7232501538,103
7232501539,131
7232501540,132
7232501546,85
7232668662,531
7232668663,332
7232668664,403
7232668670,480
7232743588,72
7232743589,63
7232743590,58
7232743591,54
7232743592,37
7232743593,53
7232743594,59
7232743595,81
7232743596,59
7232743597,83
7232743598,36
7232743603,80
7238690982,53
7238711591,47
7298079155,97
7298079156,83
7394362083,142
7394362084,141
7394377285,183
7394377286,142
7394377287,112
7394377288,135
7394377291,158
7394377293,195
7394377294,125
7394377295,142
7394377297,157
7394377300,201
7394377302,122
7394377303,188
7394377304,195
7394377305,141
7394377307,184
7394377310,164
7394377311,126
7394377312,136
7394377313,139
7394377314,139
7394377315,187
7394377316,183
7394377317,195
7394377318,163
7394377319,149
7394377320,122
7394377321,194
7394377323,120
7394377324,141
7394377325,178
7394377326,191
7394377328,110
7394377330,159
7394377331,121
7394377332,177
7394377333,172
7394377334,171
7394377336,112
7394377340,167
7394377341,135
7394377342,160
7394377345,208
7394377346,123
7394377348,154
7394377349,115
7394377350,143
7394377351,142
7394377352,141
7394377353,151
7394377355,189
7394377356,193
7394377358,188
7394377360,123
7394377362,202
7394377363,137
7394377365,113
7394377368,152
7394377369,135
7394377375,171
7394377376,115
7394377377,157
7394377378,130
7394377380,121
7394377381,177
7394377382,145
7394377383,128
7394377384,178
7394377387,183
7394377388,140
7394377389,119
7394377390,193
7394377392,133
7394377393,122
7394377395,115
7394387933,119
7394387934,183
7394387935,192
7394387936,152
7394387938,172
7394387939,180
7394387941,160
7394387943,165
7394387948,216
7394387949,132
7394387950,128
7394387953,194
7394387955,185
7394387957,135
7394387959,149
7394387960,191
7394387964,171
7394387966,213
7394387967,208
7394387970,173
7394387971,200
7394387972,191
7394387975,133
7394387977,174
7394387978,158
7394387980,228
7394387982,156
7394387983,127
7394387984,297
7394389185,262
7394389186,174
7394389187,210
7394389188,280
7394389191,221
7409881891,369
7409881892,374
7429284846,96
7437320700,242
7437320701,238
7473678155,119
7473678159,89
7473678160,95
7473678164,113
7473678165,187
7473678170,121
7473678173,123
7473678174,91
7473678175,123
7473678176,137
7473678177,110
7473678183,124
7473720087,122
7473720088,122
7473720089,94
7473720091,115
7473720092,106
7473720093,108
7473720095,102
7473720096,105
7473720097,76
7473720098,129
7473720099,114
7473720100,89
7473720103,97
7473720106,115
7473720107,120
7473720108,127
7473720112,110
7473720114,137
7473720115,79
7473720118,135
7473720121,107
7473720123,97
7473720125,138
7473720126,131
7473720128,87
7473720132,76
7473720133,128
7473720134,83
7473720135,155
7473720136,98
7473720137,103
7473720138,85
7473720140,114
7473720141,97
7473720143,100
7473720145,132
7473720150,97
7473720153,131
7473720154,87
7473720156,122
7473720158,96
7473720160,135
7473720162,137
7507243060,132
7507268580,131
7507268618,112
7507268619,85
7507268620,79
7507268621,164
7507268622,88
7507268623,156
7507268625,138
7507268635,106
7507268928,121
7507268930,142
7507268932,135
7507268934,135
7507268936,117
7518566739,277
7518566740,274
7518587734,159
7518587743,141
7518587898,280
7518587899,179
7518587900,295
7518587902,220
7645155193,387
7645155194,328
7645249316,374
7645249327,337
7645249329,305
7798392310,110
7798392311,158
7798392312,142
7798392313,132
7798392315,137
7798392316,109
7798392317,125
7798392318,101
7798392319,121
7798392320,121
7798392321,152
7798392322,128
7798392323,160
7798392324,168
7798392326,92
7798392327,131
7798392329,108
7798392330,146
7798392331,124
7798392332,105
7798392333,114
7798392334,155
7798392335,106
7798392336,133
7798392337,176
7798392338,104
7798392339,164
7798392340,177
7798392341,134
7798392342,116
7798392343,117
7798392344,200
7798392345,172
7798392346,153
7798392347,182
7798392348,115
7798392349,116
7798392350,121
7798392352,170
7798392354,146
7798392356,161
7798392357,123
7798392358,172
7798392359,168
7798392360,137
7798392363,117
7798397515,185
7798397516,141
7798397517,146
7798397518,182
7798397519,170
7798397520,190
7798397521,144
7798397523,140
7798397524,185
7798397525,190
7798397527,166
7798397528,171
7798397530,138
7798397531,175
7798397532,221
7798397533,132
7798397535,147
7798397536,103
7798397537,131
7798397538,172
7798397539,153
7798397540,107
7798397543,151
7798397544,107
7798397547,141
7798397551,187
7798397552,140
7798397557,177
7798397559,182
7798397560,224
7798397566,162
7798397568,166
7798397569,123
7798397572,133
7798397580,133
7798397581,178
7798405385,114
7798405386,190
7798405388,142
7798405390,201
7798405393,142
7798405396,147
7798405397,196
7798405398,146
7798405399,156
7798405400,180
7798405403,183
7798405404,204
7798405405,120
7798405406,176
7798405408,172
7798405409,178
7798405416,172
7798405417,192
7798405418,200
7798405419,138
7798405421,122
7798405423,119
7798405424,129
7798405425,174
7798405426,152
7798405427,144
7798405428,171
7825390352,500
7903324849,365
7903324851,323
7996998358,61
7996998359,67
7996998360,78
7996998361,49
7996998362,79
7996998363,67
7996998365,63
7996998366,90
7996998367,79
7996998368,72
7996998371,66
7996998372,57
7996998373,79
7996998374,74
7996998375,58
7996998378,94
7996998379,97
7996998381,82
7996998384,72
7997004234,86
7997004235,71
7997004236,90
7997004237,81
7997004238,89
7997004239,120
7997004241,88
7997004243,79
7997004244,73
7997004245,114
7997004246,66
7997004247,113
7997004248,68
7997004249,104
7997004250,78
7997004251,76
7997004252,75
7997004253,74
7997004254,67
7997004255,79
7997004256,107
7997004257,107
7997004258,89
7997004259,111
7997004260,119
7997004261,135
7997004262,102
7997004263,96
7997004264,130
7997004265,137
7997004267,138
7997004268,131
7997004269,120
7997004270,143
7997004271,125
7997004272,97
7997004273,153
7997004275,129
7997004280,78
7997004284,84
7997016385,137
7997016387,95
7997016388,125
7997016389,85
7997016392,96
7997016393,132
7997016394,145
7997016396,123
7997016397,90
7997016398,106
7997016399,106
7997016401,164
7997016403,114
7997016404,151
7997016405,148
7997016406,119
7997016408,89
7997016409,162
7997016411,89
7997016412,126
7997016413,101
7997016414,95
7997016415,99
7997016416,94
7997016418,112
7997016419,104
7997016420,83
7997016421,100
7997016422,94
7997016424,126
7997016425,123
7997016427,104
7997016428,123
7997016429,88
7997016433,73
7997016434,70
7997016436,112
7997016439,98
7997016440,115
7997016441,91
7997016442,66
7997016443,93
7997016444,109
7997016445,88
7997016446,108
7997016921,78
7997016922,65
7997016923,79
7997016924,62
7997016925,85
7997016926,62
7997016927,77
7997016928,67
7997016929,54
7997016930,76
7997016931,66
7997016932,78
7997016933,73
7997016934,51
7997016935,57
7997016936,78
7997016937,68
7997016938,67
7997016941,49
7997016945,61
7997016947,77
7997016950,89
7997016951,76
7997016952,66
7997016953,63
7997016954,73
7997016955,78
7997016956,56
7997016957,76
7997016958,58
7997016959,48
7997016960,49
7997016961,48
7997016962,59
7997016963,52
7997016965,51
7997016966,53
7997016967,48
7997016968,62
7997016969,81
7997016971,69
7997016972,49
7997016973,61
7997016974,62
7997016975,62
7997016976,60
7997016977,58
7997016978,64
7997016980,71
7997016983,66
7997016984,49
7997018750,67
7997018751,112
7997018752,114
7997018753,101
7997018754,112
7997018755,92
7997018756,66
7997018757,99
7997018758,70
7997018760,95
7997018766,83
7997018767,61
7997018769,62
7997018770,82
7997018771,92
7997018772,69
7997018773,65
7997018774,80
7997018775,101
7997018777,102
7997018778,97
7997018779,82
7997018780,83
7997018781,71
7997018782,66
7997018783,60
7997018784,102
7997019085,85
7997019086,56
7997019088,82
7997019089,69
7997019091,78
7997019092,91
7997019093,98
7997019094,97
7997019096,104
7997019097,71
7997019098,92
7997019099,102
7997019100,73
7997019102,96
7997019103,118
7997019104,88
7997019105,64
7997019106,68
7997019107,87
7997019109,96
7997019111,56
7997019112,69
7997019113,65
7997019114,73
7997019116,92
7997019117,79
7997019118,79
7997019119,83
7997019120,78
7997019122,85
7997019129,59
7997019130,56
7997019131,93
7997019134,73
7997019135,65
7997019136,73
7997019139,80
7997019141,59
7997019142,77
7997019143,58
7997019150,91
7997019152,75
7997019154,87
7997019155,98
7997019156,89
7997019157,68
7997021585,60
7997021586,80
7997021587,80
7997021589,90
7997021590,94
7997021591,76
7997021592,72
7997021593,84
7997021598,53
7997021599,86
7997021600,87
7997021601,78
7997021603,68
7997021604,80
7997021605,90
7997021606,57
7997021607,63
7997021608,79
7997021609,85
7997021612,77
7997021613,74
7997021614,51
7997021615,66
7997021616,100
7997021617,64
7997021618,65
7997021619,64
7997024385,107
7997024386,111
7997024389,136
7997024390,112
8042222174,74
8042222176,67
8042228696,79
8042228709,52
8042228749,50
8042228764,63
8042228840,81
8042228854,69
8042228866,41
8042228887,56
8042228914,51
8042229044,37
8042229045,59
8042229084,66
8042229101,71
8042229125,66
8042229134,31
8042229142,51
8042229148,43
8042229204,82
8042229235,48
8042229291,29
8042229545,78
8042229546,52
8042229552,47
8042229559,50
8042596556,79
8042668516,50
8042668518,29
8042668549,52
8042668550,61
8042701552,67
8042701553,36
8044490518,46
8093630503,171
8093630504,115
8093630505,163
8093630513,168
8093630514,167
8093630515,102
8093630516,168
8093690665,89
8093690666,62
8093690668,100
8093690669,74
8093690670,119
8093690672,95
8093690673,89
8093690677,64
8093690678,82
8093690679,71
8093690681,109
8093690684,104
8093690688,67
8093690689,94
8093690692,112
8093690693,111
8093690695,72
8093690697,70
8093690698,68
8093690701,100
8093690702,70
8093690703,66
8093690704,83
8093690708,110
8093690710,78
8093690711,103
8093690712,72
8093690713,92
8093690715,88
8093709919,99
8093709921,95
8093709922,64
8093709923,78
8093709924,57
8093709925,68
8093709926,104
8093709927,79
8093709928,102
8093709930,60
8093709931,104
8093709932,105
8093709935,94
8093709937,63
8093709938,100
8093709940,100
8093709942,66
8093709943,100
8093709944,96
8093709948,66
8093709953,85
8093709955,72
8093709959,83
8093709960,105
8093709965,104
8093709966,68
8093709967,85
8093709971,98
8093709973,85
8093709974,100
8093709975,97
8093709976,78
8093709977,71
8093709978,98
8093709980,73
8093709981,90
8093709983,118
8093709984,98
8093709985,92
8093709986,73
8093709988,89
8093709990,87
8093709992,76
8093709993,67
8093709994,70
8093709995,77
8093709997,98
8093709998,89
8093710000,61
8093710003,69
8093710007,77
8093710010,87
8093710011,55
8093710012,97
8093710013,95
8093710014,66
8093710019,74
8093710022,108
8093723017,161
8093723018,137
8093723019,100
8093723023,111
8093723024,112
8093723026,169
8093723029,154
8093723030,183
8093723031,141
8093723033,101
8093723034,132
8093723035,101
8093723037,162
8093723038,112
8093723040,110
8093723041,130
8093723042,155
8093723043,134
8093723045,97
8093723046,117
8093723052,117
8093723053,149
8093723060,164
8093723061,127
8093723062,147
8093723063,101
8093723065,125
8093723070,147
8093723071,130
8192477855,95
8192477858,168
8192477882,134
8192477883,139
8192477884,186
8192477885,112
8192477886,107
8192477887,121
8192477890,124
8192477892,128
8192481521,146
8192499741,141
8192499742,93
8192499743,153
8192499744,83
8192499745,164
8192499746,95
8192499747,144
8192499748,112
8192499769,99
8192499772,121
8192499780,112
8192499782,120
8192499783,96
8192499785,156
8192499786,151
8192499802,71
8192499806,176
8192499812,185
8192499814,105
8192499815,183
8192499816,99
8192500219,133
8192500222,139
8192500223,192
8192500224,107
8192500225,138
8192500228,182
8192500230,165
8192500231,156
8192500232,172
8192500233,176
8192500236,103
8192500238,116
8192500239,128
8192500242,114
8192500243,167
8192500245,129
8192500247,118
8192500248,89
8192500249,175
8192500250,101
8192500252,104
8192500262,161
8192500265,103
8192500269,162
8192500270,102
8192500271,130
8192500272,100
8192500273,122
8192500274,108
8192500275,120
8192500276,161
8192500277,117
8192500280,148
8192500282,91
8192500283,166
8192500286,173
8192500291,84
8192500407,91
8192500410,129
8192500411,161
8192500412,146
8192500413,129
8192500414,153
8192500415,98
8192500418,169
8192500419,159
8192500421,163
8192500422,130
8192500423,168
8192500424,80
8192500425,136
8192500426,91
8192500427,129
8192500428,126
8192500430,93
8192500433,130
8192500434,113
8192500435,107
8192500436,104
8192500437,124
8192500473,138
8192500474,133
8192500480,154
8192500484,142
8192500487,135
8192500492,106
8192500503,119
8192500505,115
8192500508,89
8192500511,155
8192500513,75
8192500514,150
8192500515,84
8192500516,136
8192500518,116
8192500524,146
8192500526,150
8192500528,90
8192500530,90
8192500532,135
8192500533,71
8192500534,86
8192500535,167
8192500536,124
8192500537,79
8192500538,115
8192500540,92
8192500541,147
8192500542,89
8192500545,109
8192500546,110
8192500548,150
8192500549,86
8192500551,136
8192500553,119
8192500566,142
8223321483,52
8223321484,104
8223321487,106
8223321488,71
8223321490,71
8223321491,108
8223321493,57
8223330420,168
8223330428,174
8223330429,148
8223330437,125
8223330438,144
8223330439,165
8223330440,160
8223330442,153
8223330445,146
8223330446,192
8223330447,124
8223330448,154
8223330450,113
8223330453,123
8223330455,117
8223330457,192
8223330458,142
8223330459,109
8223330460,170
8223330461,146
8223330463,125
8223330464,132
8223330466,113
8223336904,124
8223343476,200
8223343478,147
8223343492,182
8223343493,186
8223343494,154
8223343495,135
8223350753,121
8223350754,104
8223353887,130
8223353888,168
8223353889,125
8223353890,156
8223353891,105
8223353892,171
8223363132,124
8223363134,97
8223363150,121
8223363151,80
8223363153,122
8223363154,95
8223363155,137
8459915342,196
8617410957,128
8617410958,133
8617410960,103
8617410961,114
8617410962,121
8617410969,124
8617410970,150
8617410971,114
8617410972,134
8617410973,156
8617410975,139
8617410977,120
8617410978,126
8617410979,160
8617410983,130
8617410984,117
8617410985,140
8617410986,114
8617410987,140
8617410988,171
8617410989,172
8617410990,145
8617410998,164
8617411000,154
8617411001,165
8617411002,159
8617428190,97
8617428197,66
8617428203,48
8617428210,56
8617428211,83
8617428213,97
8617428214,99
8617428215,92
8617428216,124
8617429895,153
8617429896,149
8617429897,182
8617429898,114
8617429899,190
8617429900,178
8617429901,121
8617429902,160
8617429903,181
8617429904,203
8617429905,213
8617429906,152
8617429907,191
8617429908,133
8617429911,169
8617429912,170
8617429913,208
8617429914,216
8617429915,121
8617429916,202
8617431917,119
8617431918,132
8617431919,91
8617431926,83
8617431927,108
8617431928,135
8617431929,84
8617431930,98
8617431931,135
8617431932,98
8617431933,116
8617431934,147
8617431935,98
8617431936,94
8617431937,89
8617431938,115
8617431939,83
8617431940,86
8617431941,89
8617431942,103
8617431943,126
8617431944,105
8617431945,118
8617431946,130
8617431947,121
8617431948,115
8617431949,74
8617431950,99
8617431951,90
8617431952,104
8617431953,128
8617431954,91
8617431955,79
8617431956,119
8617431957,127
8617431958,116
8617431959,80
8617431960,104
8617431963,112
8617431965,123
8617431967,133
8617431968,150
8617431969,106
8617431970,156
8617431971,100
8617431972,93
8617431974,142
8617431975,126
8617431976,127
8617431977,112
8617431978,90
8617431979,99
8617431981,139
8617431982,103
8617431983,159
8617431984,133
8617431985,136
8617431986,150
8617431988,140
8617431989,118
8617431990,146
8617431991,110
8617431992,90
8617431993,125
8617431998,99
8617431999,140
8617432000,160
8617432001,138
8617432002,105
8617432004,99
8617432005,117
8617432007,101
8617432010,129
8617432011,125
8617432015,155
8617432018,137
8617432020,120
8617432022,109
8617432024,116
8617432025,112
8617432026,104
8617432027,131
8617432028,109
8617432029,96
8617432030,118
8617432031,115
8617432032,149
8617432033,91
8617432034,150
8617432036,121
8617432037,92
8617432038,100
8617432039,160
8617432040,137
8617432041,157
8617432042,173
8617432043,118
8617432044,134
8617432045,141
8617432046,158
8617440517,159
8617440518,215
8617440519,182
8617440520,211
8617440521,126
8617440522,162
8617440523,137
8617440524,209
8617440525,143
8617440526,187
8617440527,120
8617440528,135
8617440529,149
8617440530,198
8617440531,118
8617440532,198
8909426279,110
8909426280,88
8909443961,117
8909443962,74
8909444146,100
8909444147,53
8909445841,94
8909445842,83
8968558974,36
8968558975,29
8968558995,81
8968558996,93
8968558997,68
8968558998,94
8968559001,58
9051418063,64
9051418067,113
9051418069,84
9051418070,92
9051418097,84
9051418098,76
9051418099,67
9051418100,114
9051418103,94
9051418106,112
9051464017,119
9051464018,89
9051464020,98
9051464021,99
9051464022,52
9051464023,84
9051464024,75
9051464025,113
9051464026,108
9051464028,80
9051464029,61
9051464030,86
9051464036,91
9051464037,118
9051464038,141
9051464039,136
9051464040,121
9051464042,91
9051464043,111
9051464044,96
9051464045,115
9051464046,87
9051464051,116
9051464055,108
9051464057,98
9051464058,105
9051464061,159
9051464063,159
9051464064,186
9051464065,195
9051464071,172
9051464074,95
9051464090,75
9051464092,68
9051464093,61
9051464094,80
9051464096,67
9051464097,82
9051464129,61
9051464132,57
9051464133,96
9051464134,66
9051464135,70
9051464136,79
9051464139,53
9051464140,81
9051464141,111
9051464143,99
9051464145,46
9051464156,43
9051464157,95
9051464158,67
9051464159,66
9051464170,59
9051464171,100
9051464175,94
9051464176,76
9051464177,43
9051464179,98
9051464180,72
9051464181,92
9051464182,113
9051464183,70
9051464184,69
9051464185,82
9051464208,62
9051464209,80
9051464350,49
9051464360,83
9051464361,87
9051464383,95
9051464388,155
9051464391,78
9051464392,89
9051464394,87
9051464395,100
9051464396,103
9051464397,125
9051464404,109
9051464408,93
9051464417,67
9051464421,110
9051464422,74
9051464432,67
9051464434,93
9051464436,69
9051464437,74
9051464438,62
9051464439,94
9051464440,92
9051464441,53
9051464442,70
9051464443,60
9051464446,60
9051464447,62
9051464448,70
9051464449,91
9051464451,82
9051464453,101
9051464454,83
9051464455,83
9051464456,94
9051464458,56
9051464460,98
9051464461,95
9051464467,54
9051464472,61
9051464474,57
9051464476,82
9051464477,79
9051464479,79
9051464480,73
9051464482,46
9051464493,61
9051464518,72
9054489908,103
9054489912,142
9054489913,117
9054489914,118
9054489915,182
9054502118,147
9054502119,168
9054502121,83
9054502122,129
9054502123,105
9054502124,100
9054502125,103
9054502175,193
9054502176,104
9054502177,162
9054502178,148
9054502182,106
9054502184,171
9054502185,155
9054502188,131
9054502191,152
9054502196,166
9054502200,162
9054502203,203
9054502204,147
9054502206,166
9054502212,203
9054502213,188
9054502214,225
9054502215,203
9054502217,153
9054502218,201
9054502220,168
9054502221,121
9054502222,155
9054502223,137
9054502224,182
9054502225,187
9054502226,195
9054502227,117
9054502228,156
9054502229,155
9054502230,158
9054502232,121
9054502233,152
9054502235,140
9054502240,148
9054502241,189
9054502242,158
9054502243,160
9054502244,215
9054502245,124
9054502246,155
9054502249,263
9054502252,174
9054502253,187
9054502254,194
9054502255,217
9054502256,213
9054502271,238
9054502273,276
9054502274,182
9054502275,216
9054502277,289
9054502278,154
9054502279,231
9054502280,256
9054502281,257
9054502283,155
9054502286,241
9054502287,271
9054502288,202
9054502290,241
9054502291,186
9054502295,172
9054502297,251
9054502298,280
9054502299,81
9054502300,84
9054502301,147
9054502302,119
9054502304,227
9054502305,238
9054502306,200
9054502307,243
9054502309,78
9054502310,90
9054502315,96
9054502318,145
9054502319,161
9054502320,204
9054502321,139
9054502322,186
9054502324,235
9054502325,179
9054502328,165
9054502329,122
9054502330,190
9054502331,180
9054502332,233
9054502333,124
9054502334,193
9054502335,193
9054502336,192
9054502337,187
9054502344,143
9054502345,174
9054502346,168
9054502348,157
9054502349,183
9054502350,213
9054502351,182
9054502352,243
9054502353,205
9054502354,186
9054502355,155
9054502356,171
9054502357,162
9054502358,140
9054502359,190
9054502360,203
9054502361,164
9054502362,157
9054502363,150
9054502364,164
9054502365,148
9054502366,218
9054502367,196
9054502368,156
9054502369,211
9054502370,175
9054502371,132
9054502372,199
9054502373,165
9054502374,146
9054502375,123
9054502376,169
9054502377,107
9054502378,133
9054502380,186
9054502381,179
9054502382,180
9054502383,116
9054502385,148
9054502386,194
9054502387,159
9054502388,181
9054502389,111
9054502390,167
9054502391,126
9054502393,136
9054502395,186
9054502396,145
9054502398,166
9054502399,137
9054502400,163
9054502401,104
9054502402,100
9054502403,158
9054502404,165
9054502405,171
9054502406,131
9054502407,184
9054502408,152
9054502409,144
9054502410,122
9054502411,118
9054502412,114
9054502413,121
9054502414,130
9054502415,183
9054502422,155
9054502423,225
9054502428,180
9055823823,91
9055823824,106
9055823825,87
9055823827,68
9055823828,108
9055823830,97
9055823831,91
9055823832,114
9055823833,106
9055823834,88
9055823836,69
9055823837,112
9055823840,114
9055823841,95
9055823844,74
9055823846,92
9055823847,77
9055823851,114
9055823852,102
9055823859,94
9055823864,102
9055823865,92
9058316191,116
9058316204,244
9058316205,178
9058316206,201
9058316220,175
9058316221,231
9058316224,307
9058316225,153
9058316227,225
9058316245,253
9058316246,296
9058316251,280
9058316252,310
9058316253,270
9058316254,272
9058316258,235
9058316259,216
9058316269,250
9058316271,296
9058316272,274
9058316273,293
9058316275,272
9058316276,286
9062761989,158
9062761990,178
9070427655,75
9070427656,59
9070427657,89
9070427659,59
9070427660,65
9070427661,82
9070427662,72
9070427663,54
9070427670,66
9070427672,68
9070427673,96
9070427674,81
9070427675,75
9070427676,59
9070427677,77
9070427680,85
9070427681,56
9070427682,85
9070427685,77
9079027075,218
9079027076,204
9079027077,184
9158035266,50
9158035271,96
9158035274,83
9158035276,96
9158035279,86
9158035280,42
9158035281,126
9158035285,86
9158035290,83
9158035295,164
9158035297,183
9158035298,188
9158035300,219
9158035303,149
9158035305,124
9158035306,141
9158035309,212
9158035311,144
9158085012,175
9158091267,115
9158091268,87
9158091269,67
9158091271,49
9158091272,89
9158091273,91
9158091274,74
9158091277,63
9158091278,105
9158091279,111
9158091286,89
9158091288,83
9158091292,77
9158091295,49
9158091296,114
9158091297,77
9158091298,71
9158091300,78
9158091302,65
9158091303,82
9158091304,70
9158091305,62
9158091306,96
9158091307,51
9158091309,81
9158091310,74
9158091314,77
9158094416,50
9158094919,74
9158094920,47
9158094922,47
9158094923,53
9158094924,69
9158094930,46
9158094950,43
9158094955,78
9158094958,70
9158094959,41
9158094960,95
9158094967,84
9158094969,63
9158094970,66
9158094979,74
9158094980,103
9158094983,94
9158094987,74
9158094988,74
9158094992,79
9158094994,54
9158094996,105
9158095000,93
9158095001,85
9158095006,89
9158095009,107
9158095010,65
9158095013,82
9158095014,84
9158095015,110
9158095016,65
9158095017,47
9158095018,68
9158095026,76
9158095027,117
9158095031,85
9158095034,110
9158095036,78
9158095039,102
9158095040,110
9158095041,70
9158095046,98
9158095047,101
9158095049,79
9158095050,69
9158095052,97
9158095056,96
9158095057,120
9158095058,80
9158095059,78
9158095062,138
9158095066,73
9158095067,126
9158095068,123
9158095074,104
9158095075,89
9158095077,119
9158095084,122
9158095085,109
9158095089,111
9158095091,95
9158095093,71
9158095095,123
9158095101,52
9158095104,70
9158106222,158
9158106237,160
9158106240,166
9158106249,152
9158106250,94
9158106252,110
9158106253,100
9158106256,171
9158106257,109
9158106258,173
9158106259,104
9158106262,168
9158106265,146
9158106267,165
9158106270,151
9158106274,164
9158106280,159
9158106281,119
9158106282,188
9158106284,147
9158106286,109
9158106287,118
9158106288,139
9158106291,162
9158106295,151
9158106298,112
9158106304,145
9158106308,91
9158106314,112
9158106317,148
9158106318,98
9158106323,117
9158106324,73
9158106325,84
9158106330,78
9158106340,152
9158106346,191
9158106347,248
9158106348,151
9158106353,270
9158106354,230
9158106355,167
9158106357,182
9158106364,177
9158106367,216
9158106368,180
9158106386,122
9158106393,114
9158106395,105
9158106399,141
9158106403,83
9158106404,85
9158106405,90
9158106406,92
9158106408,90
9158106409,114
9158106410,103
9158115517,145
9158115519,122
9158115521,118
9158115522,99
9158115523,139
9158115525,127
9158115528,130
9158115532,123
9158115534,144
9158115537,146
9158115538,106
9158115539,96
9158115540,137
9158115547,121
9158115548,142
9158115549,112
9158115551,116
9158115552,84
9158115554,126
9158115557,134
9158115558,70
9158115561,101
9158115566,97
9158115567,99
9158115569,154
9158115571,156
9158115573,126
9158115575,160
9158115576,123
9158115578,127
9158115581,91
9158115583,94
9158115586,105
9158115589,110
9158115591,114
9158115592,120
9158115593,90
9158115596,88
9158115599,118
9158115600,81
9158115601,94
9158115603,109
9158115604,107
9158115605,74
9158115606,109
9158115609,98
9158115610,127
9158115612,101
9158115613,97
9158115614,114
9158115615,134
9158115617,114
9158115618,104
9158115619,98
9158115621,96
9158115623,58
9158115624,76
9158115625,55
9158115635,116
9158115638,77
9158115639,107
9158115640,60
9158115643,73
9158115646,77
9158115650,95
9158115656,71
9158115659,123
9158115660,68
9158115661,70
9158115662,74
9158115665,82
9158115666,67
9158115668,49
9158119241,102
9158119244,100
9158119245,55
9158119246,113
9158119247,76
9158119248,83
9158119249,65
9158119250,96
9158119251,116
9158119253,96
9158119256,75
9158119257,78
9158119263,85
9158119264,93
9158119265,102
9158119267,94
9158119269,93
9158119270,87
9158119273,70
9158119274,89
9158119276,106
9158119279,126
9158119283,113
9158119288,58
9158119290,121
9158119291,119
9158119292,94
9158119295,130
9158119305,123
9158119307,127
9158119309,87
9158119316,70
9158121531,80
9158121532,49
9158121537,99
9158121544,73
9158121545,84
9158121547,157
9158121556,125
9158121558,122
9158121594,115
9158121616,95
9158122818,117
9158122819,102
9158122820,135
9158122821,93
9158122823,138
9158122825,130
9158122826,121
9158122827,70
9158122830,76
9158122839,78
9158122841,59
9158122846,103
9158122847,113
9158122848,95
9158122849,103
9158122850,111
9158122851,99
9158122852,111
9158122853,85
9158122854,63
9158122855,110
9158122856,92
9158122857,50
9158122858,105
9158133317,111
9158133319,56
9158133325,96
9158133326,94
9158133332,87
9158133335,65
9158133338,50
9158133340,34
9158133343,80
9158133345,84
9158133352,62
9158133353,60
9158133354,75
9158133356,76
9158133357,72
9158133358,79
9158133359,99
9158133360,75
9158133361,43
9158133365,62
9158133369,63
9158133371,114
9158133373,68
9158133374,41
9158133376,78
9158133379,88
9158133380,72
9158133383,45
9158133384,89
9158133385,59
9158133389,47
9158144118,59
9158144119,71
9158144121,85
9158144125,101
9158144126,68
9158144127,62
9158144131,74
9158144132,76
9158144133,87
9169207763,68
9169207770,56
9169207774,80
9169207775,67
9169207776,75
9169207777,68
9169207778,80
9169207779,74
9169207781,87
9169207782,51
9169207785,33
9169207791,59
9169207794,41
9169207795,90
9169207796,63
9169207797,55
9169207799,77
9169207800,52
9169207801,59
9169207802,49
9169207805,94
9169207806,71
9169207809,75
9169239238,53
9169239241,74
9169239242,51
9169239243,79
9169239244,70
9169239248,63
9169239249,64
9169239250,57
9169239256,45
9169239258,80
9169239262,75
9169239263,51
9169239264,50
9169239267,58
9169239272,52
9169239273,68
9169239275,44
9169239276,54
9169239277,81
9169239278,32
9169239280,57
9169239284,83
9169239286,45
9169239290,64
9169239291,78
9169239294,28
9169239296,46
9169239297,48
9169239298,52
9169239301,75
9169239305,79
9169239308,64
9169239309,78
9169239310,58
9169239311,31
9169239312,39
9169239314,76
9169239622,76
9169239625,83
9169239626,78
9169239627,75
9169239629,75
9169239631,70
9169239632,82
9169239634,69
9169239635,61
9169239636,54
9169239637,79
9169239638,62
9169239640,79
9169239641,55
9169239643,42
9169239645,63
9169239650,55
9169239654,69
9169239655,50
9169239656,61
9169239657,41
9169239659,68
9169249733,57
9169249734,47
9169249735,54
9169249736,77
9169249737,36
9169249749,27
9169249750,66
9169249753,78
9169249754,80
9169249755,67
9169249766,43
9169249767,40
9169249769,72
9169249772,63
9169249774,68
9169249776,41
9169249781,51
9169249782,37
9169249785,43
9169249786,48
9169249788,60
9169249789,38
9169249790,49
9169252117,35
9169252121,25
9169252123,65
9169252125,66
9169252129,35
9169252130,67
9169252131,38
9169252132,37
9169252145,53
9169252148,51
9169252150,22
9169252177,23
9169252191,31
9169252194,42
9169252195,38
9169252196,45
9169252202,41
9169252203,46
9169252211,23
9169252213,25
9169252222,59
9169252228,49
9169252231,66
9169252240,53
9169252243,36
9169252244,95
9169252245,38
9169252246,52
9169252247,57
9169252250,53
9169252252,58
9169252253,54
9169252256,64
9169252257,51
9169275421,64
9169275423,87
9169275424,70
9169275425,54
9169275431,58
9169275432,57
9169275435,65
9169275436,74
9169275438,93
9169275439,89
9169275440,61
9169275443,56
9169275444,43
9169275447,64
9169275448,81
9169275450,92
9169275451,74
9169275455,84
9169275458,58
9169275459,99
9169275460,79
9169275465,69
9169275467,76
9169275471,52
9169275477,35
9169275484,77
9169275485,86
9169275488,73
9169275491,68
9169277907,63
9169277911,93
9169277914,98
9169277916,101
9169282819,65
9169282820,100
9169282822,50
9169282826,80
9169282827,62
9169282832,63
9169282833,92
9169282834,49
9169282836,109
9169282837,62
9169282841,59
9169282844,71
9169282845,56
9169282846,39
9169282848,82
9169282850,85
9169282852,33
9169282855,64
9169282861,70
9169282862,73
9169282863,74
9169282865,82
9169282866,58
9169282868,51
9169282869,33
9169282870,101
9169282875,70
9169282883,57
9169282889,78
9169282892,45
9169282893,61
9169282894,47
9169282895,79
9169282898,75
9169282901,61
9169282903,61
9169282904,61
9169282906,78
9169282909,61
9169282911,62
9169282912,65
9169282914,89
9169282915,68
9169282917,43
9169282920,44
9169282921,51
9169282922,85
9169282924,90
9169282926,69
9169282927,66
9169282928,60
9169282929,79
9169282933,75
9169282935,62
9169282938,78
9169282940,33
9169282941,74
9169282942,56
9169282943,59
9169282945,29
9169282946,55
9169282948,53
9169282950,45
9169282951,44
9169282952,66
9169282954,59
9169286868,48
9169286870,78
9169286877,67
9169286880,41
9169286891,44
9169286892,69
9169286895,51
9169286897,61
9169286898,48
9169286899,86
9169286900,66
9169286901,79
9169286902,47
9169286906,61
9169286907,68
9169286908,88
9169286910,73
9169286913,49
9169286914,46
9169307318,46
9169307319,80
9169307322,66
9169307326,45
9169307328,26
9169307329,30
9169307332,54
9169307333,59
9169307334,91
9169307336,77
9169307338,34
9169307339,83
9169307340,60
9169307346,57
9169307350,62
9169307351,62
9169307353,67
9169307354,72
9169307355,59
9169307359,58
9169307360,63
9169307362,76
9169307363,35
9169307364,45
9169307365,65
9169307366,26
9169307369,72
9169307372,30
9169307373,57
9169307376,30
9169307377,41
9169307379,78
9169307380,37
9169307381,36
9169307383,56
9169307384,74
9169307386,91
9169307387,42
9169307388,52
9169307389,74
9169307392,70
9169307395,45
9169307397,53
9169307402,31
9169307403,67
9169307405,60
9169307406,52
9169307410,50
9169313286,32
9169313288,63
9169313289,57
9169313292,49
9169313293,61
9169313295,74
9169313296,27
9169313298,34
9169313305,28
9169316619,46
9169316633,70
9169316634,72
9169316635,52
9169316637,30
9169316639,43
9169316640,35
9169316642,41
9169316645,56
9169316669,27
9169316671,64
9169316672,73
9169316674,53
9169316677,40
9169316679,70
9169316680,28
9169316683,43
9169316685,62
9169316687,34
9169316688,64
9169316689,50
9169316690,23
9169316691,30
9169316693,64
9169333565,77
9169333568,59
9169333569,56
9169333572,31
9169333579,105
9169333581,67
9169333583,117
9169333585,57
9169333586,51
9169333587,79
9169333589,94
9169333590,71
9169333592,127
9169333598,100
9169333599,76
9169333600,100
9169333607,62
9169333609,98
9169333610,103
9169333611,114
9169333613,100
9169333614,102
9169333616,105
9169333817,102
9169333818,88
9169333819,90
9169333822,95
9169333823,146
9169333824,142
9169333826,92
9169333828,118
9169333829,148
9169333831,64
9169333834,135
9169333835,157
9169333837,96
9169333838,127
9169333841,110
9169333842,91
9169333844,123
9169333845,111
9169333851,82
9169333852,75
9169333855,75
9169333858,102
9169333860,65
9169333862,63
9169333865,63
9169333866,78
9169333873,60
9169333874,91
9169333875,51
9169333876,63
9169333877,90
9169333878,55
9169333880,50
9169333885,50
9169333886,70
9169333888,53
9169333889,55
9169333900,88
9169333901,54
9169333902,47
9169333903,79
9169333904,58
9169361334,94
9169361335,54
9169361336,49
9169361340,54
9169361341,46
9169361344,97
9169361358,61
9169361359,74
9169361361,75
9169361363,68
9169361364,102
9169361366,85
9169361368,82
9169361371,88
9169361375,81
9169361376,51
9169361377,71
9169361378,78
9169361379,74
9169361380,87
9169361383,99
9169361384,53
9169361385,57
9169361387,83
9169361389,96
9169361390,50
9169361393,75
9169361394,44
9169361395,74
9169361397,67
9169361411,84
9169361414,97
9169361415,47
9169364617,50
9169364620,39
9169364622,36
9169364625,59
9169364627,26
9169364628,43
9169364629,65
9169364630,66
9169364631,45
9169364633,69
9169364636,53
9169364637,47
9169364638,55
9169364639,70
9169364640,67
9169364644,62
9169364647,54
9169364648,58
9169364650,56
9169364652,57
9169364653,61
9169364658,59
9169364660,47
9169364661,54
9169364665,47
9169364667,90
9169364672,75
9169364676,87
9169364678,58
9169364679,70
9169364680,48
9169364681,26
9179101656,79
9179101665,53
9179101668,35
9179101675,63
9179101676,60
9179101679,87
9179101680,58
9179101683,64
9179101685,34
9179101686,70
9179101689,71
9179101692,70
9179101694,58
9179101697,54
9179101700,56
9179101701,65
9179101703,76
9179101704,60
9179101705,40
9179101706,86
9179101709,41
9179101710,54
9179101712,81
9179101713,60
9179101715,92
9179102430,76
9179102431,46
9179102432,49
9179102433,50
9179102436,77
9179102440,46
9179102442,85
9179102444,55
9179102445,41
9179102447,52
9179102448,47
9179102449,71
9179102450,28
9179102451,54
9179102452,39
9179102453,66
9179102454,48
9179102455,60
9179102456,52
9179102461,64
9179102465,51
9179102467,84
9179102469,72
9179102472,85
9179102473,63
9179102477,78
9179102478,49
9179102479,55
9179102480,66
9179102481,77
9179102482,80
9179102486,66
9179102487,47
9179102489,46
9179102490,45
9179102491,33
9179102492,67
9179102494,42
9179102498,81
9179102501,48
9179102506,56
9179102513,89
9179102515,48
9179119726,78
9179119727,68
9179119728,71
9179119729,65
9179119730,84
9179119731,78
9179119732,75
9179119733,58
9179119734,64
9179119735,81
9179119737,83
9179119738,85
9179119741,74
9179119744,73
9179119745,49
9179119746,74
9179119747,61
9179119748,52
9179119755,48
9179119763,53
9179119766,67
9179119781,51
9179119783,67
9179119784,71
9179119785,74
9179119787,70
9179119788,41
9179119789,30
9179119791,80
9179119792,83
9179119793,76
9179119795,47
9179119799,48
9179119800,57
9179119801,53
9179119806,49
9179119809,48
9179119813,51
9179119816,73
9179120919,68
9179120920,71
9179120922,57
9179120924,76
9179120935,62
9179120937,30
9179120943,73
9179120944,63
9179120946,66
9179120947,59
9179120948,71
9179120950,46
9179120952,39
9179120953,37
9179120954,46
9179120955,66
9179120956,54
9179120957,57
9179120958,37
9179120960,51
9179120962,43
9179120963,57
9179120966,59
9179120967,65
9179120971,58
9179120974,70
9179120976,68
9179120977,72
9179123688,60
9179123690,33
9179123691,50
9179123693,58
9179123701,75
9179123713,48
9179125017,31
9179125019,71
9179125021,68
9179125022,52
9179125024,55
9179125025,51
9179125029,46
9179125030,83
9179125034,67
9179125035,53
9179125038,25
9179125040,72
9179125042,49
9179125043,51
9179125044,53
9179125046,74
9179125047,32
9179125050,34
9179125053,68
9179125054,72
9179125058,69
9179125063,34
9179125064,40
9179125065,45
9179125066,49
9179125067,54
9179125068,31
9179125070,58
9179125075,55
9179125077,66
9179125078,51
9179125087,42
9179125088,68
9179125089,29
9179125090,65
9179125091,42
9179125092,73
9179125093,32
9179125094,42
9179125095,42
9179125096,62
9179125099,63
9179125102,28
9179125104,67
9179125106,60
9179125113,34
9179125114,40
9179125116,54
9179125117,33
9179125120,64
9179125121,64
9179125122,90
9179125123,60
9179125125,31
9179125129,52
9179126717,47
9179126718,54
9179126719,76
9179126720,68
9179126721,44
9179126722,30
9179126746,74
9179126748,46
9179126762,67
9179126763,57
9179126764,51
9179126766,68
9179168109,101
9179168110,103
9179168111,105
9179168113,103
9179168114,71
9179168115,60
9179168116,79
9179168418,77
9179168421,80
9179168423,84
9179168425,61
9179168426,64
9179168429,60
9179168432,90
9179168433,100
9179168435,93
9179168436,67
9179168441,62
9179168443,78
9179168447,78
9179168450,100
9179168451,94
9179168452,105
9179168453,62
9179168454,74
9179168455,90
9179168463,72
9179168464,67
9179168465,73
9179168466,90
9179168471,67
9179168474,101
9179168475,97
9179168476,50
9179168479,89
9179168480,53
9179168483,71
9179168484,76
9179168493,71
9179168496,43
9179168497,58
9179168498,51
9179168500,61
9179168502,34
9179168503,49
9179168505,62
9179168506,51
9179168513,37
9179168514,41
9179168515,75
9179168516,48
9179169153,83
9179169154,94
9179169155,78
9179169156,86
9179169158,88
9179169165,91
9179169166,88
9179169167,94
9179169168,53
9179169170,100
9179169171,74
9179169172,60
9179169173,66
9179169174,86
9179169178,63
9179169179,52
9179169180,81
9179169181,99
9179169184,55
9179169185,69
9179169188,105
9179169198,188
9179169199,177
9179169202,130
9179169204,207
9179169210,186
9179169213,146
9179169718,47
9179169722,43
9179169726,53
9179169727,81
9179169728,54
9179169729,56
9179169732,78
9179169733,37
9179169734,50
9179169742,36
9179169744,58
9179169748,52
9179169751,48
9179169752,99
9179169753,34
9179169764,56
9179169765,93
9179169768,58
9179169775,36
9179169776,48
9179169777,89
9179169778,83
9179169779,52
9179169782,53
9179169784,90
9179169785,44
9179169786,85
9179169787,78
9179169788,65
9179169789,98
9179169790,67
9179169791,96
9179169792,88
9179169794,67
9179169804,89
9179169805,56
9179169806,45
9179186117,130
9179186118,175
9179186120,177
9179186125,123
9179186126,155
9179186128,152
9179186135,149
9179186136,82
9179186139,135
9179186140,104
9179186141,116
9179186144,132
9179186152,151
9179186156,148
9179186157,125
9179186160,153
9179186161,106
9179186163,152
9179186165,119
9179186169,139
9179186175,119
9179186180,102
9179186187,116
9179186196,149
9179186201,129
9179186205,133
9179186208,143
9179186209,144
9179186211,160
9179186214,135
9179186220,127
9179186373,110
9179186375,163
9179186376,92
9179186379,169
9179186380,186
9179186381,135
9179186382,139
9179186384,117
9179186385,193
9179186387,147
9179186388,128
9179186390,105
9179186393,113
9179186396,103
9179186397,135
9179186400,107
9179186401,176
9179186405,167
9179186412,187
9179192615,78
9179192616,87
9179192824,79
9179192825,109
9179192827,118
9179192832,85
9179192833,143
9179192834,86
9179192841,93
9179192842,91
9179192844,111
9179192845,98
9179192851,145
9179192853,94
9179192860,122
9179192864,91
9179192872,86
9179192887,90
9179192891,142
9179192892,85
9179192896,106
9179192898,67
9179192899,117
9179192904,52
9179192907,93
9179192908,63
9179192912,64
9179192916,68
9179192917,63
9179192918,95
9179192919,54
9179192920,71
9179192924,71
9179192925,77
9179192926,80
9179192928,72
9179192929,66
9179192930,60
9179192931,61
9179192932,82
9179192933,45
9179192934,79
9179192938,80
9179192940,57
9179192941,60
9179192942,71
9179196418,81
9179196419,112
9179196420,58
9179196425,59
9179196426,65
9179196427,67
9179196429,71
9179196430,79
9179196431,63
9179196432,105
9179196433,44
9179196434,52
9179196435,51
9179196436,97
9179196437,75
9179196440,61
9179196441,70
9179196444,109
9179196445,66
9179196446,63
9179196447,96
9179196448,72
9179196451,85
9179196453,89
9179196456,47
9179196465,30
9179196468,66
9179196472,68
9179196474,90
9179196475,88
9179196477,58
9179196484,59
9179196485,125
9179196489,103
9179196496,89
9179196497,82
9179196498,72
9179196499,71
9179196500,97
9179196504,108
9179196507,71
9179196508,85
9179196511,102
9179196513,58
9179196514,71
9179196518,68
9179196519,70
9179196520,70
9179199319,76
9179199320,125
9179199322,128
9179199324,127
9179199335,111
9179199336,110
9179199344,127
9179199345,93
9179199346,122
9179199349,129
9179199350,129
9179199351,77
9179199356,128
9179199357,82
9179199361,91
9179199362,67
9179199365,73
9179199368,66
9179199370,72
9179199374,55
9179199375,85
9179199376,110
9179199378,108
9179199379,94
9179199386,75
9179199387,90
9179199390,64
9179199393,94
9179199398,81
9179199399,79
9179199403,85
9179199404,115
9179199412,66
9179199413,75
9179199414,106
9179199415,86
9179199418,148
9179199419,80
9179199421,93
9179200080,109
9179200082,98
9179200083,64
9179200087,66
9179200088,79
9179200091,95
9179200092,104
9179200093,75
9179200094,95
9179200097,72
9179200098,59
9179200099,88
9179200100,79
9179200104,80
9179200106,86
9179200109,79
9179200110,87
9179200111,101
9179200114,60
9179208019,112
9179208020,73
9179208021,80
9179208027,80
9179208028,77
9179208031,94
9179208032,46
9179208033,88
9179208034,76
9179208036,56
9179208038,104
9179208039,91
9179208040,52
9179208041,99
9179208042,83
9179208043,53
9179208045,44
9179208048,91
9179208049,85
9179208050,42
9179208051,75
9179208053,81
9179208054,97
9179208061,55
9179208062,98
9179208065,50
9179208069,74
9179208070,62
9179208073,58
9179208075,61
9179208078,58
9179208088,50
9179209584,40
9179209585,54
9179209586,60
9179209587,62
9179209589,43
9179209596,94
9179209597,81
9179209598,85
9179209599,38
9179209600,59
9179209601,93
9179209602,81
9179209605,84
9179209609,62
9179209611,72
9179209613,49
9179209614,37
9179209616,82
9179262032,31
9179262037,74
9179262038,61
9179262039,137
9179262046,85
9179262047,66
9179262048,89
9179262052,95
9179262055,73
9179262057,50
9179262059,71
9179262062,104
9179262064,97
9179262066,93
9179262067,149
9179262068,119
9179262069,130
9179262070,110
9179262071,131
9179262073,129
9184382401,279
9184382416,358
9184582817,371
9184582818,392
9184582823,362
9184582824,276
9184582825,264
9184582829,229
9184582831,262
9184582832,327
9184582834,371
9184582836,348
9184582837,220
9184582843,202
9184582846,188
9184582847,164
9184582850,152
9184582853,177
9184582856,117
9184582857,109
9184582863,88
9184582868,83
9184582869,62
9184582870,73
9184582871,86
9184582873,58
9184582879,107
9184582880,116
9184582882,134
9184582886,97
9184582887,61
9184582890,97
9184582891,60
9184582893,70
9184582894,101
9184582895,79
9184582898,92
9184582899,66
9184582901,128
9184582902,108
9184582904,122
9184582905,114
9184582906,94
9184582907,86
9184582910,108
9184582914,80
9184582918,118
9184582921,82
9184582922,83
9184582923,83
9184582929,112
9184721624,129
9184721626,169
9184721633,212
9184721635,221
9184721636,163
9184721637,168
9184721638,195
9184721640,123
9184721641,171
9184721642,103
9184721643,186
9184721645,148
9184721648,217
9184721651,157
9184721653,208
9184721654,165
9184721659,261
9184721660,196
9184721661,237
9184721669,185
9184721671,280
9184721672,204
9184721675,289
9184721683,226
9184721685,252
9184721686,214
9184721688,267
9184721690,177
9184721691,288
9184721694,220
9184721695,242
9184721701,175
9184721702,191
9184721703,285
9184721704,273
9184721711,267
9184721712,283
9184721713,194
9184721716,319
9184728217,234
9184728224,267
9184728225,246
9184728226,153
9184728228,183
9184728229,232
9184728231,131
9184728232,154
9184728233,211
9184728236,170
9184728237,170
9184728239,216
9184728242,238
9184728243,189
9184728244,242
9184728245,145
9184728246,152
9184728248,137
9184728252,166
9184728253,190
9184784984,183
9184784985,191
9184784986,389
9184784988,352
9184784991,350
9184784992,347
9184784999,97
9184785004,113
9184785005,99
9184785009,104
9184785011,130
9184785012,74
9184785014,97
9184785015,66
9184814217,71
9184814219,71
9184814220,77
9184814222,71
9184814226,112
9184932865,59
9184932866,50
9184932867,78
9184932868,50
9184932870,57
9184932871,139
9184932873,79
9184932876,132
9184932877,81
9184932878,90
9184932879,91
9184932881,114
9184932887,117
9184932888,78
9184932894,110
9184932896,63
9184932901,130
9184932904,98
9184932906,99
9184932908,122
9184932912,99
9184932914,76
9184932916,120
9184953965,149
9184953966,129
9184953968,141
9184953973,151
9184953976,102
9184953977,77
9184953981,85
9184953982,43
9184953986,89
9184953990,68
9184953991,61
9184953993,60
9184953994,99
9184953995,85
9184953996,63
9184953997,69
9184953998,102
9184953999,80
9184954000,88
9184954001,95
9184954004,99
9184954008,90
9184954011,87
9184954012,105
9184954014,70
9184964418,77
9184964419,87
9184964422,96
9184964423,73
9184964424,105
9184964426,104
9184964429,85
9184964433,104
9184964434,141
9184964437,112
9184964441,132
9184964442,116
9184964443,104
9184964444,125
9184964445,89
9184990500,149
9184990501,120
9184990503,87
9184990504,109
9184990507,132
9184990509,83
9184990512,97
9184990513,143
9184990514,81
9184990515,88
9184990516,65
9185162217,113
9185162223,111
9185162225,116
9185162227,101
9185162235,77
9185162247,96
9185162250,146
9185162251,167
9185162256,132
9185162262,139
9185162270,142
9185162271,106
9185162280,169
9185162289,166
9185162295,140
9185162297,170
9185162299,169
9185162300,125
9185162301,142
9185162302,88
9185162306,125
9185162307,149
9185162310,137
9185162311,97
9185162319,133
9185162320,123
9185162321,97
9185162322,114
9185162323,80
9185162324,152
9185162325,97
9185162327,98
9185162329,136
9185162331,128
9185162334,93
9185162335,157
9185162337,142
9185226046,46
9185226049,83
9185226050,54
9185226052,49
9185226053,65
9185226056,52
9185226058,69
9185226060,58
9185226061,34
9185226067,95
9185226068,66
9185226070,64
9185226071,70
9185226075,96
9185226076,56
9185226077,52
9185226089,48
9185226097,31
9185226102,76
9185226103,65
9185226105,74
9185226106,47
9185226107,50
9185226108,33
9185226109,45
9185226110,43
9185226111,49
9185226112,34
9185226113,65
9185226114,28
9185237519,64
9185237521,96
9185237522,126
9185237523,137
9185237524,137
9185237525,122
9185237529,126
9185237530,106
9185237531,87
9185237532,87
9185237533,124
9185237534,104
9185237535,130
9185237536,84
9185237537,86
9185237538,102
9185237539,106
9185237541,136
9185237543,136
9185237544,140
9185237545,77
9185237546,89
9185237548,133
9185237549,145
9185237550,76
9185237551,74
9185237552,114
9185237553,101
9185237555,107
9185237556,58
9185237560,135
9185237561,105
9185237564,123
9185237565,60
9185237566,99
9185237571,116
9185237575,66
9185237588,99
9185237589,82
9185237592,93
9185237597,122
9185237600,77
9185237602,127
9185237603,100
9185237605,129
9185237606,74
9185237608,68
9185237614,90
9185237615,55
9185237616,35
9185237620,85
9185243519,43
9185243520,57
9185243521,52
9185243522,92
9185243523,55
9185243524,70
9185243525,68
9185243527,74
9185243530,69
9185243531,101
9185243532,95
9185243533,130
9185243534,106
9185243535,85
9185243536,62
9185243537,76
9186774374,271
9186774387,332
9186774391,240
9186774396,363
9186774399,308
9186774401,326
9186774402,434
9186774404,266
9186774405,259
9186774406,260
9186774409,304
9186774410,339
9186774412,428
9186774413,423
9186774414,349
9186787888,414
9186787891,322
9186787897,353
9186787903,264
9186787908,207
9186787912,358
9186787914,274
9186787915,224
9186811718,376
9186811725,293
9186811728,287
9186811729,304
9186811732,353
9186833540,315
9186833553,274
9186833557,361
9186833561,327
9186833565,402
9186833566,412
9186833570,343
9186833573,366
9186833575,394
9186833581,469
9186833582,551
9186833583,365
9186833585,364
9186833593,309
9186833594,447
9186833613,381
9186833615,471
9186833616,507
9186834417,312
9186834418,435
9186834420,577
9186834425,367
9186834426,460
9186834430,467
9186834431,377
9186834432,513
9186834434,294
9186834435,379
9186834436,444
9186834437,567
9186834438,295
9186834439,439
9186834440,293
9186834454,477
9186834455,378
9186834457,405
9186834458,551
9186834459,493
9186834461,364
9186834462,581
9186834463,373
9186834464,485
9186834465,495
9186834466,539
9186834467,417
9186834469,481
9186839518,291
9186839525,258
9186839526,342
9186839529,223
9186839532,209
9186839541,306
9186839542,257
9186839551,481
9186839556,411
9186839557,406
9186839558,493
9186839559,526
9186839560,521
9232496096,174
9232496097,204
9249716864,43
9263077085,319
9263077092,270
9263077093,270
9435401583,337
9435401584,360
9435422128,212
9435422129,145
9435530920,72
9435530922,85
9435530923,103
9435530924,66
9435539438,284
9435539441,189
9435751030,216
9435751031,211
9435764171,217
9435764172,186
9435777279,133
9435807889,105
9435807890,115
9435807891,126
9435819415,103
9435819416,131
9435821818,83
9435825057,112
9435826635,135
9435826636,162
9435826637,172
9435826638,125
9435847564,140
9436336023,247
9443577026,443
9443637501,110
9443637507,146
9443637511,199
9443655344,214
9443655345,203
9443717947,114
9443981712,128
9443981714,93
9443996899,314
9443997102,61
9444013025,395
9444013026,370
9444095184,101
9444095185,98
9444122975,213
9444122976,282
9444122977,298
9444202522,249
9444202528,227
9444202529,195
9446231408,324
9446382628,183
9446484457,384
9446484462,314
9446958471,275
9448282913,87
9448364817,64
9448364818,61
9448364822,66
9448364823,61
9448364827,48
9448364828,41
9448364831,71
9448851613,72
9448851614,47
9448860858,69
9448860859,188
9448868973,78
9448868975,86
9448880002,189
9448880003,178
9448885530,240
9448900390,182
9448900391,139
9448959231,169
9449102330,57
9449102331,54
9449114530,321
9449117782,165
9449139806,171
9449139807,181
9449159815,225
9449168299,218
9449208223,253
9449208224,143
9449223934,44
9449266992,186
9449329869,249
9449329870,140
9449404233,184
9449417992,312
9449417993,353
9449443645,62
9449443760,89
9449449126,53
9449456779,420
9449456781,363
9449532412,188
9449532414,129
9451527137,343
9451565441,112
9451565443,145
9451612728,67
9451612729,67
9451612730,62
9451612731,56
9451660496,59
9451660497,33
9451660498,55
9451660500,58
9451660501,60
9451667049,110
9451667051,100
9451671099,248
9451722062,70
9451722068,44
9451828994,65
9451829000,30
9451842536,39
9451842537,64
9451842538,46
9451842539,55
9451842541,64
9451842766,142
9451842767,107
9451886150,119
9451886153,84
9451887246,82
9451887247,57
9451906933,50
9452103640,85
9452120448,141
9452120450,213
9452480044,134
9452480045,119
9452480046,130
9452480047,158
9452480048,141
9452480049,146
9452480050,116
9452480051,101
9452480052,223
9452480053,153
9452480054,181
9452480055,153
9452480056,217
9454395948,135
9454395949,100
9454396251,100
9454396672,88
9454421983,72
9454421984,72
9454432422,79
9454432424,140
9454436541,86
9454436542,45
9454443551,106
9454443552,54
9454478407,97
9454497521,93
9454497522,86
9454498647,84
9454498649,48
9454498650,105
9454498651,44
9454717158,110
9454902027,50
9454902030,77
9454902031,69
9454902032,73
9454921469,470
9454921470,487
9454943978,268
9454943980,275
9454943982,205
9454943984,259
9454943985,166
9454943986,173
9454943987,197
9454943988,219
9454944326,117
9454944328,124
9454944334,121
9454944335,144
9454945757,57
9454952343,196
9454952350,159
9454956322,193
9454956323,283
9454956324,171
9454956325,182
9454958840,92
9454958841,65
9454958924,228
9454958926,262
9454958927,226
9454965480,147
9454971755,200
9454971757,195
9454981586,153
9454981588,160
9454981589,183
9454981591,161
9454981592,126
9454981594,163
9454985933,184
9454985934,154
9454997869,153
9454997871,150
9455016155,276
9455028089,255
9455028090,331
9455028091,252
9455028092,213
9455028093,270
9455074620,181
9455074622,135
9461887977,165
9461895889,195
9461896772,215
9461896773,195
9461896774,213
9461896775,270
9461896776,202
9461896777,301
9461896778,173
9461898504,209
9461898505,187
9461898506,153
9461898511,190
9461898512,229
9461919796,229
9461924121,220
9461924123,272
9461924624,138
9461924625,135
9461925885,240
9461925886,332
9461925887,303
9461928074,160
9461928075,250
9461928079,81
9461928082,57
9461928084,89
9461928087,76
9461930784,235
9461930785,190
9461932065,136
9461932077,121
9461932078,145
9461932079,99
9461932162,108
9461932163,138
9461932168,148
9461932169,137
9461933922,242
9461939513,197
9461939514,188
9461939515,186
9461939606,249
9461939607,274
9461943362,346
9461943363,313
9461944294,79
9461944297,48
9461946377,121
9461946379,82
9461948329,135
9461948331,137
9461948537,152
9461948538,171
9461949784,71
9461949785,76
9461949787,80
9461951833,280
9461951835,421
9461953706,215
9461962709,94
9461962710,90
9461965430,201
9461965431,143
9461965432,119
9461967565,157
9461967569,200
9461975260,323
9461975261,222
9461975262,278
9461984715,294
9461984716,156
9461984717,68
9461984719,85
9461984720,82
9461990343,180
9461990344,172
9461990345,158
9461990346,151
9461993655,290
9462002843,219
9462002844,225
9462002845,182
9462012817,237
9462012819,185
9462037000,167
9462038220,211
9462038223,156
9462038235,90
9462061962,55
9462088407,29
9462091775,57
9462091776,27
9462125180,54
9462125181,33
9462128530,66
9462128532,50
9462148220,72
9462148221,91
9462148222,42
9462165107,157
9462165108,151
9462177348,76
9462177349,41
9462177350,81
9462177352,61
9502933748,36
9532777081,121
9557536715,197
9582494403,104
9582494405,56
9582494406,80
9582494408,70
9582494409,72
9582494411,64
9582494412,65
9582494413,89
9582494415,65
9582494416,65
9582694352,67
9583765313,88
9586893184,99
9586893185,89
9587037313,57
9587037314,87
9587037315,89
9587037316,71
9587049320,53
9587049323,103
9587049326,63
9587049327,72
9587049328,69
9587049329,83
9587674857,85
9590055921,89
9590055922,83
9590096925,70
9590096926,49
9590096927,56
9590096928,46
9590096929,49
9590096930,90
9590096931,76
9590096932,65
9590096933,60
9590096937,61
9590096939,61
9591490265,75
9591490266,84
9591490267,63
9605439094,280
9605439096,346
9605439101,424
9605439102,413
9605439103,398
9605439104,441
9605439105,368
9605439109,370
9605439110,367
9605439112,259
9605439113,371
9605439114,264
9605439115,196
9605439116,266
9605451618,200
9605451619,213
9605451620,285
9605451629,227
9605451631,243
9605451633,209
9605451634,169
9605451635,218
9605451636,189
9605451638,134
9605451649,119
9605451650,193
9605451653,152
9605451655,188
9605451656,150
9605451657,174
9605451659,182
9605451660,169
9605451661,181
9605451663,177
9605451666,155
9605451667,213
9605451668,166
9605451669,148
9605451673,111
9605451674,130
9605451680,136
9605451681,117
9605451683,162
9605451687,148
9605451689,100
9605451692,90
9605451693,133
9605451694,143
9605451696,132
9605451697,154
9605451698,104
9605451699,174
9605451702,222
9605451706,196
9605451709,197
9605451711,151
9605451712,150
9605451713,220
9605451717,226
9605451718,200
9605467981,142
9605467984,216
9605467991,129
9605467992,186
9605467994,185
9605467996,188
9605468000,167
9605468003,218
9605468004,234
9605468005,137
9605468006,148
9605468008,211
9605468010,158
9605527618,141
9605527620,163
9605527621,177
9605527634,211
9605527640,286
9605527649,284
9605527650,244
9605527653,195
9605527656,268
9605527659,235
9605527669,248
9605527671,215
9605527676,235
9605527678,172
9605527679,233
9605527680,223
9605527684,180
9605527685,265
9605527686,149
9605527687,167
9605527689,274
9605527692,220
9605527693,158
9605527695,163
9605527703,166
9605527704,165
9605527705,230
9605527707,176
9605527710,256
9605527712,232
9605527713,294
9605527717,308
9605527721,187
9605527722,169
9605527725,206
9605527728,228
9605527729,270
9605527731,157
9605715459,304
9605715460,335
9605715461,224
9605715462,187
9605715463,307
9605715464,309
9605715465,190
9605715466,280
9605715467,222
9605715468,289
9605715471,313
9605715475,218
9605715476,215
9605715477,241
9605715478,275
9605715480,325
9605715481,266
9605715482,322
9605715483,307
9605715484,301
9605715485,232
9605715486,246
9605715488,282
9605715489,200
9605715490,196
9605715491,210
9605715492,350
9605715494,281
9605715495,333
9605715496,366
9605715498,310
9605715499,279
9605715502,276
9605715503,319
9605715510,320
9605715511,337
9605715512,257
9605715513,315
9605715515,259
9605721370,320
9605721371,297
9605721372,238
9605721380,271
9605721381,389
9605721382,272
9605721383,421
9605727521,196
9605727526,189
9605727527,243
9605727528,220
9605727529,201
9605727530,193
9605727531,267
9605727540,247
9605727544,307
9605727545,231
9605727546,235
9605727549,223
9605727550,247
9605727554,386
9605727555,305
9605727557,332
9605727590,364
9605727591,245
9605727593,371
9605727596,340
9605727597,336
9605727598,330
9605727599,214
9605727604,333
9605727607,319
9605727609,350
9605727610,275
9605727613,242
9605727615,395
9606237520,252
9612461394,253
9612461396,170
9612461397,232
9612461398,183
9612461402,175
9612461405,273
9612461407,156
9612461411,152
9612461416,207
9612524647,192
9612524648,240
9612524649,273
9612524650,303
9612524661,189
9612524665,216
9612524666,212
9612524667,218
9612524675,215
9612524677,231
9612524678,139
9612524683,192
9612524684,153
9612524686,143
9612524689,255
9612524690,172
9612524691,220
9612524693,192
9612524695,311
9612524696,362
9612524699,275
9612524701,232
9612524702,184
9612524707,226
9612524709,265
9612524712,170
9612524713,227
9612524714,176
9612524715,190
9612524716,204
9612525021,200
9612525024,280
9612525028,249
9612525029,198
9612525030,241
9612525031,172
9612525032,149
9612525035,243
9612525036,117
9612525038,225
9612525040,135
9612525041,167
9612525042,178
9612525044,167
9612525045,157
9612525046,142
9612525047,129
9612525048,218
9612525049,184
9612525050,151
9612525051,141
9612525052,163
9612525055,147
9612525056,157
9612525057,148
9612525061,221
9612525070,178
9612525072,190
9612533120,258
9612533121,211
9612533122,178
9612533123,211
9612533124,249
9612533127,272
9612533128,217
9612533129,275
9612533131,231
9612533133,222
9612533135,143
9612533137,282
9612533138,192
9612533139,169
9612533146,226
9612533149,282
9612533152,195
9612533154,157
9612533160,231
9612533162,220
9612533164,196
9612533165,144
9612533166,144
9612533168,224
9612533169,132
9612533170,175
9612533171,191
9612533172,197
9612533173,187
9612533176,161
9612533178,222
9612533179,188
9612533180,148
9612533181,129
9612533183,132
9612533188,156
9612533190,145
9612533191,94
9612533192,104
9612533195,102
9612533196,91
9612533197,112
9612533204,161
9612533207,115
9612533210,94
9612533213,153
9612533215,106
9612533216,128
9612604483,174
9612604485,98
9612604486,201
9612604489,111
9612604490,181
9612604492,148
9612604496,174
9612604499,138
9612604501,143
9612604503,124
9612604504,127
9612604514,121
9612604515,118
9612612217,173
9612612218,118
9612612221,133
9612612223,179
9612612225,129
9612612227,178
9612612228,218
9612612230,206
9612612235,191
9612612246,192
9612612247,200
9612612251,209
9612612253,202
9612612254,237
9612612255,192
9612612259,190
9612612263,241
9612612264,208
9612612266,227
9612612269,137
9612612271,152
9612612272,181
9612612273,247
9612612275,149
9612612277,254
9612612278,229
9612612282,230
9612612283,241
9612612284,174
9612612289,180
9612612292,153
9612612293,185
9612612294,148
9612612298,240
9612612299,241
9612612300,151
9627959684,98
9627959685,84
9627959686,114
9627959687,127
9627959688,81
9627959689,83
9627959690,120
9627959691,58
9627959692,116
9627959693,78
9627959694,96
9631926418,91
9631926419,100
9631926420,67
9631926425,75
9631926426,103
9631926427,101
9631926430,106
9631926431,104
9631926432,113
9631926433,90
9631926436,72
9631926441,119
9631926444,101
9631926445,80
9631926450,79
9631926451,61
9631926460,92
9631926466,60
9631926467,64
9631926471,56
9631926473,62
9631926474,83
9631926476,84
9631926477,68
9631926479,85
9631926481,46
9631926484,78
9631926485,79
9631926491,66
9631926494,52
9631926495,58
9631926505,51
9631926506,58
9631926507,50
9631926508,58
9631926516,45
9631934182,47
9631934183,64
9631934185,73
9631934193,58
9631934200,85
9631934201,93
9631934202,85
9631934204,58
9631934205,96
9631934206,83
9631934209,35
9631934211,59
9631934212,73
9631934216,87
9631940117,83
9631940120,64
9631940121,87
9631940123,68
9631940124,84
9631940125,68
9631940126,54
9631940127,60
9631940128,55
9631940130,56
9631940131,51
9631940132,64
9631940133,55
9631940135,62
9631940137,72
9631940139,55
9631940141,58
9631940145,97
9631940148,36
9631940151,53
9631940152,30
9631940153,46
9631940155,46
9631940156,34
9631940158,74
9631940160,63
9631940161,63
9631940164,98
9631940165,56
9631940168,65
9631940170,78
9631940171,55
9631940174,51
9631940175,37
9631940178,76
9631940179,82
9631940181,72
9631940183,60
9631940184,54
9631940185,57
9631940186,59
9631948917,73
9631948919,62
9631948922,57
9631948925,50
9631948926,66
9631948929,68
9631948932,75
9631948935,80
9631948938,55
9631948939,82
9631948943,62
9631948944,45
9631948949,37
9631948952,89
9631948953,47
9631948954,39
9631948959,51
9631948960,45
9631948961,58
9631948965,50
9631948971,39
9631948972,56
9631948974,69
9631948975,41
9631948980,48
9631948984,51
9631948988,36
9631948989,49
9631949001,72
9631949012,72
9631949013,54
9631949016,75
9631949017,67
9631949020,88
9631949024,84
9631949036,54
9631949037,82
9631949039,71
9631949040,110
9631949044,71
9631949045,107
9631949049,99
9631949050,110
9631949051,84
9631949052,81
9631949053,102
9631949056,65
9631949061,107
9631949062,44
9631949081,101
9631949082,114
9631949093,112
9631949097,70
9631949105,104
9631949119,75
9631949125,148
9631949127,99
9631951192,86
9631951193,61
9631951195,134
9631951198,59
9631951199,131
9631951202,99
9631951205,71
9631951206,85
9631951208,82
9631951210,110
9631951211,114
9631951212,109
9631951213,77
9631952732,141
9631952736,95
9631952741,132
9631952744,117
9631952745,120
9631952748,93
9631952749,108
9631952752,104
9631952753,133
9631952754,127
9631952755,123
9631952756,106
9631952757,78
9631952759,98
9631952760,121
9631952761,97
9631952764,82
9631952766,105
9631952770,82
9631952772,93
9631952775,102
9631952776,61
9631952777,79
9631952779,84
9631952780,108
9631952781,127
9631952785,87
9631952786,90
9631952793,84
9631952796,84
9631952799,98
9631952810,131
9631952811,117
9631952812,110
9631952814,73
9631952815,95
9631954317,67
9631954318,83
9631954319,126
9631954324,116
9631954328,128
9631954332,124
9631954333,126
9631954334,74
9631954336,77
9631954337,113
9631954338,116
9631954340,126
9631954341,120
9631954344,128
9631954345,70
9631954346,106
9631954353,109
9631954354,74
9631954357,69
9631954360,107
9631954361,95
9631954364,111
9631954366,128
9631954367,114
9631954368,142
9631954369,113
9631954371,118
9631954373,180
9631954374,125
9631954380,99
9631954381,124
9631954384,140
9631954387,112
9631954390,124
9631954391,94
9631954393,113
9631954394,125
9631954395,172
9631954396,129
9631954397,107
9631954398,103
9631954400,65
9631954401,117
9631954404,124
9631954405,112
9631954406,109
9631954408,150
9631954409,133
9631954410,91
9631954412,131
9631954413,72
9631954414,140
9631954419,132
9631954421,81
9631960718,91
9631960720,71
9631960722,80
9631960723,86
9631960725,89
9634716137,126
9634716139,104
9634716142,108
9634716144,67
9644920460,45
9644920462,42
9644920471,59
9644920474,67
9644920476,45
9644920477,30
9644920482,38
9644920493,66
9644920495,63
9644920499,43
9644920500,82
9644920504,72
9644920505,59
9644920507,89
9644920509,60
9644920511,78
9644920513,55
9644920515,80
9644933356,102
9644933365,99
9644933366,113
9644933367,114
9644933370,79
9644933375,121
9644933376,98
9644933382,107
9644933383,71
9644933384,82
9644933386,119
9644933387,94
9644933388,101
9644933391,87
9644933394,72
9644933395,109
9644933397,115
9644933399,72
9644933401,65
9644933402,63
9644933407,62
9644933410,107
9644933411,63
9644933415,99
9644933416,87
9644933568,67
9644933573,60
9644933577,111
9644933578,57
9644933586,72
9644933587,87
9644933588,54
9644933590,48
9644933593,64
9644933595,86
9644933601,41
9644933603,86
9644933604,64
9644936017,82
9644936018,69
9644936020,63
9644936023,83
9644936024,93
9644936026,70
9644936027,41
9644936028,69
9644936039,69
9644936042,85
9644936044,70
9644936045,82
9644936046,79
9644936050,49
9644936054,91
9644936060,60
9644936068,99
9644936070,73
9644936073,47
9644936079,80
9644936084,102
9644936091,49
9644936092,90
9644936093,57
9644936094,79
9644937618,62
9644937619,47
9644937620,50
9644937624,83
9644937625,82
9644937633,57
9644937634,78
9644937637,67
9644937640,64
9644937644,98
9644937647,48
9644937651,59
9644937652,59
9644937654,53
9644937655,71
9644937659,82
9644937665,73
9644937672,52
9644937675,39
9644937678,88
9644937680,82
9644937682,56
9644937687,51
9644937691,88
9644937693,104
9644937711,72
9644937713,81
9644937715,41
9644937718,55
9644937719,101
9644937720,47
9644937721,62
9644937723,69
9644937724,98
9644937729,84
9644937733,86
9644937734,95
9644937735,67
9644937736,60
9644937737,63
9644937740,88
9644937743,99
9644937744,86
9644937749,90
9644937750,71
9644937751,65
9644937752,76
9644940931,87
9644940935,90
9644940938,71
9644940939,61
9644940940,89
9644940942,51
9644940943,123
9644940944,68
9644940949,118
9644940955,54
9644940956,116
9644940958,101
9644940962,79
9644940963,62
9644940966,72
9644940969,92
9644940971,82
9644940972,88
9644940977,119
9644940980,83
9644940982,50
9644940983,56
9644940984,54
9644940985,44
9644940986,83
9644940987,68
9644940988,100
9644940989,79
9644940992,54
9644940996,90
9644940997,97
9644940999,87
9644941001,78
9644941004,89
9644941005,59
9644941006,86
9644941007,82
9644941009,76
9644941015,64
9644944920,52
9644944921,52
9644944925,104
9644944926,80
9644944927,40
9644944928,60
9644944937,75
9644944938,62
9644944940,81
9644944941,88
9644944943,64
9644944944,91
9644944946,55
9644944948,101
9644944949,63
9644944950,52
9644944951,60
9644944952,95
9644944953,72
9644944954,101
9644944958,48
9644944961,92
9644944962,97
9644944964,67
9644944965,77
9644944969,97
9644944975,75
9644944976,109
9644944981,80
9644944982,59
9644957218,56
9644957219,88
9644957220,55
9644957221,55
9644957230,54
9644957231,43
9644957235,67
9644957238,52
9644959300,100
9644959301,105
9644959302,118
9644961234,119
9644961239,77
9644961240,90
9644961241,115
9644961244,106
9644961247,93
9644961249,141
9644961251,159
9644961253,121
9644961258,69
9644961259,120
9644961261,106
9644961262,110
9644961265,134
9644961268,86
9644961276,80
9644961277,89
9644961278,67
9644961280,100
9644961282,105
9644961285,144
9644961286,80
9644961287,101
9644961288,140
9644961290,119
9644961291,136
9644961292,110
9644961293,86
9644961294,92
9644961296,143
9644961299,133
9644961300,85
9644961301,109
9644961302,105
9644961303,78
9644961308,66
9644961309,143
9644961310,88
9644961311,78
9644961315,120
9644965774,42
9644965775,90
9644965781,47
9644965782,49
9644965846,80
9644965855,73
9644965860,119
9644965868,150
9644971923,46
9644971924,108
9644971936,119
9644971952,129
9644971954,147
9644971957,132
9644971959,112
9644971960,105
9644971963,113
9644971964,118
9644971965,86
9644971966,110
9644971969,124
9644971970,138
9644971971,86
9644971979,157
9644971980,108
9644971985,150
9644971987,121
9644971988,84
9644971990,90
9644971993,108
9644971994,147
9644971996,84
9644971998,119
9644972002,140
9644972004,91
9644972005,98
9644972009,80
9644972010,102
9644972011,113
9644972012,80
9644972013,127
9644972014,85
9644972016,131
9644974721,80
9644974725,126
9644974731,95
9644974739,114
9644974742,81
9644974746,101
9644974747,86
9644974748,52
9644974749,122
9644974750,55
9644974751,136
9644974752,97
9644974755,65
9644974756,87
9644974758,55
9644974760,85
9644974761,63
9644974762,71
9644974765,109
9644974766,68
9644974767,104
9644974768,73
9644974769,101
9644981018,83
9644981019,58
9644981021,83
9644981026,111
9644981029,134
9644981031,98
9644981032,117
9644981036,92
9644981037,122
9644981038,74
9644981039,80
9644981041,104
9644981042,56
9644981043,122
9644981044,95
9644982853,97
9644982857,103
9644982863,85
9644982865,110
9644982875,106
9644982881,116
9644982882,122
9644982883,59
9644982888,100
9644982889,128
9644982890,81
9644982891,92
9644982892,74
9644982893,90
9644982894,113
9644982895,75
9644982896,66
9644982897,121
9644982898,83
9644982901,87
9644982902,81
9644982907,89
9644982911,71
9644982913,65
9644982914,102
9644986327,71
9644986328,117
9644986332,75
9644986333,67
9644986335,81
9644986337,65
9644986338,84
9644986340,70
9644986341,88
9644986342,65
9644986343,95
9644986345,55
9644986347,85
9644986349,78
9644986351,85
9644986352,61
9644986355,85
9644986358,109
9644986360,77
9644986361,65
9644986362,86
9644986368,75
9644986369,104
9644986370,69
9644986372,107
9644986376,95
9644986377,74
9644986382,86
9644986384,88
9644988417,100
9644988418,101
9644988421,99
9644988424,105
9644988427,96
9644988430,103
9644988431,120
9644988432,97
9644988433,70
9644988439,84
9644988441,76
9644988443,87
9644988445,96
9644988446,88
9644988447,85
9644988448,88
9644988449,67
9644988451,72
9644988453,92
9644988462,89
9644988464,73
9644988466,69
9644988467,94
9644988470,87
9644988481,60
9644988483,88
9644988484,94
9644988487,84
9644988488,59
9644988489,94
9644988490,70
9644988492,130
9644988493,84
9644988495,64
9645060619,149
9645060624,215
9645060625,165
9649456744,138
9649456745,155
9649456746,121
9649456747,100
9650810645,62
9650810653,55
9662254708,50
9662254776,51
9679281846,103
9679281848,70
9681632480,130
9681632482,111
9681632483,220
9681632484,140
9681632487,147
9681632488,180
9681632491,137
9681632495,148
9681632496,116
9681632497,230
9681632499,168
9681632503,140
9681632505,198
9681632506,167
9681632507,136
9681632508,146
9681632513,141
9681632515,138
9681703218,168
9681703219,149
9681703221,150
9681703222,145
9681703223,128
9681703224,198
9681703226,163
9681703227,110
9681703229,138
9681703230,151
9681703231,98
9681703235,130
9681703242,115
9681703245,83
9681703246,106
9681703250,110
9681703257,134
9681703260,128
9681703267,122
9681703272,80
9681703273,126
9681703280,121
9681703297,88
9681703300,116
9681703307,124
9681703315,118
9681703334,59
9681703346,65
9681796222,64
9681796224,97
9681796225,40
9681796227,64
9681796228,53
9681796239,59
9681796247,64
9681796281,57
9681796285,63
9681796290,56
9681796291,74
9681796297,76
9681796299,47
9681796300,77
9681796302,90
9681796320,79
9681796325,110
9681796333,61
9681796334,100
9681812412,179
9681820401,123
9681820403,91
9681820406,102
9681820416,113
9681825301,88
9681825302,81
9681825306,35
9681825309,62
9681825315,67
9681825316,84
9681825519,82
9681825522,58
9681825531,59
9681825535,68
9681825551,67
9681825554,65
9681825555,72
9681825556,105
9681825562,96
9681825563,116
9681825565,103
9681825566,76
9681825567,62
9681825571,90
9681825575,114
9681825576,88
9681825579,113
9681834117,182
9681834121,151
9681834124,107
9681834125,137
9681834126,124
9681834131,125
9681834141,179
9681834142,147
9681834143,105
9681834147,149
9681834167,138
9681834168,107
9681834169,131
9681834173,149
9681834182,147
9681834186,134
9681834188,135
9681834189,85
9681834191,73
9681834193,88
9681834197,111
9681834202,85
9681834204,131
9681834205,63
9681834206,114
9681834208,99
9681834211,96
9681834214,113
9681834219,82
9681834220,74
9681834222,118
9681834223,86
9681834226,92
9681834229,123
9681834232,74
9681834236,87
9681834243,84
9681834245,76
9681834253,142
9681834257,92
9681834259,97
9681834263,90
9681834268,129
9681834270,76
9681834271,81
9681834272,100
9681834291,157
9681834296,160
9681834297,177
9681834298,280
9681834299,250
9681834301,163
9681834304,114
9681834308,131
9681834309,111
9681834311,124
9681838817,110
9681838821,93
9684698219,92
9684698220,76
9684698221,58
9684698222,78
9684698223,75
9687778047,158
9696582849,169
9697428761,62
9700316046,239
9700316048,170
9700316051,181
9700316052,212
9700316058,205
9700316060,153
9700316061,172
9700316062,218
9700316063,151
9700316066,224
9700316067,200
9700316069,267
9700316071,270
9700316072,231
9700316077,214
9700316078,160
9700316080,165
9700316086,215
9700316087,157
9700316088,163
9700316090,200
9700316091,198
9700316097,223
9700316098,271
9700316100,201
9700316103,158
9700316111,224
9700316113,201
9700335018,241
9700335019,214
9700335020,203
9700335022,228
9700335023,221
9700335028,228
9700335029,162
9700335031,212
9700335034,164
9700335035,248
9700335037,182
9700335038,167
9700335039,263
9700335040,264
9700335042,217
9700335044,313
9700335047,258
9700335050,279
9700335051,211
9700335052,225
9700335053,226
9700335054,219
9700335055,173
9700335056,202
9700335057,290
9700335059,287
9700335060,182
9700335061,153
9700335063,183
9700335064,256
9700335065,204
9700335068,275
9700335070,151
9700335071,277
9700335073,284
9700335074,165
9700335076,277
9700335077,314
9700335078,273
9700335080,202
9700362839,253
9700362844,261
9700362846,387
9700362852,271
9700362857,300
9700362859,241
9700362869,240
9700362870,328
9700362872,421
9700362874,315
9700362877,283
9700362883,403
9700362887,321
9700362891,438
9700362895,290
9700362897,422
9700362898,387
9700362899,280
9700362901,277
9700362902,320
9700362903,401
9700362904,346
9700362905,325
9700362906,382
9700362908,469
9700362913,313
9700362914,464
9700362916,561
9700363732,399
9700363746,524
9700363747,406
9700363748,458
9700363752,503
9700363754,348
9700363755,389
9700374072,462
9700374075,348
9700374076,450
9700374077,537
9700374080,309
9700374081,404
9700374083,339
9700374085,328
9700374086,402
9700374094,266
9700374096,355
9700374098,271
9700374107,431
9700374112,435
9700374113,271
9700374114,274
9700395917,314
9700395921,284
9700395923,474
9700395925,440
9700395926,408
9700395929,479
9700395930,497
9700395939,385
9700395940,434
9700395941,389
9700395942,433
9700395943,318
9700395944,354
9700395948,306
9700395949,305
9700395954,335
9700403386,398
9700403387,299
9700403390,349
9700403393,237
9700403394,347
9700403395,231
9700403396,251
9700403397,213
9700403398,234
9700403399,231
9700403401,303
9700403402,231
9700403403,192
9700403404,232
9700403405,314
9700403406,262
9700403407,195
9700403410,181
9700403411,268
9700403414,227
9700403415,230
9700403416,218
9700416917,176
9700416918,186
9700416919,205
9700416920,222
9700416928,206
9700416929,262
9700416930,250
9700416931,279
9700416932,263
9700416934,247
9700416935,177
9700416936,220
9700416937,220
9700416938,234
9700416939,235
9700416941,268
9700416942,279
9700416947,320
9700416949,335
9700416951,286
9700416959,245
9700416960,233
9700416961,323
9700416963,189
9700416967,197
9700416968,215
9700505625,237
9709055643,243
9709055645,237
9709055657,140
9709055662,191
9709055665,135
9709055666,212
9709055667,135
9709055671,144
9709055673,175
9709055681,162
9709055687,321
9709055692,171
9709055694,313
9709055697,193
9709055698,208
9709055701,292
9709055703,240
9709055705,290
9709055711,239
9709055713,227
9709055715,190
9709060575,173
9709060578,127
9709060582,139
9709060586,150
9709060588,96
9709060589,127
9709060593,130
9709060596,140
9709060607,149
9709060608,103
9709062416,290
9709066220,149
9709066235,118
9709066236,163
9709066237,172
9709066239,210
9709066240,197
9709066241,134
9709066244,141
9709066254,127
9709066266,213
9709066272,235
9709066286,184
9709066304,258
9709066314,239
9709066325,210
9709066329,284
9709066330,171
9709066331,223
9709066334,197
9709066335,149
9709066338,208
9709069917,170
9709069920,215
9709069924,180
9709069935,206
9709069938,158
9709069942,303
9709069945,258
9709069949,312
9709069951,257
9709069952,169
9709069960,313
9709069963,199
9709069964,230
9709069971,250
9709069975,265
9709069976,280
9709069977,164
9709069978,260
9709069979,235
9709069980,280
9709069981,301
9709069982,237
9709069984,225
9709069987,275
9709080417,231
9709080418,332
9709080419,276
9709080420,336
9709080421,186
9709080422,296
9709080426,225
9709080428,270
9709080439,208
9709080444,158
9709080463,396
9709080464,284
9709080474,218
9709080477,287
9709080479,267
9709080480,199
9709080481,293
9709080482,322
9709080491,215
9709080492,211
9709080493,249
9709080500,331
9709080501,380
9709080503,262
9709080506,244
9709080507,359
9709080510,243
9709080512,319
9709080514,301
9709080518,372
9709080519,322
9709080520,200
9709080521,260
9709080532,271
9709080534,299
9709080535,326
9709080537,350
9709085124,371
9709085128,221
9709085131,281
9709085139,254
9709085147,240
9709085150,272
9709085154,310
9709085155,302
9709085156,258
9709085168,311
9709085169,158
9709085172,207
9709085178,284
9709085179,250
9709085183,289
9713090740,90
9713090742,138
9720048769,88
9720048770,111
9720048771,69
9726454226,377
9726454228,292
9726454229,231
9726615879,92
9726615880,65
9729682729,136
9729728909,124
9729728913,159
9729728914,140
9729728916,123
9729730118,71
9729730121,107
9729730122,62
9729730123,83
9729730125,102
9729730126,70
9729730128,96
9729730129,82
9729730130,108
9729730131,65
9729730132,93
9729730133,64
9729730134,56
9729730135,89
9729730136,94
9729730137,95
9729730139,113
9729730140,104
9729995801,83
9729995802,57
9729995803,70
9736286833,115
9736286834,86
9736286835,98
9736286836,85
9736286837,92
9743444845,70
9750775959,165
9751605471,85
9754292372,553
9754292374,408
9754292375,516
9754292376,442
9757076575,116
9757076579,151
9757076580,150
9757076581,117
9757076582,144
9757076583,97
9757095543,142
9757119880,115
9757119883,83
9757125547,476
9757125551,524
9757626236,242
9757626237,238
9763290765,383
9765883209,394
9765883212,413
9765912520,361
9768591916,436
9769095353,57
9769804708,416
9771068093,64
9771068094,90
9771224813,263
9771224814,357
9771224816,372
9772466092,89
9772466093,161
9772466094,129
9772466095,146
9772466096,129
9772466097,161
9772466098,141
9772466099,178
9772466103,169
9772466104,137
9772466108,110
9772466110,114
9772466111,132
9772466112,191
9772466113,145
9772466114,176
9772466115,192
9772481219,142
9772481223,165
9772481225,190
9774075740,472
9774075742,341
9774075745,512
9774075746,552
9775161759,134
9775218408,103
9775218409,103
9777968129,41
9784445685,56
9784445689,82
9784566832,49
9784566833,47
9784566834,59
9784627501,98
9784627502,106
9784958117,316
9785211140,362
9785211141,457
9787237220,84
9790128271,62
9790128273,115
9791544848,600
9791574175,349
9791574176,256
9791574177,314
9791574178,206
9791933210,73
9794329903,72
9794329904,75
9794707141,59
9794707142,57
9794707143,68
9794707145,54
9797971689,186
9797971690,140
9798857335,158
9816340845,393
9816340846,241
9816340847,351
9816340851,393
9816872173,86
9819956182,77
9824198733,82
9825408072,46
9830948065,352
9832455537,213
9832455539,201
9832455541,258
9832455543,135
9832455545,221
9832455546,201
9832455547,157
9832455548,187
9832455549,175
9832455550,148
9832455551,161
9832455552,171
9832554746,199
9832554748,149
9849200237,244
9849200238,291
9849200241,366
9849200242,420
9849305114,116
9850201054,552
9855277731,250
9855277788,451
9855277789,370
9857326940,64
9857326941,46
9857326998,84
9857326999,130
9857808638,133
9857808641,84
9857907208,74
9858087047,107
9858087048,122
9858087055,129
9859804426,187
9859804431,128
9859804435,220
9859931787,310
9859931788,293
9860627662,294
9860627663,265
9860627664,325
9860627665,258
9860627666,285
9860627667,234
9861706842,320
9862164838,101
9862164843,76
9862622251,70
9862623592,99
9862623593,99
9862623601,77
9862623602,67
9862623603,81
9862665346,64
9862665349,67
9862705970,85
9862705971,62
9862705972,52
9862705973,55
9862705974,89
9862705975,32
9862705976,38
9862705977,42
9862705978,39
9862705979,72
9862705980,55
9862705981,70
9862705982,51
9862705983,91
9862705984,75
9862705985,52
9862705986,57
9864908986,66
9864908989,66
9864908990,54
9864908991,46
9864908992,59
9864908996,51
9864922622,24
9864922663,29
9864925997,36
9865435808,289
9865435809,228
9865435810,245
9865714181,67
9865714183,39
9865714184,70
9865714185,42
9866003665,75
9867858139,55
9867858140,41
9867858141,68
9867858142,30
9867858143,61
9867858144,23
9870262806,79
9870262807,99
9870264822,416
9870264827,450
9870264828,394
9870264832,405
9870425688,124
9870425691,218
9870425692,112
9870425697,201
9871825057,48
9872075140,80
9872075141,90
9872075142,81
9872075153,80
9872075157,93
9872216347,111
9872216350,89
9872304404,116
9872304409,126
9873533390,127
9874335571,92
9874335573,103
9874335575,118
9874335576,92
9874335577,81
9874345721,261
9874345727,290
9880123009,139
9880123014,123
9880503773,299
9880503783,486
9880503784,427
9880503788,423
9880503791,143
9880503794,113
9880503800,135
9880503802,140
9880541519,241
9880557675,73
9880815265,71
9880815266,61
9880815305,148
9880844133,57
9880844140,86
9881130957,47
9882275048,261
9882275055,239
9882453259,131
9882453260,172
9882535691,353
9883041803,353
9884389384,68
9884389385,36
9884389386,39
9884389387,77
9884398800,233
9884398816,166
9884410625,174
9884546151,225
9885131622,98
9885131623,140
9885232675,74
9885232676,70
9886688177,56
9886688178,86
9886688194,78
9886688195,104
9886688196,77
9886688197,75
9886688199,53
9888991595,63
9888991596,58
9888991598,70
9889130513,348
9889131519,394
9889131520,249
9889131521,287
9889140074,121
9889192855,329
9889248324,67
9889248325,63
9889248329,49
9889599369,63
9889599370,70
9889599371,66
9889599372,62
9891228577,112
9891228578,120
9894640533,509
9896627945,55
9896844116,398
9896976719,86
9896976720,71
9896976731,82
9896976732,54
9896976733,73
9896976738,64
9896976739,55
9896976740,68
9896976741,70
9896976742,61
9896976743,72
9896976745,91
9896976746,65
9896976747,62
9896976748,81
9897056948,74
9897304123,129
9897304125,73
9897304126,97
9898903343,491
9899070606,172
9899070607,225
9899070608,198
9899070610,221
9899070611,145
9899070614,185
9899656312,275
9899656313,297
9901232381,60
9903259273,56
9903301829,43
9903467959,27
9903860638,60
9903860639,57
9904028724,109
9904028731,72
9904028732,88
9904028738,79
9904098598,76
9907377471,458
9907377474,396
9909100794,357
9909128089,320
9909292239,58
9909292240,59
9909305521,106
9909305533,134
9909665343,178
9909665349,167
9909665350,138
9909665354,174
9909665355,136
9910908289,101
9910908291,139
9910908293,124
9910908296,74
9910908298,78
9910908301,130
9910908302,82
9910908303,143
9910908304,130
9910908306,122
9910908308,129
9910908309,94
9911048780,263
9911048785,409
9911106821,103
9911162240,278
9911162241,509
9911162242,450
9911162245,296
9911162246,483
9911162247,289
9911162248,460
9911162249,369
9911263497,57
9911263499,36
9911571950,27
9913774133,145
9913774140,90
9913774141,142
9913774145,85
9913774148,90
9913871521,315
9913871522,382
9914252371,64
9916291983,337
9916291984,343
9916578732,82
9916578734,82
9916578735,50
9916578736,64
9916990212,397
9916990215,265
9918173574,73
9920384362,66
9925327856,126
9925327860,159
9925993314,67
9926048400,526
9926902710,85
9926902716,84
9927290648,126
9927290649,156
9927290651,197
9927290652,217
9927290653,165
9927290654,148
9927290655,207
9927290656,192
9927290657,193
9927290658,165
9927290659,176
9927290660,127
9928559276,55
9929327454,246
9929327458,149
9929327470,165
9929327473,160
9929327474,149
9929327476,239
9929327480,153
9929327481,174
9929327483,236
9929327484,123
9929327485,150
9929327494,186
9929397292,288
9929459130,285
9929459134,372
9929459137,277
9929459140,345
9929459141,387
9930922266,77
9930922267,75
9930922285,226
9930955669,97
9930955672,128
9930955678,136
9930955680,110
9931076508,154
9931076510,124
9931076511,179
9931076513,126
9931076514,183
9931076515,138
9931076516,123
9931076517,141
9931076518,111
9931076535,328
9931169393,124
9931809795,68
9931809796,42
9931809797,70
9931809798,48
9933013343,79
9956262840,376
9956262841,276
9956262844,321
9956262851,294
9956262852,404
9956262856,383
9956262864,457
9956262867,385
9956382600,100
9956382607,95
9958465961,263
9958465962,350
9959226159,127
9959226160,139
9959226161,207
9959226165,140
9959226170,210
9959226173,170
9972298971,174
9972309254,257
9974848306,59
9974848307,30
9976544133,109
9976544134,153
9976544135,105
9979139048,111
9979139049,149
9979139050,103
9987643370,384
9992362708,190
9992362709,156
9992362711,202
9992362714,217
10000202285,82
10000202287,64
10000202288,67
10000202289,85
10000202290,69
10000202291,88
10000277125,59
10000277126,59
10000277127,88
10000277128,46
10000277129,59
10000277130,59
10003350182,277
10003353131,383
10003353132,408
10003353133,365
10003353134,310
10003353136,420
10003360758,172
10003360761,128
10004125246,91
10004125247,74
10004331263,465
10004331264,313
10004781358,70
10005085302,100
10005085304,119
10005085310,158
10005085312,113
10005085313,120
10005085314,172
10005148121,354
10005148138,471
10005148140,318
10005148141,350
10005148142,371
10005148143,393
10005148144,376
10006414620,91
10006414625,82
10006414626,68
10006414706,79
10006414709,72
10012138170,271
10012138172,223
10012138173,335
10012138215,48
10012138216,41
10020171450,119
10020171461,166
10020791754,182
10020791755,195
10031025753,118
10041397318,48
10051070564,65
10051070571,85
10051070574,53
10051105095,89
10051759861,96
10051759862,94
10051759864,90
10051759865,96
10051759867,82
10051759868,68
10051759869,77
10051759879,96
10051759881,73
10055773637,77
10057749790,76
10057749809,117
10057749811,114
10057749813,96
10057749816,123
10057763117,122
10057763119,72
10057808073,87
10057808075,145
10057808076,136
10057808077,154
10057808078,156
10057808079,138
10057808080,137
10057808082,157
10057808085,158
10057808086,203
10057808087,159
10057808090,151
10057808091,263
10057808098,225
10057808111,135
10058001293,581
10058001295,474
10058001296,532
10058001297,359
10058001302,507
10058001303,467
10058001310,503
10058001311,345
10058001314,569
10058001315,432
10058015622,546
10058015623,604
10058015624,571
10058015625,415
10058015626,417
10058015628,484
10058015629,455
10058015631,420
10058015632,305
10058015634,346
10058045430,336
10058064447,266
10058064451,382
10058064452,363
10058064456,429
10058064463,405
10058064465,321
10058064466,366
10058064468,412
10058064471,323
10058064472,243
10058064473,372
10058085030,75
10060586908,353
10060586910,233
10063054964,174
10063054969,234
10063877229,66
10063877230,71
10063877234,63
10063877238,117
10063877239,110
10063877240,74
10063877241,103
10063877248,114
10063877249,76
10063877253,88
10069166570,83
10069166578,35
10069169484,68
10069768824,50
10069768877,36
10069768879,47
10069768890,28
10069768896,42
10069768900,43
10069816460,188
10069816461,244
10069816462,244
10069816463,215
10069816467,282
10069816468,226
10069816469,269
10069816470,245
10069877302,150
10069877316,164
10069886781,219
10069886784,302
10069886787,308
10069886788,280
10069886792,349
10069886793,256
10069886794,266
10069886797,191
10069920721,180
10069920724,216
10069920727,145
10069920728,194
10069920730,167
10069920736,198
10069920739,133
10070357838,56
10070357840,45
10070357841,47
10070357845,67
10070357846,41
10072638272,77
10072666603,49
10072675797,41
10072675816,54
10072692425,83
10072692440,47
10072692441,48
10072692449,94
10072692450,65
10072692458,39
10072692461,94
10072692469,87
10072692470,62
10072692471,90
10072692477,62
10072692482,88
10072692487,80
10072692493,74
10072692500,92
10072692503,85
10072692512,54
10072734427,84
10072734447,84
10072841903,31
10073225999,90
10073226000,85
10073226002,456
10074165492,39
10074165494,66
10074165497,44
10074165511,32
10074414653,50
10074414660,44
10074414662,40
10074414664,67
10074414666,43
10074414678,45
10074414679,55
10074425341,67
10074426370,21
10074426388,45
10074426390,60
10074426391,29
10074426392,55
10074426401,37
10074426403,34
10074426408,55
10074426416,35
10074447521,68
10074468726,32
10074468809,20
10074468822,59
10074468828,54
10074468830,22
10074468834,45
10074468837,23
10074482984,38
10074482986,35
10074482995,61
10074483000,35
10074483001,58
10074483002,37
10074483007,45
10074483008,26
10074483012,32
10074490649,65
10074490659,66
10074490668,70
10074490681,77
10074490688,46
10074490693,46
10074490696,64
10074490705,59
10074490706,55
10074490709,40
10074495517,30
10074495528,36
10074495531,24
10074495549,58
10074495558,26
10074495566,56
10074518517,61
10074518524,45
10074518526,63
10074518532,60
10074518533,48
10074518534,67
10074536462,63
10074597870,29
10074616719,55
10074616722,72
10074616731,65
10074623867,39
10074623869,77
10074623876,57
10074623878,56
10074623885,82
10074623890,75
10074628883,127
10074635427,37
10074635431,51
10074635436,58
10074635445,48
10074662122,48
10074662123,32
10074662150,21
10074662171,26
10074662176,44
10074662193,42
10074662198,51
10074662199,23
10074662200,43
10074662201,60
10074662202,59
10074700828,40
10074700829,70
10074700853,68
10074700869,36
10074700870,49
10074703949,59
10074703950,62
10074703952,94
10074703953,74
10074703955,78
10074703958,53
10074703966,60
10074703967,78
10074703968,59
10074703977,76
10074703997,93
10074704005,82
10074715021,69
10074715022,48
10074715023,31
10074715024,61
10074715025,59
10074715029,73
10074720060,25
10074739840,56
10074739849,45
10074739860,71
10074739878,42
10074748219,58
10074748223,55
10074748229,63
10074748232,73
10074748238,33
10074748239,84
10074748240,49
10074748248,49
10074806955,24
10074806956,51
10074806973,43
10074806977,63
10074806982,72
10074806983,44
10074821664,56
10074852623,71
10074852628,58
10074852638,56
10074852644,57
10074852651,26
10074852653,51
10074852657,80
10074852661,67
10074852670,55
10074852679,83
10074852681,61
10074852685,49
10074852689,81
10074852690,69
10074852692,73
10074852711,45
10074852712,55
10074852714,50
10074864819,50
10074864827,76
10074930886,66
10074930893,53
10074930902,71
10074930908,72
10074930909,41
10074930911,55
10074930913,35
10074934225,51
10074934231,26
10074940317,71
10074940318,73
10074940321,24
10074950079,39
10074956100,67
10074956102,56
10074956103,39
10074956115,37
10074982383,53
10074984220,67
10074984221,46
10074984227,48
10074984243,62
10074984254,34
10074984255,67
10074984257,64
10074984259,69
10074984266,82
10074984270,56
10074984280,55
10074984281,37
10074984308,51
10074984309,21
10074984314,65
10074984315,37
10074984316,25
10074984319,68
10074984320,62
10074984321,33
10074984324,59
10074984325,38
10074984326,46
10074984329,62
10074984330,65
10074984332,48
10074984333,45
10074984395,44
10074984402,54
10074984416,46
10074984450,21
10074984485,49
10074984501,55
10074992519,58
10074992540,48
10074992541,25
10074992542,46
10074992543,31
10076298884,35
10076298887,81
10076298888,67
10076298889,76
10076298890,36
10076298897,77
10076298898,81
10076298899,58
10076298901,67
10076298903,55
10076298906,71
10076337935,91
10076337936,78
10076337940,55
10076337941,43
10076337944,71
10076337945,83
10076337946,57
10076337947,56
10076337948,60
10076337949,61
10076337978,63
10076337979,40
10076337980,56
10076337982,38
10076337983,61
10076337984,68
10076337985,47
10076337986,41
10076337987,44
10076337988,63
10076337989,82
10076337990,106
10076337991,63
10076337992,69
10076337993,117
10076337994,60
10076338007,51
10076338008,66
10076338009,53
10076338010,55
10076338011,79
10076338012,69
10076338013,75
10076338014,71
10076338032,85
10076338033,106
10076338041,100
10076338042,77
10076338091,74
10076338105,67
10076338106,49
10076338107,73
10076338108,70
10076338118,50
10076338119,69
10076338120,29
10076338122,43
10076338123,77
10076338124,69
10076338125,35
10076338126,71
10076338127,44
10076338128,68
10076338134,78
10076338136,72
10076338137,58
10076338138,55
10076338147,75
10076338149,53
10076338151,78
10076338154,55
10076338155,47
10076338158,51
10076338162,35
10076338163,27
10076338165,54
10078980385,77
10078980399,48
10078980401,69
10078980403,58
10079021829,68
10079021830,39
10079021831,77
10079024596,56
10079024599,60
10079024600,47
10079024604,60
10079024608,46
10079024609,63
10079024849,57
10079024850,42
10079024851,68
10079024852,63
10079024853,43
10079024855,66
10079024857,76
10079024859,69
10079024864,42
10079024867,63
10079024879,47
10079024880,58
10079024881,42
10079024888,57
10079024889,73
10079024890,46
10079024892,34
10079024893,50
10079028690,53
10079028694,68
10079048917,72
10079048922,73
10079048926,53
10079048928,45
10079048929,59
10079048930,63
10079048931,69
10079062435,46
10079062445,78
10079062451,46
10079062457,49
10079062458,79
10079062459,30
10079069062,36
10079069102,75
10079069103,62
10079069104,27
10079069106,57
10079069111,67
10079069115,76
10079069116,75
10079082326,86
10079082335,62
10079082341,74
10079082342,48
10079082344,64
10079082350,79
10079082351,76
10079082361,69
10079082362,51
10079082363,51
10079082364,44
10079082365,57
10079082366,56
10079082367,46
10079082368,45
10079082369,37
10079103017,52
10079103018,28
10079103051,54
10079103053,35
10079106463,27
10079108125,82
10079108129,48
10079127444,67
10079127456,29
10079135630,53
10079163366,38
10079163371,35
10079163374,51
10079173125,67
10079173134,29
10079182250,38
10079182256,63
10079182309,66
10079182310,32
10079182311,30
10079182771,51
10079182773,33
10079189072,71
10079189073,99
10079189082,94
10079189087,41
10079189088,79
10079189094,96
10079189104,46
10079189106,68
10079189107,44
10079191023,56
10079191058,63
10079191072,75
10079191077,86
10079199838,35
10079199845,75
10079199866,43
10079201277,69
10079206974,74
10079206984,101
10079207000,91
10079214369,64
10079214380,57
10079214381,59
10079214394,54
10079214398,66
10079214399,70
10079224938,103
10079232021,85
10079232022,62
10079244021,53
10079244026,40
10079244029,64
10079244034,41
10079244035,69
10079244047,70
10079244048,54
10079244052,37
10079244053,62
10079244059,59
10079244065,26
10079248650,60
10079248669,28
10079248670,65
10079248677,42
10079248678,66
10079248689,30
10079248690,58
10079248703,36
10079248704,66
10079248705,27
10079254022,36
10079254023,73
10079254053,26
10079268263,59
10079268277,59
10079268278,84
10079268279,61
10079268288,65
10079270707,57
10079270708,80
10079280238,59
10079280253,36
10079282541,67
10079282543,54
10079282544,35
10079282555,75
10079282560,48
10079282562,34
10079282564,70
10079282567,47
10079282573,66
10079282577,30
10079282578,74
10079293574,62
10079293614,32
10079293615,46
10079319477,71
10079319480,55
10079319484,41
10079319505,28
10079319506,29
10079319507,51
10079322118,32
10079322125,48
10079322128,48
10079322129,46
10079322130,39
10079322133,67
10079327956,28
10079327957,41
10079327958,41
10079327987,22
10079327988,40
10079327989,63
10079335688,31
10079335689,67
10079335690,40
10079335691,43
10079336085,64
10079345802,47
10079345804,60
10079345807,43
10079345814,31
10079365418,60
10079365424,48
10079365425,69
10079365428,42
10079365429,42
10079365439,46
10079365442,55
10079365447,41
10079365457,43
10079365459,70
10079386532,23
10079386550,46
10079386558,28
10079386568,23
10079404402,55
10079404413,44
10079405195,63
10079405197,36
10079406947,79
10079406957,71
10079406959,64
10079406960,37
10079424605,64
10079424609,32
10079424613,37
10079424614,70
10079444391,55
10079452545,71
10079452546,44
10079452549,47
10079452550,66
10079452551,51
10079452552,75
10079460449,73
10079460451,47
10079460452,47
10079460454,95
10079460459,70
10079460461,48
10079460463,69
10079460465,58
10079460473,54
10079460476,45
10079460478,85
10079460480,66
10079460483,59
10079460484,36
10079460485,59
10079460489,37
10079460490,62
10079460493,48
10079460495,58
10079460502,56
10079460509,45
10079460511,39
10079481420,88
10079481426,59
10079481427,49
10079481428,54
10079481429,52
10079481430,60
10079481432,72
10079481433,47
10079481434,36
10079484567,48
10079484568,58
10079484569,40
10079484576,29
10079484577,45
10079484588,43
10079484589,60
10079484596,57
10079484598,43
10079484599,47
10079485653,75
10079485654,72
10079485883,64
10079494159,40
10079506203,361
10079509076,47
10079509088,47
10079509101,46
10079509102,58
10079509937,50
10079516308,83
10079516309,56
10079516316,75
10079527424,55
10079527425,30
10079527426,42
10079527427,30
10079527428,61
10079527434,38
10079527443,60
10079527454,57
10079527455,45
10079527469,41
10079528551,57
10079528561,31
10079545518,65
10079555943,116
10079555959,95
10079555970,104
10079555971,122
10079555972,110
10079555973,102
10079555974,99
10079555975,117
10079555976,112
10079555980,176
10079561721,94
10079561725,53
10079561729,93
10079590904,60
10079590905,46
10079595515,70
10079595516,64
10079595568,63
10079595582,99
10079601577,97
10079629425,62
10079629437,41
10079629439,37
10079629441,83
10079630520,38
10079652292,72
10079673502,66
10079673508,51
10079673509,67
10079673512,58
10079692038,77
10079692044,30
10079692048,45
10079692049,68
10079692050,38
10079716777,73
10079716779,89
10079716780,120
10079716781,100
10079716789,96
10079716798,72
10079716811,82
10079716813,91
10079716815,101
10079716816,115
10079728355,61
10079728525,54
10079730512,83
10079730514,73
10079730516,85
10079732117,84
10079735143,56
10079735156,66
10079735158,56
10079735159,88
10079735164,34
10079735165,78
10079735167,35
10079735168,56
10079735174,65
10079739844,46
10079739854,40
10079739857,62
10079739863,62
10079739871,61
10079739894,42
10079739895,70
10079739900,74
10079739914,41
10079742919,55
10079742920,60
10079742922,35
10079742941,42
10079744317,111
10079744320,115
10079744330,119
10079744331,79
10079744332,72
10079744333,71
10079749338,79
10079749347,99
10079749358,77
10079749362,110
10079749363,77
10079749367,85
10079749369,105
10079749371,76
10079754313,76
10079756156,63
10079756160,97
10079756167,86
10079756179,71
10079756187,94
10079761198,145
10079761200,81
10079761208,133
10079761209,139
10079764785,88
10079764790,76
10079764791,74
10079764803,59
10079767288,69
10079767295,41
10079767299,70
10079767300,57
10079767305,42
10079767315,64
10079778817,78
10079778820,120
10079778827,97
10079778829,93
10079778831,101
10079778839,131
10079778841,125
10079778844,131
10079790088,84
10079790094,99
10079790112,113
10079790115,135
10079790116,145
10079791574,64
10079791582,56
10079791584,68
10079791585,68
10079791599,30
10079791600,58
10079792022,89
10079792023,85
10079802860,62
10079802862,47
10079802865,57
10079802867,47
10079802870,42
10079802874,61
10079802878,56
10079802879,35
10079802893,59
10079802894,77
10079809091,70
10079809098,89
10079809101,79
10079809107,99
10079809108,91
10079813093,81
10079813094,89
10079813113,164
10079813114,120
10079813115,152
10079813434,77
10079813435,48
10079813436,67
10079813450,82
10079813451,33
10079813456,57
10079813458,46
10079813476,40
10079813478,73
10079813486,41
10079821076,56
10079821080,52
10079821084,49
10079821085,56
10079821098,42
10079821102,70
10079821103,40
10079821104,40
10079821105,63
10079821106,41
10079829585,80
10079829586,77
10079829587,100
10079829591,51
10079829592,54
10079829600,93
10079829606,84
10079831257,50
10079831258,52
10079831259,76
10079831265,37
10079831879,104
10079831883,71
10079831884,91
10079831886,63
10079831887,78
10079831892,94
10079831896,68
10079831899,109
10079831900,100
10079834256,55
10079834257,91
10079834258,79
10079834262,61
10079834263,82
10079834265,106
10079834269,62
10079834278,74
10079834279,55
10079834281,100
10079836117,81
10079836122,47
10079836123,110
10079836129,92
10079836163,32
10079837625,60
10079837633,53
10079837634,21
10079837635,58
10079837636,68
10079837640,25
10079837641,36
10079837642,58
10079837643,40
10079837647,34
10079837663,52
10079837667,35
10079859856,57
10079859866,20
10079859868,50
10079859871,48
10079859877,52
10079863598,83
10079863599,79
10079866966,116
10079866967,89
10079866977,64
10079866978,99
10079866979,73
10079866980,65
10079883924,47
10079884987,38
10079884990,63
10079884994,41
10079884995,68
10079885000,64
10079885009,58
10079885010,42
10079885016,49
10079894917,27
10079894919,59
10079894931,58
10079894932,27
10079894933,48
10079894935,55
10079894938,66
10079894946,42
10079894948,62
10079894949,71
10079894950,77
10079894951,53
10079894958,63
10079894983,66
10079894998,63
10079899094,38
10079899095,23
10079899096,41
10079899097,22
10079899098,34
10079899110,46
10079900331,71
10079900341,43
10079900346,40
10079901504,33
10079911254,50
10079911267,40
10079911270,73
10079911272,74
10079911277,45
10079911282,52
10079911285,104
10079916126,58
10079916128,39
10079916136,27
10079916137,40
10079916139,36
10079916140,48
10079916142,49
10079916144,38
10079916161,57
10079916162,51
10079916169,39
10079916523,35
10079916524,45
10079916526,65
10079916545,51
10079916546,68
10079916559,60
10079916560,103
10079916565,89
10079916566,98
10079916567,86
10079916576,72
10079916577,63
10079916592,81
10079929824,56
10079929832,28
10079929839,77
10079929842,50
10079929844,46
10079929855,29
10079929938,56
10079929940,60
10079940819,62
10079940821,64
10079940826,55
10079961860,32
10079992717,97
10079992718,101
10079992719,78
10079992720,95
10080967740,77
10080967748,50
10080967756,61
10080967759,43
10080967764,89
10080967766,46
10080967767,67
10080967768,69
10080967769,50
10080967777,45
10080967778,47
10080967779,61
10080977176,57
10080977177,80
10080977178,51
10080977183,66
10080977193,69
10080977195,70
10080977196,81
10080977197,73
10080977202,62
10081005611,77
10081005612,81
10081008967,65
10081008976,46
10081008984,48
10081008985,80
10081008987,50
10081008988,33
10081008994,68
10081011360,84
10081011361,91
10081011367,44
10081011368,61
10081011371,63
10081011385,100
10081011407,63
10081011408,60
10081011412,87
10081012445,57
10081012466,79
10081012480,61
10081012490,72
10081021986,45
10081021998,72
10081027640,55
10081029264,37
10081029265,38
10081029266,94
10081029267,40
10081029278,82
10081029279,35
10081029280,39
10081029282,79
10081029283,38
10081029284,51
10081029285,70
10081029295,106
10081029299,59
10081029309,64
10081029310,100
10081029311,89
10081029312,47
10081029313,56
10081029314,69
10081029315,77
10081029316,40
10081033224,59
10081033237,49
10081033238,40
10081033244,90
10081033247,37
10081033248,95
10081035398,90
10081035400,80
10081035673,75
10081035682,53
10081035684,55
10081035692,50
10081035693,75
10081035694,54
10081035695,74
10081035696,81
10081035697,74
10081035698,86
10081035700,85
10081035706,51
10081037564,61
10081037582,69
10081037583,75
10081037587,60
10081037591,71
10081037598,93
10081037602,44
10081038646,38
10081038658,55
10081038664,89
10081038666,59
10081038670,60
10081038671,51
10081038672,72
10081038673,45
10081040621,98
10081040633,75
10081040634,63
10081040677,90
10081040683,98
10081040710,75
10081040917,95
10081040918,40
10081040923,75
10081040924,83
10081040925,89
10081054358,54
10081054368,52
10081054374,90
10081054376,67
10081054839,44
10081054849,24
10081054881,31
10081054900,45
10081054909,38
10081054910,71
10081054914,40
10081056755,66
10081060317,69
10081060318,63
10081060319,55
10081060320,69
10081060321,54
10081060322,50
10081060338,84
10081060339,83
10081060340,89
10081060344,42
10081060345,81
10081060346,39
10081060347,49
10081060348,64
10081060349,68
10081060350,63
10081060351,80
10081060352,72
10081060359,83
10081060368,60
10081060380,89
10081060381,79
10081060382,64
10081060383,77
10081060387,42
10081060389,27
10081060390,76
10081060412,99
10081060421,60
10081071826,72
10081071850,60
10081071851,50
10081080036,95
10081080037,93
10081080038,81
10081080039,67
10081081811,54
10081083044,50
10081083045,62
10081083046,54
10081083047,82
10081083048,44
10081083049,52
10081083050,58
10081084129,38
10081088717,31
10081089909,57
10081095325,39
10081102330,74
10081102787,79
10081102790,77
10081102791,32
10081102793,91
10081102795,83
10081102796,57
10081102797,55
10081102798,82
10081102804,46
10081107414,296
10081116607,56
10081116612,85
10081116613,91
10081117107,83
10081119677,65
10081119678,51
10081123117,75
10081123120,59
10081123382,439
10081123388,287
10081123389,416
10081123390,306
10081123391,291
10081123392,290
10081123393,403
10081123409,356
10081125654,50
10081125664,49
10081125670,44
10081125671,54
10081125717,52
10081125739,73
10081125753,55
10081125764,47
10081125769,61
10081125770,42
10081125771,68
10081125774,30
10081125776,61
10081125783,35
10081125797,57
10081125814,25
10081126818,225
10081126851,329
10081129341,237
10081129443,316
10081129460,331
10081129461,238
10081129468,289
10081129469,253
10081129470,183
10081129475,197
10081129476,287
10081129485,157
10081129486,234
10081129487,214
10081129488,179
10081129494,207
10081129504,268
10081129509,202
10081129538,269
10081129543,276
10081129545,372
10081129549,341
10081129550,327
10081129551,381
10081129556,420
10081129557,244
10081129558,386
10081129559,282
10081129560,256
10081129561,275
10081129564,293
10081129565,388
10081129570,312
10081129576,359
10081129577,242
10081129578,238
10081129582,399
10081135523,122
10081135525,101
10081140617,91
10081140623,86
10081146889,341
10081146890,175
10081146903,229
10081146906,359
10081147861,395
10081147869,244
10081147874,366
10081147887,292
10081147896,329
10081153318,255
10081153322,388
10081160618,384
10081160627,451
10081160632,319
10081160633,394
10081160637,333
10081160638,326
10081160639,260
10081160640,378
10081160641,325
10081160642,334
10081160662,379
10081160663,368
10081161310,105
10081161316,107
10081164636,32
10081164637,34
10081166578,226
10081166590,267
10081166593,247
10081166594,253
10081166595,196
10081166606,227
10081166607,294
10081168322,74
10081168325,51
10081168326,74
10081168327,51
10081172676,317
10081172677,290
10081172689,265
10081172690,345
10081172709,256
10081173580,59
10081173583,74
10081173615,49
10081173616,52
10081174525,87
10081174526,112
10081179819,110
10081179822,121
10081179824,124
10081179825,135
10081179826,109
10081179827,139
10081179828,85
10081179829,107
10081179830,70
10081179835,68
10081179836,74
10081179918,187
10081179919,323
10081179924,228
10081179925,317
10081179926,249
10081179927,255
10081179928,229
10081179930,324
10081179932,184
10081179948,286
10081179949,313
10081179954,284
10081179965,274
10081181980,265
10081181986,334
10081181992,260
10081182007,326
10081197257,78
10081197259,128
10081197260,142
10081197262,124
10081197267,118
10081197269,126
10081206522,230
10081206527,282
10081206535,254
10081206537,279
10081206544,357
10081206545,246
10081221325,34
10081221326,46
10081221334,71
10081221348,53
10081221362,42
10081221373,57
10081221405,74
10081221413,78
10081221417,52
10081221431,45
10081221449,50
10081221450,49
10081221453,36
10081221479,33
10081221481,80
10081221500,75
10081221513,78
10081221537,31
10081222753,386
10081223152,355
10081223153,263
10081223158,392
10081223159,401
10081223164,292
10081223168,252
10081223191,174
10081223192,270
10081223193,285
10081223194,245
10081223195,180
10081223196,218
10081223197,230
10081223202,194
10081223479,118
10081226524,133
10081226536,149
10081226542,94
10081226543,84
10081226544,115
10081228794,222
10081228800,218
10081228815,274
10081230750,102
10081232117,398
10081232118,240
10081232119,313
10081232130,283
10081232131,288
10081232136,322
10081232137,215
10081232138,202
10081232139,336
10081232140,276
10081232141,287
10081232143,329
10081232144,303
10081232145,347
10081232161,239
10081232165,353
10081232166,308
10081232167,329
10081232168,329
10081232169,225
10081232345,293
10081236003,324
10081236007,355
10081236009,269
10081236015,437
10081238570,89
10081238571,96
10081238572,105
10081238587,72
10081238588,76
10081238600,65
10081238607,50
10081238615,66
10081239520,272
10081239530,348
10081239531,335
10081239532,265
10081239626,81
10081239627,67
10081239637,86
10081242718,65
10081242751,66
10081242757,55
10081242758,38
10081242767,60
10081242780,50
10081242787,29
10081242788,61
10081242803,48
10081249673,78
10081249679,53
10081264737,79
10081264740,37
10081264741,45
10081264744,50
10081269017,156
10081269026,258
10081269029,172
10081269060,155
10081269079,203
10081269083,273
10081269086,161
10081269095,201
10081269098,203
10081269100,177
10081269101,178
10081269104,292
10081269115,272
10081269119,212
10081269123,202
10081269130,173
10081269137,209
10081269138,201
10081269142,290
10081269165,185
10081269168,211
10081269182,227
10081269186,199
10081269191,264
10081269194,260
10081269201,161
10081269207,269
10081270217,58
10081270220,30
10081270226,69
10081270230,44
10081275241,51
10081275242,64
10081275244,87
10081276400,56
10081276401,57
10081276407,79
10081276477,326
10081276478,310
10081276479,233
10081276480,271
10081276481,275
10081276484,348
10081276485,339
10081276486,332
10081279429,271
10081279441,244
10081279452,278
10081279454,323
10081279455,314
10081279456,345
10081279464,412
10081279465,291
10081279473,355
10081285968,68
10081285971,66
10081286002,81
10081292075,104
10081292076,92
10081292077,100
10081298938,62
10081298960,72
10081298971,68
10081299555,40
10081299573,77
10081299574,124
10081309554,42
10081309559,30
10081309563,85
10081309575,33
10081309580,79
10081310890,367
10081310895,443
10081310896,361
10081310897,321
10081310898,427
10081310899,380
10081310900,417
10081310904,305
10081310908,391
10081310911,428
10081310912,388
10081320418,84
10081320420,41
10081320444,53
10081320450,45
10081320479,73
10081352683,68
10081352685,59
10081357460,77
10081357476,58
10081375004,376
10081375005,380
10081375006,237
10081375007,385
10081375008,256
10081375009,291
10081375010,395
10081375015,212
10081375016,230
10081390897,364
10081390899,218
10081390904,198
10081390915,206
10081393019,147
10081393033,162
10081393036,244
10081394413,59
10081395871,78
10081395873,81
10081395876,63
10081395882,69
10081395884,108
10081395887,83
10081395888,73
10081395898,41
10081396445,245
10081396446,215
10081396464,164
10081396468,195
10081396469,169
10081396470,232
10081396471,218
10081396479,163
10081396482,249
10081396483,301
10081396484,246
10081396505,300
10081402717,379
10081402728,341
10081402729,267
10081402735,347
10081402738,187
10081402763,257
10081402764,142
10081402780,183
10081410420,72
10081410437,93
10081410438,75
10081413918,194
10081413919,311
10081413920,231
10081413925,210
10081413934,197
10081413935,339
10081413937,291
10081415416,290
10081424667,59
10081424668,87
10081424669,45
10081424670,56
10081424671,79
10081424672,53
10081424683,50
10081424684,87
10081425021,231
10081425030,243
10081425040,257
10081425041,319
10081425042,183
10081425053,244
10081425055,261
10081425056,337
10081425057,236
10081425058,212
10081425059,314
10081425060,269
10081425061,182
10081425062,177
10081425068,272
10081425080,245
10081425123,158
10081425127,208
10081425146,229
10081437609,81
10081437613,73
10081446562,220
10081446585,203
10081446586,292
10081446587,276
10081446588,240
10081446589,319
10081446590,216
10081446591,246
10081446597,198
10081446598,321
10081446599,302
10081446602,285
10081446606,269
10081447906,209
10081450544,165
10081450547,159
10081450556,290
10081450557,316
10081450571,215
10081450572,197
10081450585,300
10081450586,186
10081450607,245
10081450612,233
10081450817,49
10081450818,67
10081457718,280
10081457719,348
10081457724,335
10081457725,284
10081457726,414
10081472248,69
10081472250,56
10081472252,68
10081472256,67
10081480638,245
10081480639,334
10081480640,221
10081480641,274
10081480642,383
10081480643,225
10081480644,287
10081480648,372
10081480657,201
10081480943,42
10081480944,51
10081480954,76
10081480955,66
10081480972,98
10081480980,83
10081480989,75
10081480990,89
10081480992,58
10081483328,68
10081483337,78
10081483338,78
10081483346,75
10081496873,92
10081496878,139
10081496883,176
10081496887,203
10081499931,86
10081499934,75
10081499942,91
10081499943,55
10081499944,50
10081499945,65
10081500105,110
10081507716,76
10081515300,127
10081515315,187
10081515316,213
10081525383,83
10081525384,69
10081525385,92
10081525393,53
10081525398,49
10081525399,54
10081528319,82
10081528322,56
10081528323,63
10081528331,52
10081528337,94
10081528340,51
10081528342,81
10081528350,80
10081528351,65
10081528354,68
10081528355,91
10081533917,292
10081533927,276
10081533936,248
10081533942,162
10081533947,159
10081533951,221
10081533958,238
10081533959,181
10081533967,158
10081533968,234
10081533969,236
10081533976,189
10081533977,225
10081533979,230
10081533980,228
10081533981,200
10081533982,258
10081533984,197
10081533985,226
10081533986,234
10081533992,201
10081533993,224
10081533994,295
10081533995,214
10081535308,76
10081535309,142
10081535310,97
10081535311,107
10081535312,152
10081535313,130
10081537092,345
10081537096,236
10081537097,287
10081537106,219
10081537107,255
10081537108,323
10081538629,213
10081538638,169
10081538642,147
10081538643,192
10081538653,177
10081538654,164
10081538655,162
10081538664,136
10081538672,153
10081556021,168
10081556027,120
10081556028,149
10081556029,172
10081556030,165
10081556031,133
10081556032,187
10081556042,169
10081556045,125
10081556046,132
10081556047,132
10081556052,145
10081556053,152
10081556054,114
10081556055,144
10081556064,114
10081563179,100
10081563190,62
10081563195,167
10081563196,118
10081563197,123
10081563203,74
10081563208,144
10081563209,118
10081563210,109
10081563211,127
10081563212,100
10081563213,140
10081563214,100
10081564038,80
10081564041,56
10081564042,68
10081564048,85
10081564052,52
10081564064,74
10081564069,63
10081564091,61
10081564096,65
10081564097,71
10081564099,71
10081564109,57
10081569718,89
10081569719,97
10081569720,129
10081569721,88
10081569726,111
10081569727,155
10081569728,152
10081569735,74
10081569751,63
10081569754,74
10081569760,47
10081569776,36
10081569783,97
10081569787,64
10081569788,67
10081569789,72
10081569797,88
10081571032,67
10081578263,131
10081578268,151
10081578283,152
10081578284,110
10081578285,95
10081578290,97
10081578292,139
10081578297,96
10081578298,122
10081578300,129
10081596085,374
10081596086,274
10081596088,303
10081596089,360
10081596091,287
10081596095,316
10081596102,304
10081596113,242
10081596972,47
10081596977,91
10081596978,44
10081596982,61
10081596983,60
10081596984,48
10081596985,69
10081596986,55
10081596991,74
10081596999,64
10081597000,41
10081597001,45
10081597002,58
10081597003,64
10081597007,58
10081597012,70
10081597013,71
10081597029,82
10081597031,67
10081597032,53
10081597040,68
10081597044,75
10081597045,73
10081597047,82
10081597051,76
10081597059,29
10081597060,39
10081597061,53
10081597064,75
10081597066,49
10081597071,79
10081597072,69
10081597229,393
10081597230,317
10081597238,226
10081597239,381
10081597240,381
10081597244,319
10081597245,269
10081597252,356
10081597253,381
10081597255,338
10081597266,301
10081597267,308
10081597271,313
10081597273,247
10081600159,106
10081600166,39
10081614155,63
10081614159,47
10081615533,33
10081615534,66
10081615535,49
10081615539,33
10081615543,38
10081615544,72
10081615547,63
10081615552,49
10081615554,46
10081615573,43
10081615574,62
10081615602,28
10081615604,35
10081615605,45
10081615606,31
10081615615,83
10081615616,42
10081617072,105
10081617080,202
10081626943,126
10081626948,148
10081626960,135
10081643323,82
10081643329,33
10081649780,136
10081649781,125
10081649784,98
10081649785,117
10081649786,106
10081649792,217
10081649793,221
10081649794,148
10081649795,226
10081649796,207
10081649798,141
10081667509,39
10081667510,42
10081675043,31
10081675059,63
10081675061,43
10081684637,182
10081684647,201
10081705349,57
10081705350,88
10081705361,90
10081705362,57
10081705363,69
10081705366,36
10081705369,47
10081705370,60
10081705376,51
10081705383,65
10081705387,50
10081705388,29
10081705393,74
10081705394,72
10081705403,33
10081705408,67
10081705411,75
10081705412,25
10081705413,62
10081705414,29
10081708722,40
10081708725,44
10081708775,38
10081708776,27
10081719580,38
10081719741,73
10081719742,28
10081719743,77
10081719745,32
10081719746,61
10081719747,42
10081719748,48
10081719757,40
10081719760,64
10081719763,41
10081719767,70
10081734130,70
10081734140,43
10081734151,50
10081734152,48
10081734625,345
10081734632,341
10081734643,290
10081747559,129
10081747607,88
10081751043,30
10081751051,75
10081751058,48
10081763317,75
10081763324,88
10081763325,56
10081768316,51
10081778196,338
10081778208,411
10081778215,326
10081793617,40
10081801445,40
10081801446,72
10081801447,29
10081801448,77
10081801449,38
10081801450,66
10081801460,48
10081805600,86
10081805603,98
10081805604,102
10081805605,113
10081805606,104
10081805607,68
10081805608,77
10081805609,124
10081805610,64
10081808618,93
10081808619,106
10081808621,103
10081808622,69
10081808623,122
10081808624,70
10081808625,107
10081808626,64
10081820005,226
10081823235,58
10081823236,117
10081823237,70
10081823241,70
10081823242,102
10081823243,120
10081823244,81
10081823245,127
10081837106,69
10081837107,102
10081837112,96
10081837113,104
10081837114,65
10081837115,125
10081839279,91
10081839280,71
10081839281,103
10081839282,86
10081839283,66
10081839284,107
10081839285,84
10081839286,112
10081839287,101
10081839292,123
10081839305,143
10081839313,96
10081839314,97
10081839315,166
10081839316,100
10081840623,69
10081840624,139
10081840629,101
10081840630,79
10081840631,85
10081840632,113
10081840633,66
10081840634,82
10081840635,123
10081840636,116
10081840638,81
10081840639,61
10081840642,131
10081840643,104
10081840644,86
10081840645,78
10081849517,141
10081849518,152
10081849519,159
10081849520,141
10081849521,100
10081849522,121
10081849523,154
10081849524,114
10081849525,128
10081849526,101
10081849527,110
10081849528,156
10081849529,95
10081849530,121
10081849531,77
10081849536,108
10081849537,129
10081849541,72
10081849543,153
10081849544,90
10081849545,142
10081849546,158
10081857656,110
10081857657,67
10081857662,123
10081857663,107
10081857664,81
10081863331,131
10081863332,90
10081863333,128
10081863334,104
10081863335,125
10081863336,117
10081863337,121
10081863338,126
10081863339,93
10081984370,114
10081984371,193
10081984372,199
10081984373,187
10081984374,178
10081984377,156
10081984378,143
10088247237,86
10088247239,36
10088247240,73
10088247241,43
10088247256,48
10088258949,78
10088258956,62
10088258957,77
10088258963,103
10088258966,56
10088258968,52
10088258969,52
10088258970,63
10088258973,51
10088258974,73
10088258988,88
10088260581,334
10088267064,58
10088267069,55
10088267070,80
10088267565,81
10088267580,86
10088267581,88
10088267582,115
10088267591,104
10088267592,106
10088267600,90
10088267601,93
10088267602,72
10088267603,67
10088267604,100
10088267605,88
10088274615,68
10088294277,37
10088294278,61
10088295522,65
10088297538,65
10088297546,69
10088297547,117
10088297548,105
10088297549,99
10088297550,70
10088302466,90
10088302469,70
10088302470,68
10088302471,96
10088302472,71
10088303455,94
10088306423,103
10088306426,64
10088306427,88
10088306432,101
10088306436,63
10088306437,102
10088306439,48
10088306440,112
10088306444,99
10088306446,81
10088306449,117
10088311442,58
10088311447,32
10088314505,391
10088314508,417
10088322287,82
10088322288,101
10088322289,115
10088322290,84
10088322291,77
10088324173,87
10088324174,71
10088324184,118
10088324190,79
10088325190,93
10088325194,103
10088325195,88
10088325203,124
10088325207,61
10088326733,343
10088326734,446
10088326741,409
10088326749,386
10088326750,503
10088326751,284
10088326752,363
10088327413,75
10088327416,78
10088328020,80
10088328021,110
10088328029,71
10088328038,113
10088328045,115
10088328047,76
10088328048,107
10088332022,71
10088332523,73
10088332524,59
10088332528,46
10088332648,65
10088332659,45
10088332662,66
10088332668,67
10088332671,47
10088332675,54
10088332680,75
10088332688,60
10088332690,55
10088332693,63
10088332698,91
10088333038,94
10088333050,73
10088333054,116
10088333060,83
10088333063,74
10088333067,112
10088333072,126
10088333076,76
10088339583,209
10088339752,32
10088339753,50
10088340359,148
10088340365,240
10088340366,221
10088340378,115
10088340385,183
10088342031,57
10088342035,39
10088346409,48
10088346410,48
10088346416,63
10088347348,103
10088347351,71
10088347353,126
10088348137,115
10088349470,68
10088349471,113
10088349472,87
10088349473,131
10088349474,80
10088349475,88
10088349476,74
10088349484,91
10088349485,106
10088349490,62
10088349498,98
10088352203,458
10088352207,379
10088353548,72
10088353566,76
10088353717,384
10088353718,271
10088353754,385
10088353769,388
10088353771,519
10088353777,289
10088353778,346
10088353792,395
10088353806,489
10088353807,392
10088353813,346
10088353826,407
10088353827,348
10088353837,410
10088353844,438
10088353850,398
10088353860,420
10088353869,283
10088353880,425
10088353884,509
10088353890,391
10088353893,460
10088354015,65
10088359925,48
10088359933,58
10088359934,55
10088359935,66
10088359953,52
10088359954,47
10088359955,41
10088360055,70
10088360069,42
10088360098,342
10088360108,450
10088360112,332
10088363000,100
10088363004,76
10088363821,63
10088363822,83
10088363823,82
10088363825,100
10088363830,113
10088363835,87
10088363836,78
10088363837,74
10088363842,65
10088363843,91
10088363854,96
10088363859,88
10088363860,55
10088363861,106
10088363869,59
10088364137,90
10088364138,87
10088364141,60
10088366422,152
10088366425,211
10088366429,148
10088366430,242
10088366431,178
10088366432,171
10088366433,198
10088366434,160
10088366435,136
10088366436,175
10088368017,77
10088368021,71
10088368941,95
10088368944,74
10088368948,116
10088368949,62
10088368951,79
10088368957,70
10088368958,93
10088368959,85
10088368960,90
10088368972,69
10088368977,63
10088368978,69
10088368979,75
10088368980,69
10088368981,89
10088368982,67
10088369733,110
10088369747,131
10088369749,95
10088369752,120
10088369753,135
10088369756,135
10088369763,150
10088369768,109
10088369780,123
10088369784,121
10088369789,149
10088369790,144
10088369791,106
10088369792,170
10088369793,120
10088369794,170
10088369795,118
10088369798,127
10088369799,132
10088369800,107
10088369801,151
10088369802,85
10088370412,130
10088370413,142
10088370415,205
10088370416,210
10088374722,410
10088374772,409
10088374773,312
10088374780,384
10088374781,520
10088374782,467
10088374792,425
10088375846,61
10088375847,82
10088375848,89
10088375849,90
10088375866,72
10088375868,54
10088378967,100
10088378968,53
10088378969,56
10088378970,57
10088378971,78
10088378972,104
10088378973,93
10088378974,92
10088378980,79
10088378985,101
10088378986,60
10088378987,61
10088378988,55
10088378994,107
10088378995,97
10088378996,95
10088378997,98
10088378998,78
10088378999,93
10088379000,71
10088381782,449
10088381783,446
10088381785,371
10088381791,287
10088381793,322
10088381795,469
10088381800,397
10088381815,356
10088381917,167
10088381918,123
10088383520,34
10088383521,49
10088383526,60
10088383535,62
10088383541,45
10088383545,38
10088383546,57
10088386845,52
10088386850,90
10088395974,80
10088395975,95
10088395976,81
10088395977,62
10088395983,76
10088395984,79
10088396004,90
10088542705,70
10088542710,75
10088544702,449
10088544705,336
10088544712,449
10088588221,66
10088588225,79
10088600533,86
10088600535,70
10088600536,117
10088600537,83
10088600538,126
10088600539,100
10088600541,99
10088600542,82
10088600543,111
10088600544,114
10088600545,75
10088600546,89
10088600547,111
10088600548,56
10088600549,64
10088600550,93
10088600551,73
10088602587,71
10088602596,30
10088602597,32
10088602601,54
10088606219,365
10088606224,470
10088606230,426
10088606231,476
10088606238,335
10088606243,480
10088606244,422
10088606246,292
10088606247,355
10088606248,329
10088606253,313
10088606254,467
10088606266,457
10088606271,269
10088606290,294
10088606302,302
10088606303,449
10088611419,64
10088611424,37
10088611425,39
10088611428,77
10088611432,31
10088611433,46
10088611434,77
10088611441,46
10088611513,103
10088611514,114
10088611515,114
10088612473,119
10088612482,164
10088612490,152
10088612491,94
10088612497,159
10088612498,123
10088612502,181
10088612512,93
10088612514,97
10088617351,93
10088617352,87
10088617353,66
10088617358,73
10088617359,107
10088617360,82
10088617362,66
10088617363,59
10088617364,107
10088617365,83
10088617366,72
10088617367,68
10088617368,45
10088617371,61
10088617392,93
10088617396,78
10088617397,91
10088617745,374
10088617749,384
10088617750,391
10088617751,364
10088617752,285
10088617753,259
10088617754,377
10088617755,342
10088617756,350
10088617762,342
10088617774,268
10088617785,257
10088617800,75
10088619754,101
10088619758,128
10088637939,51
10088638030,96
10088638031,74
10088638035,87
10088638036,79
10088638052,80
10088638057,70
10088638240,41
10088638243,39
10088638244,40
10088638249,69
10088638258,36
10088638259,59
10088638260,51
10088638261,40
10088638267,63
10088638270,43
10088638278,46
10088638282,64
10088638284,45
10088648160,114
10088648167,92
10088648168,70
10088648192,89
10088648201,97
10088650738,71
10088650745,78
10088650746,75
10088650753,81
10088650754,54
10088650755,78
10088650762,58
10088650763,60
10088650764,89
10088650767,59
10088650773,51
10088650775,43
10088650776,65
10088650785,75
10088651479,62
10088651480,81
10088651481,80
10088651482,75
10088651483,85
10088651484,92
10088651543,102
10088651560,110
10088651561,86
10088651571,94
10088651577,101
10088651587,144
10088651588,142
10088651589,96
10088651590,106
10088651591,92
10088653467,45
10088653468,44
10088653482,54
10088656540,100
10088656541,132
10088656543,107
10088656545,98
10088656546,157
10088656547,100
10088656555,146
10088656562,85
10088656570,149
10088656576,95
10088656578,128
10088656579,143
10088656580,103
10088656581,100
10088658931,199
10088658939,114
10088658942,124
10088658956,188
10088660367,30
10088660368,66
10088660369,74
10088660383,50
10088660390,42
10088660391,49
10088660404,84
10088660409,36
10088675175,377
10088675192,401
10088678709,78
10088686425,260
10088686426,234
10088686431,294
10088686432,339
10088686433,309
10088686434,197
10088692200,49
10088693790,35
10088693797,68
10088693802,70
10088703399,41
10088703401,37
10088703402,57
10088703403,24
10088703404,38
10088703406,33
10088703407,64
10088703409,22
10088703410,46
10088703719,32
10088703720,28
10088703723,49
10088703724,51
10088703725,29
10088703726,43
10088703727,27
10088703728,39
10088703729,20
10088703732,68
10088703734,39
10088703738,39
10088703739,65
10088703740,68
10088703741,35
10088703744,42
10088703747,57
10088703749,59
10088703751,62
10088703758,41
10088703759,50
10088703762,46
10088703763,58
10088703771,48
10088703772,53
10088703787,31
10088703788,65
10088703789,67
10088703797,60
10088703800,23
10088703805,36
10088703822,24
10088703834,21
10088703835,51
10088703836,59
10088703837,23
10088703838,47
10088703841,40
10088703852,57
10088703858,60
10088703867,54
10088703868,28
10088703874,64
10088703881,51
10088703882,28
10088703883,56
10088703892,60
10088703897,62
10088703898,39
10088703904,65
10088703905,52
10088703908,36
10088703909,54
10088703910,52
10088703911,43
10088703913,64
10088703914,53
10088703915,66
10088703916,36
10088703917,53
10088703929,65
10088703930,35
10088703935,68
10088703936,49
10088703937,25
10088703938,68
10088703947,31
10088703948,52
10088703971,28
10088707731,207
10088707739,259
10088707740,257
10088707741,325
10088707742,296
10088707743,323
10088707744,218
10088707745,207
10088707752,287
10088707756,241
10088707757,363
10088707767,295
10088707770,264
10088707772,313
10088707773,332
10088707774,226
10088707780,333
10088707781,221
10088707782,264
10088711017,39
10088711018,70
10088711026,75
10088711040,49
10088711069,65
10088720663,64
10088721561,226
10088722694,80
10088722704,111
10088722708,87
10088722711,86
10088724644,164
10088724658,147
10088724659,147
10088724672,163
10088724684,120
10088724854,29
10088724855,41
10088724856,25
10088724861,47
10088724862,22
10088724863,58
10088726818,47
10088726819,21
10088726820,28
10088726821,62
10088726824,26
10088731212,71
10088731213,100
10088731387,128
10088731389,112
10088731404,96
10088731407,65
10088733619,108
10088733621,98
10088733631,100
10088733645,126
10088733651,117
10088733654,86
10088733655,93
10088733656,111
10088733657,139
10088742778,204
10088742783,86
10088742784,82
10088743391,31
10088743820,233
10088743829,213
10088743836,218
10088743842,198
10088743844,149
10088743854,162
10088743855,172
10088743858,219
10088743872,141
10088743873,166
10088743874,105
10088755420,143
10088755718,92
10088760672,133
10088760673,107
10088760674,111
10088760675,99
10088760676,124
10088760686,135
10088760687,177
10088760688,176
10088760691,168
10088760693,182
10088760694,204
10088760696,110
10088760697,205
10088760698,131
10088760699,154
10088760700,165
10088760701,95
10088760702,124
10088760703,149
10088760716,188
10088761093,204
10088761094,131
10088761096,132
10088761097,168
10088761109,124
10088765023,60
10088765026,86
10088765032,80
10088765033,80
10088765063,71
10088765078,52
10088765081,101
10088765082,84
10088765086,76
10088765087,126
10088765091,95
10088765100,86
10088765106,58
10088765114,140
10088765119,120
10088765122,128
10088765125,113
10088765161,124
10088765171,187
10088765177,127
10088765180,146
10088765182,150
10088765183,129
10088765190,175
10088765197,152
10088765203,134
10088765204,161
10088765210,152
10088765216,131
10088765218,114
10088765268,112
10088765270,136
10088765280,127
10088765286,66
10088765301,119
10088765518,120
10088765519,165
10088765531,258
10088765532,241
10088765533,203
10088765534,207
10088765535,159
10088765548,219
10088769236,109
10088769237,108
10088769238,191
10088769240,97
10088769243,157
10088769248,111
10088769249,85
10088769258,69
10088769259,85
10088769260,91
10088788043,116
10088794323,89
10088794324,104
10088794327,132
10088794328,96
10088807017,178
10088807019,194
10088807020,203
10088807029,153
10088807030,157
10088807031,147
10088807032,189
10088807037,128
10088807040,202
10088814565,82
10088814566,106
10088814567,73
10088814569,128
10088814576,104
10088814581,90
10088842631,122
10088842637,69
10088842638,127
10088842639,103
10088859808,110
10088859811,88
10088859816,145
10088867787,102
10088879595,112
10088879608,59
10088879609,96
10088879612,138
10088879613,66
10088879614,84
10088879615,96
10088944786,259
10088944789,324
10088944791,222
10088944809,251
10088944816,379
10088948018,97
10088948019,80
10088948020,53
10088948028,95
10088948029,65
10088948031,116
10088948033,104
10088948034,102
10088948035,110
10088948036,117
10088948037,113
10088948043,146
10088948044,124
10088948045,118
10088948776,333
10088948777,387
10088948778,300
10088948779,342
10088948780,359
10088948786,312
10088948794,294
10088948795,261
10088951806,171
10088951809,136
10088952867,60
10088952868,114
10088952877,115
10088952879,69
10088952880,85
10088952882,96
10088952887,106
10088952888,58
10088958217,279
10088958218,397
10088958219,266
10088958229,440
10088958231,413
10088958232,436
10088958236,323
10088958237,266
10088958238,373
10088958247,271
10088958250,309
10088959074,143
10088959079,146
10088959084,125
10088959085,139
10088959088,118
10088959092,126
10088960923,88
10088960924,106
10088960925,138
10088960927,146
10088960932,152
10088960940,141
10088960941,68
10088960942,76
10088960943,99
10088960946,130
10088960947,64
10088991455,91
10088991456,114
10088991457,117
10089002127,75
10089002135,96
10089002136,94
10089026994,123
10089029333,63
10089029334,59
10089029335,62
10089029336,77
10089057593,76
10089057594,82
10089057595,89
10089057596,120
10089057610,132
10089057611,80
10089057612,95
10089057615,132
10089066517,109
10089066527,141
10089066528,83
10089066529,100
10089066532,60
10089066533,80
10089070528,114
10089070530,107
10089070543,125
10089070548,42
10089070549,72
10089070550,78
10089070551,63
10089070563,91
10089070564,64
10089070565,77
10089070566,64
10089072093,95
10089072096,86
10089072103,80
10089072109,59
10089072111,52
10089083290,144
10089083291,135
10089083292,103
10089083293,111
10089083294,185
10089083315,176
10089083316,153
10089084709,105
10089084715,73
10089084716,69
10089086576,147
10089086577,153
10089086581,108
10089086590,105
10089086592,129
10089086596,148
10089086601,159
10089086613,122
10089101826,100
10089101828,62
10089113006,156
10089113007,137
10089113008,123
10089113009,157
10089113014,121
10089113015,136
10089113016,137
10089113117,180
10089113129,121
10089113130,136
10089113740,134
10089113765,144
10089113772,114
10089119998,160
10089119999,95
10089120008,226
10089124705,45
10089124713,65
10089129409,227
10089129410,229
10089129411,211
10089129412,154
10089129413,185
10089129414,231
10089129415,176
10089129416,234
10089132547,80
10089133917,190
10089133918,129
10089133919,158
10089133920,153
10089133922,167
10089133923,181
10089133924,170
10089133925,152
10089133926,168
10089133931,224
10089133932,243
10089133938,223
10089133943,237
10089133944,230
10089133949,135
10089133955,209
10089133958,213
10089133974,250
10089133981,152
10089133982,190
10089159018,64
10089159033,112
10089159040,127
10089174652,141
10089174654,138
10089174655,121
10089174656,142
10089174657,170
10089194917,206
10089194924,122
10089194925,171
10089194926,192
10089194927,167
10089194928,200
10089194929,215
10089194930,201
10089194931,130
10089194932,179
10089194933,188
10089194934,208
10089194935,151
10089194936,119
10089194944,185
10089194945,170
10089194946,146
10089194947,216
10089194948,152
10089194949,123
10089194950,131
10089194951,135
10089194952,127
10089194953,153
10089194954,121
10089194955,176
10089194956,163
10089194957,175
10089194958,218
10089194959,220
10089194960,158
10089196371,114
10089196384,114
10089197084,77
10089197085,126
10089197086,98
10089197087,95
10089197089,87
10089199573,233
10089199579,200
10089199580,214
10089199581,208
10089199582,181
10089199583,160
10089199585,189
10089199586,132
10089199589,209
10089199590,143
10089199591,233
10089199592,213
10089207172,60
10089207173,87
10089207174,83
10089207192,54
10089207193,45
10089207194,75
10089207195,91
10089207196,48
10089207197,78
10089207198,63
10089207199,90
10089207200,65
10089207201,67
10089207202,67
10089207203,61
10089207204,91
10089207205,39
10089207206,87
10089207207,62
10089208812,164
10089208813,211
10089208814,178
10089210119,140
10089210120,211
10089210121,180
10089210122,127
10089210123,162
10089210124,189
10089210129,184
10089210130,154
10089210131,190
10089210132,146
10089210133,161
10089210134,139
10089210135,181
10089210136,206
10089210137,135
10089210138,127
10089210139,208
10089210140,158
10089210141,160
10089210142,182
10089237217,206
10089237683,76
10089237694,87
10089237695,85
10089237696,125
10089237705,124
10089237706,66
10089237707,122
10089237714,88
10089237905,180
10089237913,174
10089237914,145
10089254342,135
10089254347,111
10089264518,105
10089264524,91
10089264526,108
10089264534,60
10089264821,172
10089264826,102
10089264827,100
10089264831,94
10089264832,172
10089264837,134
10089268409,96
10089268416,95
10089272034,156
10089272035,153
10089272036,140
10089272037,176
10089272040,192
10089272042,150
10089272043,120
10089272044,169
10089272045,154
10089272046,186
10089272047,179
10089272048,139
10089273219,47
10089273220,96
10089273221,103
10089273222,88
10089273224,108
10089273225,117
10089273228,134
10089273240,81
10089273244,110
10089273250,99
10089273257,71
10089273261,78
10089273264,70
10089273307,139
10089273312,71
10089273313,87
10089294517,76
10089294524,88
10089294532,69
10089303116,171
10089303184,114
10089305117,147
10089305118,129
10089305119,118
10089305121,125
10089305136,127
10089305137,173
10089305147,142
10089305165,165
10089305376,142
10089305379,108
10089305381,121
10089305382,105
10089305388,155
10089306518,106
10089308081,188
10089308082,197
10089308083,173
10089308084,147
10089308085,168
10089308090,183
10089308091,189
10089308092,131
10089308108,159
10089308109,179
10089308115,177
10089313060,110
10089313067,90
10089313595,147
10089313725,123
10089313726,175
10089313731,118
10089313741,182
10089326823,97
10089326829,89
10089326832,94
10089326836,127
10089340721,124
10089340729,165
10089340742,111
10089340744,169
10089340759,136
10089343950,105
10089343952,51
10089356180,113
10089356181,122
10089369601,159
10089369602,221
10089369603,152
10089369608,232
10089369609,132
10089369612,218
10089369616,209
10089387959,128
10089387981,100
10089387985,109
10089387992,81
10089387993,104
10089387994,137
10089387997,82
10089387999,140
10089388000,106
10089388001,109
10089388002,117
10089388003,63
10089388004,116
10089388005,134
10089388007,81
10089388011,98
10089396663,129
10089396669,182
10089396671,208
10089396675,221
10089396681,165
10089396682,141
10089396683,126
10089396684,161
10089396685,182
10089396686,227
10089396687,151
10089396688,213
10089396689,180
10089396691,217
10089396692,223
10089396694,214
10089396695,167
10089396700,160
10089396703,151
10089396707,150
10089396712,206
10089396713,231
10089396714,192
10089400295,102
10089404993,140
10089404994,175
10089405013,159
10089405014,143
10089405015,144
10089410517,227
10089410519,174
10089410523,247
10089410526,177
10089410530,197
10089410531,234
10089410533,217
10089410534,130
10089410535,153
10089410536,148
10089410537,187
10089410539,143
10089410544,195
10089410547,163
10089410553,232
10089411156,163
10089411161,127
10089411170,147
10089411175,95
10089411181,72
10089411185,111
10089411191,140
10089411192,86
10089411193,109
10089411194,127
10089411198,72
10089416463,101
10089416469,71
10089416538,72
10089416539,74
10089431024,149
10089431025,161
10089431026,232
10089432022,61
10089432029,106
10089432036,76
10089432037,89
10089432044,78
10089432048,72
10089455340,152
10089455341,128
10089455342,114
10089455343,117
10089455344,213
10089466385,46
10089466389,81
10089466410,77
10089466411,74
10089467795,96
10089467796,108
10089467797,118
10089467802,127
10089467805,120
10089467806,149
10089467807,129
10089467808,136
10089467811,166
10089467812,182
10089467813,157
10089467814,210
10089467815,171
10089469909,133
10089469914,142
10089470747,42
10089472928,127
10089472933,114
10089472934,142
10089472935,171
10089472936,87
10089472944,158
10089472950,167
10089472957,98
10089472967,149
10089472973,132
10089472980,103
10089472985,136
10089475722,127
10089475723,202
10089475724,213
10089475725,207
10089475726,138
10089480822,163
10089480828,94
10089480837,206
10089480855,204
10089484783,39
10089484784,73
10089484785,36
10089484786,60
10089484791,58
10089484846,65
10089484849,69
10089484850,44
10089484865,45
10089484868,35
10089484908,37
10089484913,47
10089484917,43
10089484932,63
10089484938,43
10089484939,41
10089488949,107
10089488950,136
10089488951,87
10089488952,75
10089488953,92
10089488954,120
10089488955,127
10089488956,121
10089488957,81
10089488958,133
10089504981,109
10089504987,136
10089504992,95
10089504993,127
10089504997,121
10089504998,124
10089504999,107
10089505000,80
10089505009,88
10089505014,105
10089505015,116
10089515120,174
10089515129,154
10089515131,128
10089515146,112
10089515154,160
10089515157,120
10089515158,164
10089515164,113
10089515169,176
10089515170,132
10089515192,202
10089515259,129
10089515260,97
10089515269,127
10089515288,264
10089515289,181
10089515300,91
10089515301,117
10089515310,132
10089526130,95
10089526131,132
10089526142,118
10089526149,81
10089526150,103
10089526151,101
10089526155,131
10089526165,122
10089526166,139
10089526167,55
10089526168,73
10089526169,107
10089526170,85
10089526171,78
10089526172,87
10089526178,117
10089526179,115
10089526180,124
10089526184,83
10089532151,71
10089532172,82
10089532184,76
10089532193,101
10089532210,87
10089532211,54
10089532212,115
10089532213,101
10089532214,79
10089532215,95
10089532425,233
10089532440,204
10089532444,176
10089532446,197
10089532452,236
10089532453,250
10089532454,225
10089532463,227
10089534690,115
10089534691,97
10089534692,84
10089543925,78
10089549030,104
10089549031,78
10089549048,111
10089549050,119
10089549064,108
10089549068,140
10089549112,132
10089549115,108
10089549116,128
10089549117,80
10089549126,114
10089549133,99
10089549653,240
10089549660,82
10089549661,132
10089549662,91
10089549663,155
10089549664,117
10089552136,132
10089552146,143
10089552158,202
10089552159,168
10089552160,230
10089552161,233
10089552162,221
10089552163,144
10089552164,223
10089552165,253
10089552166,173
10089552167,215
10089552170,148
10089552174,222
10089552175,141
10089552176,157
10089552177,143
10089552178,194
10089552179,173
10089552190,138
10089552195,128
10089552196,200
10089552201,118
10089552202,176
10089552211,157
10089558228,91
10089558235,116
10089558237,126
10089558238,57
10089558239,103
10089558247,82
10089558251,127
10089558265,159
10089558270,160
10089558271,187
10089558273,190
10089558901,104
10089558902,104
10089558904,105
10089558905,150
10089558914,92
10089558916,129
10089558990,84
10089558991,114
10089558992,96
10089558993,79
10089559001,83
10089559005,135
10089559006,106
10089559010,148
10089559011,151
10089559012,176
10089559013,156
10089559014,166
10089559015,144
10089560754,119
10089560755,116
10089560756,145
10089560757,138
10089560758,183
10089560759,143
10089560764,134
10089560765,174
10089560775,132
10089560776,153
10089560777,116
10089560786,171
10089560787,135
10089560788,113
10089560789,128
10089567019,117
10089567020,75
10089574172,72
10089574173,69
10089574175,143
10089574184,109
10089574185,132
10089574187,152
10089574188,111
10089579330,149
10089579332,97
10089591717,141
10089591722,79
10089591724,111
10089591729,101
10089591730,119
10089591731,121
10089591732,116
10089591733,143
10089591747,158
10089591765,132
10089591766,130
10089591771,123
10089595977,54
10089595979,75
10089595980,75
10089595983,45
10089595984,76
10089595990,49
10089596005,68
10089596008,73
10089596009,52
10089596010,28
10089596015,70
10089596016,58
10089596838,111
10089596844,103
10089596872,137
10089596873,144
10089596874,244
10089596875,214
10089596884,174
10089596886,170
10089596898,240
10089596908,152
10089596914,128
10089597223,110
10089597224,115
10089597225,103
10089597230,89
10089597233,104
10089597234,140
10089597235,83
10089597244,139
10089597251,96
10089597252,110
10089597261,74
10089597268,166
10089597269,119
10089597270,100
10089597275,123
10089600720,45
10089600721,37
10089600728,68
10089601918,126
10089601927,204
10089601928,132
10089601929,102
10089601930,112
10089601931,97
10089601946,119
10089603041,80
10089603045,95
10089603054,89
10089603061,92
10089603072,76
10089603074,103
10089603078,81
10089603079,78
10089603084,136
10089603088,119
10089603100,80
10089603107,128
10089603108,99
10089603113,128
10089606891,165
10089606892,92
10089606893,256
10089614632,47
10089614637,52
10089614638,65
10089614641,67
10089614648,47
10089614674,44
10089614675,30
10089614684,52
10089622725,63
10089625319,88
10089625320,140
10089625324,129
10089625328,141
10089625335,79
10089625338,78
10089625343,84
10089625344,113
10089625345,116
10089625346,63
10089625347,134
10089625352,85
10089625353,101
10089625358,84
10089625359,78
10089625360,91
10089642935,170
10089642940,108
10089642989,71
10089643009,64
10089643010,80
10089659017,93
10089659018,115
10089659032,78
10089659042,96
10089659060,93
10089659082,126
10089659084,97
10089659093,120
10089659104,121
10089659108,74
10089659109,92
10089659121,82
10089659126,67
10089659138,86
10089659148,97
10089659151,107
10089659152,77
10089659159,133
10089659176,73
10089681281,73
10089681284,51
10089682635,165
10089682639,96
10089682641,124
10089682647,98
10089682664,131
10089682665,147
10089691498,113
10089693059,80
10089693069,81
10089693070,68
10089693071,88
10089693075,94
10089693076,83
10091172580,109
10091172581,101
10091172586,132
10091172597,177
10091172598,131
10091172599,186
10091172603,158
10091196040,98
10091200776,34
10091200779,76
10091200780,42
10091200784,66
10091200785,60
10091200788,41
10091200789,34
10091200791,67
10091200792,74
10091200797,55
10091200798,73
10091200800,46
10091200808,73
10091200811,61
10091200812,62
10091200813,72
10091200814,73
10091200815,50
10091210905,58
10091210907,75
10091210910,49
10091210911,40
10091210912,59
10091210914,41
10091210915,74
10091210916,51
10091215509,63
10091222018,59
10091222021,63
10091222023,47
10091222024,49
10091222025,71
10091222026,40
10091222034,66
10091222035,56
10091222036,76
10091222037,72
10091222038,64
10091222039,75
10091222040,77
10091222041,70
10091222042,64
10091222043,58
10091222044,71
10091222045,67
10091222049,58
10091224079,70
10091224096,61
10091224097,85
10091224098,90
10091224100,34
10091224101,56
10091225231,118
10091225247,64
10091225264,93
10091225265,56
10091226524,57
10091226531,25
10091226541,45
10091226556,62
10091226557,54
10091226559,70
10091226561,88
10091229515,108
10091229516,77
10091229575,86
10091229584,66
10091231544,68
10091231545,36
10091231546,74
10091231551,40
10091231552,50
10091231554,59
10091231558,68
10091231571,54
10091231572,61
10091231573,48
10091231574,51
10091231577,80
10091231578,67
10091231580,75
10091233098,89
10091233099,116
10091233100,115
10091233101,70
10091233102,91
10091233103,78
10091234047,110
10091234054,80
10091234487,63
10091234496,56
10091234497,78
10091234498,78
10091234499,64
10091234500,72
10091234501,63
10091234503,67
10091234507,94
10091234509,56
10091234512,55
10091234514,73
10091235924,71
10091235929,62
10091235930,111
10091235931,39
10091235932,66
10091235941,92
10091235942,59
10091235951,47
10091237519,64
10091237520,63
10091237521,33
10091237522,60
10091237523,74
10091237524,71
10091237525,45
10091237526,61
10091237527,64
10091237528,63
10091237529,51
10091237539,36
10091237540,67
10091237541,72
10091237542,27
10091237543,51
10091237544,88
10091237545,74
10091237546,55
10091237560,101
10091237563,77
10091237566,78
10091237569,100
10091237577,102
10091237580,85
10091237582,116
10091237583,129
10091237584,87
10091237585,68
10091237590,111
10091238507,105
10091238515,79
10091239120,128
10091239125,84
10091239131,82
10091239150,84
10091239156,75
10091239157,111
10091239158,80
10091239169,70
10091239171,60
10091239829,48
10091239830,73
10091239831,49
10091239832,34
10091239834,55
10091239835,84
10091239836,56
10091239837,62
10091239838,89
10091239839,65
10091239840,67
10091239841,81
10091239845,58
10091239846,57
10091241401,57
10091241405,76
10091241414,58
10091242417,78
10091242429,68
10091242430,85
10091242438,92
10091242439,64
10091242440,89
10091242442,57
10091242443,77
10091242448,51
10091242449,66
10091242450,41
10091242451,57
10091242452,59
10091243089,88
10091243090,81
10091243091,141
10091243099,123
10091243100,94
10091243101,134
10091243102,98
10091243107,110
10091243108,100
10091243112,105
10091243113,142
10091243114,117
10091243115,89
10091243116,93
10091245519,61
10091245523,83
10091245526,55
10091245527,49
10091245528,84
10091245533,59
10091245536,50
10091245539,48
10091245540,81
10091245541,67
10091245542,70
10091245545,70
10091245546,66
10091245547,77
10091245548,82
10091245549,72
10091245550,79
10091245551,47
10091246472,78
10091246474,87
10091246475,48
10091246487,68
10091246499,67
10091246500,54
10091246504,79
10091246508,64
10091246509,71
10091246510,66
10091246511,70
10091246512,57
10091250322,64
10091253517,147
10091253518,101
10091253519,135
10091253520,134
10091253521,171
10091253534,118
10091253539,92
10091253540,119
10091253541,111
10091253568,90
10091253575,93
10091253586,93
10091253587,131
10091253590,84
10091253591,92
10091253596,107
10091253597,132
10091253598,104
10091253603,98
10091253613,98
10091253961,127
10091253996,71
10091253997,105
10091253998,79
10091254003,107
10091254010,92
10091254013,103
10091254364,56
10091254365,52
10091254374,36
10091254381,60
10091254383,51
10091254384,63
10091254646,54
10091254667,96
10091254676,75
10091254681,99
10091254696,64
10091254711,109
10091254712,89
10091254713,49
10091254714,60
10091255431,74
10091255450,69
10091255455,78
10091255473,80
10091258240,130
10091258241,76
10091258242,137
10091258243,69
10091258244,100
10091258245,90
10091258246,85
10091258247,113
10091258248,92
10091258252,159
10091258253,101
10091258254,133
10091258259,105
10091258260,113
10091258261,99
10091258262,63
10091258263,124
10091258264,73
10091258271,130
10091258273,55
10091258530,56
10091258531,53
10091258536,87
10091261729,89
10091261740,67
10091261741,58
10091261742,84
10091261759,61
10091261760,53
10091261766,53
10091261774,46
10091261791,84
10091261793,54
10091261796,95
10091261813,80
10091261827,89
10091261829,61
10091261836,63
10091261838,66
10091264961,82
10091264962,58
10091264968,66
10091264969,80
10091264970,90
10091264975,95
10091264976,64
10091264985,67
10091264986,87
10091264990,69
10091265001,128
10091265002,112
10091265005,71
10091265307,46
10091265308,66
10091265314,31
10091265315,49
10091265316,51
10091267960,128
10091267992,95
10091268006,104
10091271539,27
10091271541,64
10091271542,34
10091272436,58
10091273117,96
10091273118,68
10091273119,49
10091273120,98
10091273121,60
10091278098,88
10091278099,106
10091278101,86
10091278104,118
10091278105,64
10091278106,95
10091279227,104
10091279232,94
10091279237,52
10091279242,76
10091279251,53
10091279252,66
10091280623,68
10091280628,124
10091280629,81
10091281904,83
10091281911,79
10091282077,93
10091282078,123
10091284520,113
10091284521,56
10091284522,131
10091284523,134
10091284528,128
10091284530,118
10091284532,77
10091284533,137
10091307156,51
10091317024,46
10091317025,62
10091321726,36
10091321739,69
10091322694,78
10091326460,55
10091326461,58
10091326462,95
10091326471,112
10091326472,74
10091326473,52
10091326476,63
10091326477,67
10091326478,89
10091326479,85
10091326494,74
10091326507,99
10091335517,96
10091335518,53
10091335519,60
10091335523,76
10091335527,99
10091335528,83
10091335529,90
10091335538,48
10091338180,78
10091338181,69
10091338182,78
10091338183,72
10091338184,61
10091338185,80
10091338187,102
10091338188,79
10091338189,50
10091338190,45
10091338191,78
10091338192,77
10091338196,83
10091338197,108
10091338203,111
10091338204,82
10091338571,67
10091340677,50
10091340678,61
10091340681,57
10091340790,91
10091340794,97
10091340809,77
10091345827,56
10091345828,104
10091345829,70
10091345830,95
10091345835,58
10091345836,78
10091345837,71
10091346582,69
10091353461,71
10091353464,35
10091353508,45
10091354944,115
10091354945,79
10091354961,106
10091354966,93
10091354968,137
10091354979,141
10091354980,100
10091354998,82
10091357580,136
10091357583,105
10091357584,74
10091357586,67
10091359846,49
10091359847,115
10091362017,101
10091362031,88
10091362034,114
10091364130,108
10091364131,63
10091364136,98
10091364138,102
10091364141,79
10091364152,68
10091365821,68
10091366213,196
10091366710,49
10091366967,85
10091366970,58
10091366971,65
10091366986,94
10091366987,94
10091366997,99
10091366998,91
10091367007,80
10091367008,69
10091367009,81
10091367010,62
10091367012,53
10091367013,73
10091368693,82
10091368700,36
10091368702,47
10091368706,39
10091368708,50
10091368711,48
10091368712,82
10091368715,57
10091368725,77
10091368732,72
10091368736,93
10091368737,118
10091368738,108
10091368739,100
10091368740,75
10091368744,101
10091368747,100
10091368748,83
10091368759,64
10091368760,59
10091368761,83
10091368765,130
10091368766,131
10091368767,89
10091368768,121
10091368778,70
10091368779,52
10091368780,69
10091368781,49
10091368793,97
10091368794,64
10091368798,67
10091368805,83
10091368806,42
10091368810,89
10091368811,88
10091373698,92
10091373699,68
10091373713,84
10091375957,165
10091375958,213
10091375959,142
10091375960,229
10091375961,160
10091375962,210
10091375963,125
10091375964,227
10091375965,128
10091375966,220
10091375967,228
10091375968,168
10091376017,86
10091376020,146
10091376026,144
10091376029,128
10091376030,99
10091376031,85
10091376040,103
10091376045,124
10091376050,87
10091376062,83
10091376064,114
10091376068,133
10091376069,95
10091376070,141
10091376071,87
10091376073,100
10091376074,132
10091376094,121
10091376095,67
10091384367,145
10091384368,173
10091384373,123
10091384374,133
10091384380,133
10091384381,189
10091384382,144
10091384399,240
10091384400,202
10091390651,78
10091390652,75
10091390663,99
10091390665,126
10091390666,102
10091390667,99
10091394123,112
10091394125,118
10091394129,83
10091397349,71
10091397350,43
10091397384,83
10091397388,41
10091397389,34
10091397719,63
10091397747,62
10091397767,62
10091397769,66
10091397931,191
10091397932,163
10091397933,212
10091397934,200
10091397935,159
10091399621,64
10091399632,91
10091400018,124
10091400020,81
10091400021,108
10091400022,87
10091400024,111
10091400133,71
10091400138,79
10091400139,80
10091400167,60
10091400168,69
10091400169,67
10091400172,66
10091400173,88
10091400174,98
10091400180,95
10091400182,63
10091400186,49
10091400199,71
10091400200,74
10091400205,116
10091400206,64
10091400212,76
10091400213,123
10091400217,99
10091400219,97
10091403571,91
10091403616,55
10091403633,188
10091403634,227
10091403637,220
10091403639,166
10091407216,75
10091407522,104
10091407523,48
10091407537,54
10091407538,77
10091407540,83
10091407544,65
10091407547,87
10091407548,81
10091411837,52
10091411928,67
10091411944,79
10091413603,90
10091413607,72
10091413609,54
10091413817,66
10091413819,93
10091413820,92
10091413823,122
10091413824,86
10091413827,122
10091413832,79
10091413836,111
10091413839,134
10091413843,98
10091413848,88
10091413863,78
10091413874,91
10091413875,111
10091413883,124
10091413890,66
10091413891,115
10091413892,69
10091413893,109
10091413894,69
10091413895,131
10091413901,67
10091413909,115
10091413913,58
10091414342,61
10091414353,100
10091414354,55
10091414357,100
10091414365,59
10091414369,83
10091414370,117
10091414371,83
10091414372,51
10091414377,97
10091414393,58
10091414398,92
10091414409,124
10091415284,107
10091415285,149
10091415287,177
10091415288,176
10091415292,141
10091415313,181
10091415618,50
10091415619,75
10091415620,51
10091415621,51
10091415735,76
10091415742,58
10091415744,86
10091415748,51
10091415749,52
10091415770,72
10091415771,33
10091415777,67
10091415783,47
10091416007,175
10091416010,177
10091416015,184
10091416016,197
10091421712,118
10091421714,119
10091421715,116
10091426880,46
10091426885,75
10091426890,83
10091426891,87
10091426892,51
10091426893,61
10091426894,62
10091426895,76
10091426897,56
10091430620,105
10091430622,94
10091430633,116
10091430634,113
10091430635,86
10091430636,115
10091430637,91
10091430638,85
10091430639,95
10091432507,73
10091432510,82
10091432514,87
10091432515,63
10091433689,52
10091433702,82
10091433710,76
10091433715,53
10091440517,79
10091440519,64
10091440520,42
10091440532,73
10091440533,82
10091440539,92
10091440540,68
10091440542,101
10091440543,73
10091440544,62
10091440545,46
10091440546,83
10091440551,94
10091440576,108
10091440581,82
10091440584,107
10091440591,82
10091440592,71
10091440593,102
10091441418,76
10091441419,61
10091441420,71
10091441427,73
10091441436,96
10091442912,215
10091446471,59
10091446472,51
10091446620,103
10091446621,104
10091446622,102
10091446625,78
10091449117,152
10091449120,164
10091449121,117
10091449122,175
10091450012,43
10091450013,55
10091450014,67
10091450016,47
10091454356,87
10091454371,54
10091454374,66
10091454375,52
10091454381,122
10091454382,54
10091454383,75
10091454392,108
10091454396,42
10091455041,209
10091455052,204
10091455058,159
10091455064,116
10091455069,181
10091455070,217
10091455071,118
10091455072,181
10091455275,79
10091455280,120
10091455282,79
10091455289,67
10091455290,80
10091455298,71
10091455312,103
10091455313,78
10091456214,40
10091456276,54
10091456278,35
10091456283,33
10091456284,53
10091456285,64
10091456286,36
10091456287,75
10091456288,50
10091456289,40
10091456290,52
10091457071,92
10091460321,47
10091460328,42
10091460330,55
10091460331,82
10091460332,39
10091460342,75
10091460347,92
10091460349,60
10091460355,84
10091460374,65
10091460378,41
10091460856,55
10091460857,48
10091460877,53
10091460880,41
10091460881,42
10091460882,89
10091460883,61
10091460885,71
10091460886,74
10091460891,49
10091460892,54
10091460893,73
10091463605,101
10091463613,117
10091466718,93
10091466726,60
10091466731,40
10091466732,83
10091466733,48
10091466751,53
10091466752,84
10091466753,32
10091466754,86
10091466755,39
10091466756,90
10091466757,43
10091466760,87
10091466761,59
10091466762,73
10091466771,54
10091466772,83
10091466779,94
10091466788,94
10091466790,59
10091466796,61
10091466797,102
10091466819,65
10091466820,106
10091466821,63
10091466822,116
10091466823,66
10091466824,90
10091466825,68
10091466827,97
10091466828,58
10091472761,95
10091472762,59
10091472763,99
10091472771,75
10091472777,87
10091472780,77
10091472967,77
10091472969,34
10091472975,33
10091475021,125
10091475219,94
10091475224,122
10091475225,64
10091475236,112
10091475239,91
10091475240,58
10091475241,132
10091475242,103
10091475245,107
10091475250,80
10091475256,99
10091475280,98
10091475281,71
10091475282,48
10091475283,67
10091475299,58
10091475308,54
10091475309,83
10091475310,52
10091475313,38
10091475324,69
10091475325,64
10091475327,103
10091475330,56
10091475337,66
10091475338,66
10091475339,50
10091478317,100
10091478318,104
10091478319,70
10091480671,99
10091480678,54
10091480679,116
10091480685,88
10091480686,66
10091480688,73
10091480689,107
10091480694,49
10091480695,106
10091480696,87
10091480701,78
10091480702,38
10091480703,66
10091480705,64
10091480712,57
10091483848,112
10091483849,166
10091483850,167
10091483853,134
10091483855,121
10091483861,143
10091483862,186
10091483864,138
10091483865,128
10091483867,169
10091483876,179
10091483886,146
10091483897,144
10091483898,150
10091488637,113
10091488644,55
10091488669,74
10091488672,114
10091488673,76
10091488674,94
10091489172,90
10091489174,87
10091489179,71
10091489180,55
10091489181,92
10091489184,62
10091489185,72
10091489186,63
10091489192,62
10091489198,111
10091489215,113
10091490156,86
10091490163,86
10091490164,73
10091490171,77
10091490180,81
10091490191,73
10091490196,65
10091490197,40
10091500043,61
10091502622,65
10091502623,47
10091502624,69
10091502625,46
10091502633,59
10091502638,35
10091505989,82
10091505993,54
10091505995,60
10091505996,81
10091506001,42
10091506013,58
10091506014,98
10091506015,79
10091509222,69
10091509223,60
10091509232,96
10091509765,510
10091509767,342
10091509776,387
10091511899,173
10091511905,106
10091518897,148
10091518898,119
10091519419,80
10091519420,101
10091519440,86
10091519441,77
10091519448,88
10091519461,107
10091519462,136
10091519463,105
10091519468,106
10091519469,105
10091519470,126
10091519992,90
10091519997,41
10091519998,71
10091520574,173
10091520575,188
10091520576,105
10091520577,138
10091520580,178
10091520581,129
10091520593,167
10091520603,164
10091522470,88
10091522477,93
10091522480,72
10091522484,84
10091526207,44
10091528139,77
10091528140,82
10091528145,90
10091528147,64
10091528148,75
10091528149,104
10091528156,92
10091528160,75
10091528161,95
10091528163,87
10091528164,71
10091528165,74
10091528173,73
10091528174,120
10091528176,52
10091528177,75
10091528180,67
10091528186,43
10091528188,75
10091528189,81
10091528199,60
10091532013,80
10091532014,92
10091532631,84
10091532641,82
10091532642,62
10091532874,68
10091532878,38
10091532879,52
10091532884,48
10091532890,37
10091533347,58
10091533348,90
10091533375,66
10091533376,66
10091533377,51
10091533378,81
10091533382,77
10091533387,69
10091533388,75
10091533389,58
10091533390,77
10091533392,90
10091533396,61
10091533403,77
10091533404,91
10091533408,70
10091533409,68
10091533410,71
10091533413,124
10091535528,158
10091535529,142
10091537625,83
10091543787,60
10091543788,101
10091543795,70
10091553424,66
10091553440,64
10091553462,65
10091553467,97
10091553468,94
10091553474,50
10091553475,111
10091553476,112
10091553477,64
10091553478,74
10091553479,91
10091553480,51
10091553492,84
10091553501,47
10091553510,93
10091553515,54
10091553516,99
10091553517,89
10091553518,77
10091553520,98
10091553521,72
10091553522,77
10091553523,61
10091553524,75
10091553531,104
10091553532,102
10091553537,66
10091553538,51
10091553546,60
10091554828,101
10091554842,159
10091554843,167
10091554844,135
10091554851,125
10091554852,179
10091554870,135
10091554876,131
10091554879,219
10091554881,171
10091554886,136
10091554905,124
10091556310,87
10091556312,98
10091556316,71
10091557952,71
10091557961,62
10091557962,84
10091557963,77
10091557964,82
10091557965,57
10091557968,80
10091557969,73
10091558533,55
10091558546,42
10091558561,52
10091558562,89
10091558563,96
10091558564,87
10091558565,49
10091558566,61
10091567735,95
10091572516,83
10091582218,58
10091582219,65
10091582224,71
10091582229,65
10091582233,70
10091582257,71
10091582275,112
10091582285,68
10091582286,77
10091582295,93
10091582297,76
10091590912,190
10091590916,160
10091594180,56
10091598790,47
10091598794,51
10091598796,59
10091598800,64
10091598801,49
10091598806,37
10091598807,60
10091601041,144
10091601048,174
10091603224,68
10091603231,51
10091603232,30
10091603234,63
10091604692,140
10091604697,119
10091604704,146
10091604712,99
10091608821,90
10091608822,97
10091608823,113
10091608824,69
10091608825,91
10091608826,79
10091608831,73
10091608832,121
10091608833,71
10091608848,58
10091608851,89
10091608861,96
10091608862,86
10091608865,64
10091608869,81
10091608871,118
10091608872,103
10091608873,108
10091608874,87
10091608875,103
10091608884,98
10091608885,70
10091608886,69
10091608887,65
10091608888,86
10091608895,64
10091608896,63
10091608897,79
10091608904,81
10091608909,66
10091608921,96
10091608925,57
10091608926,73
10091613030,108
10091613031,106
10091613034,110
10091613049,110
10091613052,122
10091613054,122
10091614274,102
10091614275,128
10091614277,78
10091614278,114
10091614281,74
10091614283,115
10091614284,61
10091614285,76
10091614289,134
10091614291,127
10091614305,65
10091614306,93
10091614308,84
10091614419,65
10091614420,42
10091614424,58
10091619605,483
10091619608,453
10091619610,390
10091619611,530
10091619614,530
10091619615,406
10091629825,89
10091629832,147
10091629833,99
10091629834,121
10091629835,103
10091629836,128
10091629837,125
10091629838,164
10091629839,119
10091629840,98
10091632398,81
10091632399,52
10091632400,99
10091632402,68
10091634027,463
10091634028,360
10091634031,319
10091636596,32
10091636602,50
10091636603,44
10091636604,28
10091637064,26
10091637071,45
10091637072,54
10091637075,65
10091640426,115
10091641996,71
10091641997,80
10091642005,101
10091642015,109
10091642417,187
10091642418,129
10091642419,190
10091642420,148
10091642421,122
10091651329,96
10091651331,189
10091651336,158
10091651337,117
10091651338,155
10091651346,122
10091651351,130
10091651352,138
10091651357,106
10091651372,136
10091651373,139
10091651374,178
10091655720,86
10091655739,75
10091655741,80
10091655747,62
10091658354,59
10091658383,95
10091658392,93
10091658393,75
10091659824,577
10091659839,537
10091659840,346
10091659841,509
10091659842,408
10091659854,426
10091659855,372
10091659865,319
10091663415,266
10091668686,116
10091668704,117
10091668705,83
10091668706,121
10091668711,119
10091668716,94
10091686200,98
10091686201,128
10091686205,168
10091686211,214
10091691419,191
10091692879,112
10091692884,75
10091692907,65
10091692909,122
10091692910,105
10091692911,65
10091692912,72
10091692913,78
10091692914,68
10091692915,93
10091697534,421
10091697619,92
10091699899,62
10091699903,62
10091699904,63
10091699905,88
10091699906,80
10091699907,83
10091699908,86
10091699909,62
10091699910,71
10091699911,94
10091699912,61
10091700317,55
10091700329,111
10091700337,73
10091700338,117
10091700355,57
10091703718,97
10091703719,107
10091703720,103
10091703721,105
10091703724,61
10091703725,91
10091703735,81
10091703742,92
10091703754,80
10091703755,82
10091703759,92
10091704224,322
10091704227,245
10091704228,341
10091706823,219
10091706824,176
10091706832,156
10091706833,124
10091706837,171
10091706839,128
10091706844,154
10091706845,131
10091706846,180
10091706850,178
10091706851,144
10091706852,203
10091706853,139
10091706855,152
10091711417,79
10091711421,54
10091711422,72
10091711423,89
10091711425,72
10091711429,66
10091711430,87
10091711435,59
10091711436,96
10091711437,81
10091711563,41
10091711576,90
10091711578,63
10091711579,76
10091711581,100
10091711582,79
10091711584,46
10091711585,65
10091711586,101
10091711587,45
10091711588,55
10091711589,56
10091711590,89
10091711605,46
10091713343,136
10091713356,81
10091713366,90
10091714122,102
10091714123,46
10091714124,86
10091714126,43
10091714130,93
10091714131,100
10091714157,105
10091714158,62
10091721490,68
10091721491,58
10091721492,54
10091721493,75
10091721497,105
10091721498,84
10091721499,65
10091721500,89
10091721501,56
10091721502,90
10091721505,73
10091721514,70
10091722229,534
10091722230,429
10091722231,547
10091722232,513
10091722233,358
10091722235,349
10091722240,433
10091722241,461
10091722245,416
10091722246,364
10091723835,64
10091723838,53
10091725321,160
10091725322,220
10091725323,166
10091725350,261
10091725357,234
10091725358,168
10091725362,261
10091725363,202
10091725371,233
10091725373,197
10091726894,138
10091726895,213
10091726896,117
10091726897,187
10091726898,140
10091726904,167
10091726905,144
10091726906,130
10091741498,64
10091743719,86
10091743720,83
10091743721,109
10091743722,76
10091743723,113
10091743724,90
10091743725,52
10091746500,458
10091746504,456
10091746509,429
10091746510,478
10091746511,358
10091746513,277
10091746515,320
10091746516,331
10091746568,82
10091746602,65
10091746603,42
10091746604,71
10091746605,62
10091746614,109
10091749018,264
10091749021,160
10091750300,92
10091750304,119
10091750311,116
10091750315,110
10091750316,90
10091768833,309
10091768924,74
10091768930,102
10091768931,54
10091768932,91
10091768933,88
10091768934,61
10091769033,200
10091769035,169
10091769038,219
10091769053,181
10091769068,146
10091769069,206
10091769074,212
10091769075,214
10091769098,154
10091769099,226
10091769106,171
10091769107,152
10091769109,228
10091769113,203
10091769114,219
10091769116,244
10091769789,185
10091769790,186
10091769793,198
10091769794,295
10091769808,280
10091769809,310
10091769903,119
10091769914,57
10091770210,491
10091770211,431
10091770212,387
10091775241,59
10091775246,34
10091775269,25
10091781520,65
10091781521,80
10091781522,76
10091781523,70
10091781524,66
10091781525,120
10091781526,77
10091781529,120
10091781532,95
10091781533,77
10091781534,75
10091781535,78
10091781538,64
10091781539,60
10091781540,96
10091781545,78
10091781550,50
10091781559,89
10091781563,99
10091781564,116
10091783417,185
10091783424,157
10091783434,235
10091783435,231
10091783436,239
10091783439,226
10091783440,178
10091783444,167
10091783466,179
10091783786,91
10091783805,104
10091783809,81
10091783810,65
10091784821,65
10091784822,65
10091784823,84
10091784824,67
10091784825,58
10091784827,68
10091784830,57
10091784834,57
10091784838,80
10091784840,91
10091785040,230
10091785053,264
10091785062,197
10091785073,267
10091785320,367
10091785333,434
10091785334,299
10091785335,492
10091785340,440
10091787833,79
10091787844,59
10091787871,105
10091787878,81
10091787880,66
10091787885,95
10091787886,70
10091787891,101
10091787892,77
10091788000,113
10091788008,97
10091788009,100
10091788010,112
10091788011,106
10091788012,107
10091797555,172
10091797558,222
10091797559,277
10091797568,189
10091797581,200
10091797614,210
10091797616,215
10091806232,105
10091806240,104
10091806243,104
10091806244,63
10091806248,70
10091806255,77
10091806256,60
10091806258,101
10091806259,72
10091806260,43
10091806261,105
10091806268,98
10091806273,52
10091806277,58
10091806278,69
10091806279,42
10091806296,77
10091806302,69
10091806303,83
10091806304,109
10091806305,74
10091806313,112
10091806314,75
10091808423,237
10091808435,176
10091808436,233
10091808455,215
10091811217,147
10091811218,173
10091811228,168
10091811229,147
10091811230,181
10091811231,181
10091811239,153
10091817020,84
10091817025,107
10091817026,74
10091817027,65
10091817375,197
10091817376,222
10091817377,137
10091825190,61
10091825197,90
10091825198,53
10091825199,64
10091825341,127
10091825347,181
10091825349,199
10091831613,34
10091839345,257
10091839356,129
10091839364,211
10091839373,228
10091839384,249
10091839385,278
10091839386,236
10091839387,265
10091839388,245
10091840352,218
10091840361,172
10091840362,178
10091840638,73
10091840639,82
10091840651,44
10091841506,177
10091841507,184
10091845769,121
10091845774,126
10091848413,178
10091848415,231
10091848416,291
10091853895,40
10091853910,71
10091853915,86
10091853916,64
10091857684,106
10091857688,53
10091857705,54
10091857708,64
10091857709,63
10091857710,56
10091857715,55
10091860917,81
10091860918,58
10091860930,82
10091860931,92
10091860932,52
10091860933,65
10091860934,79
10091860935,91
10091860936,65
10091860938,92
10091860939,56
10091860940,92
10091860950,64
10091861871,95
10091861884,78
10091861892,99
10091866204,73
10091866205,61
10091866215,109
10091866216,77
10091873013,72
10091873014,64
10091873015,37
10091873016,62
10091875530,53
10091875531,87
10091875538,97
10091875546,63
10091875551,74
10091875552,99
10091875558,42
10091875563,115
10091879403,91
10091879404,107
10091879405,96
10091879406,108
10091880417,80
10091880418,40
10091880419,99
10091880420,61
10091880427,74
10091880429,67
10091880430,56
10091880440,83
10091880441,97
10091880443,58
10091880446,94
10091880448,86
10091880454,70
10091880455,59
10091884519,72
10091884531,68
10091884532,95
10091885191,57
10091885193,87
10091885199,93
10091885205,63
10091885206,108
10091885207,55
10091885208,66
10091885209,111
10091885210,60
10091885211,88
10091887869,39
10091887870,55
10091893011,57
10091893016,90
10091893838,44
10091893853,88
10091893865,82
10091893872,94
10091893874,77
10091893875,88
10091899617,80
10091899623,87
10091899629,58
10091899630,96
10091899631,47
10091899632,40
10091899637,97
10091899643,53
10091899644,36
10091899645,75
10091899649,60
10091899654,92
10091899656,43
10091899657,85
10091899664,46
10091899678,44
10091899679,83
10091899680,41
10091899696,73
10091899697,44
10091899701,41
10091899704,49
10091899705,97
10091899706,49
10091899711,85
10091899714,68
10091910229,91
10091910230,57
10091910235,67
10091910236,69
10091910237,55
10091910292,64
10091929911,76
10091929916,98
10091931449,109
10091931450,46
10091931464,90
10091931466,94
10091931467,62
10091931480,99
10091931481,65
10091931486,109
10091931493,59
10091931494,91
10091931498,67
10091931506,60
10091931507,97
10091931509,40
10091931514,49
10091931515,88
10091931516,47
10091934207,188
10091934209,215
10091936724,64
10091941153,70
10091941172,76
10091941173,77
10091941177,69
10091941178,47
10091941179,99
10091941184,105
10091941185,129
10091941192,100
10091941193,103
10091941196,61
10091941208,75
10091941213,42
10091943369,83
10091944123,64
10091944124,54
10091944125,80
10091944126,56
10091944138,45
10091944140,65
10091944141,85
10091944142,54
10091944143,71
10091944148,68
10091945513,121
10091949629,107
10091949632,89
10091949633,97
10091949634,90
10091949642,71
10091949643,46
10091951117,112
10091957761,164
10091957771,262
10091960486,136
10091961039,233
10091961040,256
10091961048,161
10091961051,224
10091965371,66
10091975134,33
10091978427,146
10091978428,95
10091978430,155
10091978431,107
10091978433,114
10091978440,125
10091978457,138
10091978462,146
10091978463,121
10091989143,237
10091994673,274
10092007957,278
10092007961,389
10092007975,391
10092007993,335
10092008009,208
10092008013,109
10092008014,89
10092008015,105
10092008016,156
10092012659,119
10092015920,79
10092017822,127
10092020215,258
10092029083,295
10092029087,381
10092029088,396
10092029101,319
10092029104,197
10092029109,318
10092029111,320
10092029824,177
10092029842,180
10092035048,122
10092045323,104
10092045324,103
10092045327,148
10092045332,138
10092054910,68
10092054911,100
10092060518,119
10092060520,120
10092060524,185
10092060536,150
10092060537,183
10092060538,139
10092060539,121
10092060545,190
10092060547,123
10092060553,134
10092060557,167
10092060574,135
10092060580,162
10092060581,197
10092060582,101
10092060585,106
10092060586,161
10092060591,100
10092060592,156
10092060595,118
10092060617,194
10092060618,196
10092060619,115
10092060620,107
10092062256,191
10092062257,118
10092062280,166
10092062281,152
10092062285,187
10092062286,163
10092062293,185
10092062297,148
10092062298,244
10092064823,129
10092064831,188
10092066278,194
10092066284,195
10092066285,226
10092066286,182
10092066293,135
10092066300,199
10092068990,80
10092068991,109
10092068992,178
10092070906,351
10092070912,278
10092084837,88
10092084842,93
10092084843,78
10092084854,89
10092084859,110
10092084868,105
10092084869,79
10092084870,146
10092090344,104
10092093217,260
10092095436,124
10092097362,240
10092098580,244
10092102248,231
10092102249,306
10092102250,323
10092104980,307
10092115444,76
10092115445,35
10092115446,39
10092115448,54
10092115449,54
10092115450,46
10092115451,85
10092115457,32
10092115540,89
10092115541,55
10092115553,79
10092115554,78
10092115556,86
10092119722,87
10092119733,130
10092119739,121
10092119752,132
10092119758,81
10092119759,120
10092119760,65
10092119769,86
10092119770,122
10092119771,95
10092119772,103
10092292047,320
10093746965,32
10093746967,58
10093772560,312
10093772561,474
10093772563,295
10093772615,145
10093772616,206
10093783590,50
10093783591,73
10093783592,43
10093783593,80
10093787690,86
10093787699,55
10093787700,46
10093787706,77
10093787707,50
10093787708,94
10093787709,50
10093787711,64
10093787712,50
10093787713,40
10093787714,55
10093789424,31
10093789425,56
10093789453,43
10093789454,57
10093823001,41
10093824228,468
10093824240,270
10093824247,269
10093825595,141
10093825609,195
10093825610,140
10093825611,137
10093827196,57
10093827206,38
10093827207,80
10093827216,52
10093828094,78
10093828102,63
10093828103,94
10093828115,78
10093828116,100
10093830324,109
10093830328,139
10093830332,88
10093832635,49
10093833261,174
10093833265,138
10093833268,161
10093834913,402
10093834914,390
10093836552,79
10093836559,87
10093836567,52
10093836576,64
10093836581,59
10093836582,45
10093836583,127
10093836584,60
10093838124,107
10093838125,109
10093838126,84
10093838127,81
10093838128,105
10093838129,60
10093838140,82
10093838146,68
10093838152,92
10093838157,95
10093838158,88
10093838159,101
10093838164,109
10093838192,106
10093838196,107
10093838197,126
10093838199,66
10093838200,82
10093838203,63
10093838204,113
10093838206,98
10093838207,94
10093838538,77
10093838556,140
10093838557,82
10093838562,128
10093838565,101
10093838583,120
10093838587,71
10093838588,115
10093838602,71
10093838603,81
10093838614,82
10093840020,245
10093840024,444
10093840027,400
10093840029,307
10093840030,363
10093840056,361
10093840322,87
10093843438,161
10093843447,183
10093843448,216
10093843449,117
10093843450,202
10093843455,175
10093843456,119
10093843457,101
10093843458,153
10093843466,115
10093843467,121
10093845217,57
10093845222,68
10093845223,35
10093845224,62
10093845225,37
10093845231,66
10093845232,45
10093845233,77
10093848147,265
10093848161,176
10093852462,67
10093852469,50
10093852470,99
10093852483,63
10093852485,70
10093852503,51
10093852513,81
10093852514,87
10093856918,136
10093856920,77
10093856921,72
10093856922,106
10093856923,80
10093856924,83
10093857924,126
10093857930,170
10093857950,146
10093857959,161
10093857961,171
10093857962,143
10093857963,147
10093857967,164
10093857970,195
10093857971,139
10093857972,165
10093857973,168
10093857974,157
10093857975,186
10093857981,124
10093857982,174
10093857984,207
10093857985,175
10093857986,162
10093857987,188
10093857989,166
10093857991,174
10093857997,144
10093858000,136
10093858003,116
10093858004,179
10093872725,330
10093872735,422
10093872744,287
10093872745,282
10093872746,384
10093872747,260
10093872748,329
10093872749,274
10093872761,259
10093875619,71
10093875620,96
10093875621,57
10093875622,58
10093876936,102
10093876937,91
10093879517,200
10093879518,180
10093879519,132
10093879520,132
10093879524,119
10093879525,149
10093879540,230
10093879541,145
10093879542,228
10093879543,199
10093879544,206
10093879545,180
10093879552,164
10093879553,216
10093879554,216
10093879569,128
10093879570,115
10093879571,128
10093879574,104
10093879575,128
10093879585,164
10093879586,205
10093879587,213
10093879588,211
10093879589,230
10093879590,219
10093879591,195
10093879592,236
10093879593,175
10093879594,246
10093879595,159
10093879597,233
10093880709,353
10093884289,99
10093884290,99
10093884297,58
10093884298,91
10093884304,96
10093884305,81
10093884308,128
10093884309,83
10093884313,127
10093885058,156
10093885059,170
10093885060,169
10093885065,251
10093885066,241
10093885071,244
10093885072,209
10093885073,174
10093885074,202
10093885086,243
10093885087,166
10093893341,217
10093893342,248
10093893343,184
10093893344,231
10093893345,206
10093893346,144
10093893347,177
10093893348,204
10093893352,232
10093893353,193
10093893357,131
10093893358,120
10093893359,185
10093893360,152
10093893375,245
10093893376,187
10093901280,98
10093901281,85
10093901291,54
10093901297,77
10093901298,105
10093901299,88
10093901306,90
10093901307,90
10093901312,74
10093901315,103
10093901787,99
10093901788,56
10093901797,114
10093901805,130
10093901809,60
10093901810,88
10093904329,239
10093904330,332
10093904331,322
10093904336,310
10093904345,311
10093904347,415
10093904389,249
10093904390,407
10093904397,382
10093904398,368
10093904440,303
10093904441,418
10093904918,69
10093904919,75
10093904930,78
10093904931,126
10093904938,80
10093904940,76
10093904947,85
10093904948,110
10093904949,88
10093904950,77
10093908741,77
10093908745,32
10093912055,280
10093912057,241
10093912068,341
10093912074,277
10093912080,341
10093912085,264
10093912089,292
10093912096,224
10093912104,319
10093912109,382
10093912110,267
10093912116,364
10093915259,105
10093915263,96
10093915264,98
10093915276,99
10093915289,100
10093925265,168
10093925266,261
10093925267,227
10093925268,192
10093925269,269
10093925270,171
10093925301,233
10093925302,167
10093925303,166
10093925304,140
10093925305,196
10093925306,157
10093925307,202
10093926088,406
10093926099,236
10093928415,150
10093928416,107
10093930865,54
10093932020,102
10093932032,122
10093932037,125
10093932038,76
10093932039,130
10093932045,102
10093932046,92
10093932047,146
10093932048,88
10093932049,72
10093932050,137
10093932055,111
10093933320,140
10094362314,87
10094395983,73
10094395986,98
10094395991,61
10094395993,90
10094395994,38
10094395999,56
10094396000,66
10094396001,57
10094396009,57
10094396012,90
10094396013,41
10094396014,87
10094427261,140
10094427266,210
10094427267,181
10094427268,147
10094427273,150
10094427274,138
10094427275,182
10094427276,149
10094427277,201
10094427303,204
10094427304,290
10094427305,186
10094427306,262
10094427307,254
10094437387,86
10094437396,115
10094451426,104
10094451432,90
10094451435,57
10094451439,95
10094452263,87
10094452264,47
10094452923,86
10094452926,95
10094452927,65
10094452940,102
10094452981,60
10094452983,75
10094452987,75
10094452998,66
10094452999,62
10094453005,94
10094453007,43
10094453008,88
10094455832,66
10094455833,73
10094455843,274
10094455844,413
10094456221,104
10094456232,115
10094456235,115
10094456236,86
10094456237,69
10094456238,72
10094456239,93
10094456240,99
10094456241,124
10094456242,62
10094456247,131
10094456248,80
10094456250,126
10094456251,83
10094456252,77
10094456267,123
10094456268,92
10094456269,83
10094457620,131
10094457623,122
10094457624,132
10094457625,118
10094457630,83
10094457632,125
10094457633,128
10094457640,81
10094457643,66
10094457648,122
10094457653,127
10094457654,100
10094457655,98
10094457656,89
10094457658,81
10094457659,97
10094457660,90
10094457661,99
10094457668,92
10094457669,100
10094457673,108
10094457674,139
10094457675,121
10094457676,127
10094457677,138
10094467848,177
10094467850,191
10094467854,142
10094467855,227
10094467856,164
10094467858,166
10094467860,241
10094467861,192
10094467863,190
10094467866,270
10094467870,170
10094467877,221
10094467878,230
10094467879,92
10094467885,69
10094467890,82
10094467891,40
10094467892,86
10094467893,69
10094467894,54
10094467895,63
10094467903,101
10094467907,75
10094467914,73
10094467940,66
10094467944,77
10094467945,93
10094467953,60
10094467985,60
10094467987,56
10094467994,79
10094467995,79
10094469462,74
10094469514,68
10094469515,43
10094469516,100
10094469517,66
10094469523,61
10094469529,72
10094469536,55
10094469540,77
10094476345,99
10094476346,78
10094476348,92
10094476352,93
10094476353,71
10094476354,105
10094476355,87
10094476356,73
10094476357,101
10094476362,129
10094476365,88
10094476366,151
10094480220,48
10094480222,37
10094480230,53
10094480236,43
10094486179,388
10094486186,311
10094486187,373
10094486188,398
10094489280,112
10094489281,98
10094489315,86
10094496398,69
10094496408,34
10094496917,79
10094496930,72
10094496942,98
10094496947,80
10094496971,91
10094496984,77
10094496988,47
10094501417,103
10094501436,106
10094501440,120
10094501441,128
10094501442,116
10094501443,103
10094501444,112
10094505183,74
10094505188,93
10094505189,60
10094505198,68
10094505199,86
10094505203,68
10094505204,58
10094505205,71
10094505209,86
10094505519,59
10094505520,59
10094505521,73
10094505525,85
10094505539,77
10094505547,49
10094505568,42
10094505569,68
10094505570,75
10094505571,69
10094505572,56
10094505577,97
10094505580,68
10094505585,40
10094507418,101
10094507422,69
10094507427,80
10094507449,68
10094507450,96
10094507451,55
10094507452,99
10094507455,44
10094507456,65
10094507459,67
10094507534,139
10094507535,148
10094507536,181
10094507541,146
10094507542,141
10094507543,117
10094507544,167
10094507549,124
10094507550,195
10094507595,145
10094507608,113
10094507609,132
10094507611,113
10094507612,158
10094507613,126
10094510415,153
10094510416,105
10094511526,74
10094511532,38
10094511536,95
10094511537,71
10094511546,55
10094511553,49
10094511674,36
10094511687,62
10094511688,66
10094511694,58
10094511700,54
10094511701,60
10094511707,73
10094511709,47
10094515526,80
10094515529,47
10094515533,93
10094515558,85
10094515559,82
10094515560,95
10094515581,102
10094515582,84
10094515583,68
10094515584,64
10094515597,53
10094515598,96
10094515607,92
10094515608,73
10094515609,59
10094515610,94
10094515711,90
10094517018,90
10094517019,62
10094517020,69
10094517021,65
10094517022,81
10094517027,60
10094517028,73
10094517034,94
10094519319,79
10094519320,100
10094519321,80
10094519322,142
10094519323,132
10094519325,101
10094519328,94
10094519329,86
10094519331,105
10094519332,123
10094519333,133
10094519334,134
10094519335,141
10094519336,89
10094519337,139
10094519341,114
10094519342,131
10094519343,122
10094519344,147
10094519346,87
10094519347,131
10094519350,128
10094519351,127
10094519352,91
10094519353,105
10094519354,99
10094519355,146
10094519356,202
10094519357,192
10094525925,86
10094525931,97
10094525940,94
10094525941,90
10094533842,84
10094533843,83
10094533855,60
10094533856,51
10094533857,50
10094533858,53
10094533864,45
10094534917,106
10094534926,67
10094534927,96
10094534933,97
10094534938,98
10094534939,97
10094534940,66
10094534941,65
10094535585,113
10094535586,98
10094535596,123
10094535598,157
10094535607,114
10094539766,456
10094540083,79
10094540085,66
10094540093,50
10094540094,70
10094540101,68
10094541777,73
10094541784,114
10094541794,95
10094547518,98
10094547519,86
10094547520,138
10094547522,163
10094547523,177
10094547526,162
10094547538,121
10094547541,183
10094547546,120
10094547547,80
10094547548,149
10094547549,111
10094547550,158
10094547553,118
10094547554,161
10094551552,68
10094551556,44
10094551571,83
10094551580,48
10094551581,39
10094551594,44
10094551595,84
10094551596,61
10094551612,83
10094552020,85
10094558989,54
10094558990,57
10094560350,446
10094575543,55
10094575544,66
10094575550,54
10094575551,98
10094575552,87
10094575553,55
10094575561,52
10094575562,58
10094575572,82
10094575575,73
10094575576,87
10094575577,79
10094575578,88
10094575579,69
10094575580,90
10094575581,92
10094575582,81
10094575583,75
10094575584,96
10094575585,103
10094575586,89
10094575588,36
10094575589,61
10094575776,129
10094575777,151
10094575778,164
10094575780,149
10094575789,125
10094575790,122
10094575794,132
10094575795,160
10094575797,122
10094575798,142
10094575801,168
10094575802,182
10094575804,139
10094575807,130
10094575808,182
10094575809,182
10094575810,156
10094575811,128
10094577322,62
10094577323,90
10094577324,88
10094577325,95
10094577326,40
10094577334,63
10094577337,90
10094577343,89
10094579343,477
10094584618,55
10094584619,80
10094584620,71
10094584621,44
10094584622,62
10094584626,64
10094584627,73
10094584632,39
10094584639,51
10094584640,54
10094584651,70
10094586225,92
10094586226,54
10094586234,37
10094586632,156
10094586633,128
10094586634,122
10094586635,134
10094586636,197
10094586637,91
10094586638,171
10094586639,159
10094586640,132
10094586641,150
10094586642,135
10094586643,135
10094586644,181
10094586645,105
10094586646,115
10094586647,147
10094586650,114
10094586657,178
10094586660,98
10094586669,139
10094588097,323
10094588099,352
10094588100,424
10094588101,300
10094588968,108
10094591425,114
10094593262,254
10094593265,283
10094593292,335
10094593306,343
10094597789,96
10094597790,146
10094597791,130
10094597792,136
10094597793,82
10094597796,135
10094597802,121
10094597803,115
10094597804,166
10094597805,129
10094597806,127
10094597807,119
10094597808,124
10094599368,86
10094599385,135
10094603255,212
10094603256,143
10094609756,132
10094609761,116
10094609762,102
10094609763,121
10094609764,99
10094609766,77
10094609776,127
10094609777,143
10094609781,114
10094609782,103
10094610084,81
10094610085,63
10094610087,90
10094610088,85
10094610091,52
10094610092,73
10094610093,46
10094610100,75
10094610335,392
10094610360,386
10094610365,389
10094610403,261
10094610404,364
10094610409,261
10094610410,272
10094610411,267
10094615287,91
10094615304,75
10094615309,84
10094615310,72
10094620475,389
10094632227,73
10094632228,50
10094632229,51
10094632230,77
10094632231,48
10094632236,59
10094632237,59
10094632243,78
10094632244,54
10094632255,51
10094632256,74
10094634846,98
10094634851,79
10094634861,66
10094634865,91
10094634890,92
10094634914,53
10094634915,79
10094634916,64
10094639553,81
10094639565,65
10094639567,76
10094639590,93
10094639594,82
10094639595,63
10094639601,86
10094639604,52
10094639605,89
10094639610,86
10094640431,346
10094640437,449
10094653430,156
10094653431,150
10094653432,126
10094653433,177
10094653434,205
10094653435,164
10094653437,140
10094653438,165
10094653443,281
10094653444,228
10094653445,252
10094653449,267
10094653450,239
10094653451,141
10094653452,267
10094653453,205
10094653454,188
10094653455,203
10094653456,155
10094653457,143
10094653540,99
10094653541,58
10094653546,74
10094653547,98
10094653551,70
10094653565,100
10094653572,66
10094653573,98
10094653574,60
10094653579,87
10094657850,64
10094657854,91
10094657855,72
10094657864,105
10094657865,61
10094657866,89
10094657867,49
10094657868,82
10094657874,88
10094657875,72
10094657876,89
10094661046,156
10094661047,176
10094661048,179
10094661049,186
10094661050,199
10094661051,128
10094661052,166
10094661053,193
10094661054,202
10094661055,129
10094661056,182
10094661057,198
10094661058,134
10094661062,136
10094661091,185
10094665044,436
10094665049,271
10094665052,467
10094665056,352
10094666542,192
10094666543,257
10094666544,169
10094671543,78
10094671548,69
10094671549,64
10094671550,70
10094671551,42
10094671552,104
10094672718,119
10094672719,115
10094672720,138
10094672726,176
10094672727,104
10094672731,159
10094672741,124
10094672742,100
10094672743,123
10094672744,125
10094672747,95
10094672748,161
10094672749,122
10094672752,180
10094672753,139
10094672755,141
10094684581,269
10094684582,231
10094684583,166
10094684584,157
10094684585,200
10094684586,203
10094684587,234
10094684588,215
10094684589,263
10094684590,200
10094684591,239
10094684592,157
10094684596,191
10094684599,244
10094684602,206
10094684603,250
10094684604,180
10094684605,235
10094684615,239
10094691517,241
10094691518,226
10094691520,219
10094691539,189
10094691541,220
10094693955,63
10094693956,43
10094693958,71
10094693972,56
10094697133,218
10094704245,131
10094704247,161
10094704249,138
10094704259,190
10094704260,147
10094704261,166
10094704262,158
10094704263,118
10094704264,167
10094704265,105
10094704266,193
10094704267,124
10094704268,106
10094704269,141
10094704276,101
10094704286,102
10094704289,112
10094704299,202
10094704302,118
10094704306,164
10094704311,141
10094704316,177
10094706019,195
10094726066,108
10094726070,94
10094726073,91
10094726080,120
10094726084,77
10094726085,64
10094726090,125
10094726091,63
10094726093,92
10094727238,131
10094727239,105
10094727240,206
10094727241,112
10094727242,135
10094727243,138
10094727245,161
10094727246,159
10094727247,176
10094727248,163
10094727249,134
10094727257,76
10094727264,114
10094727269,151
10094727270,119
10094727271,90
10094727277,120
10094727278,145
10094727279,117
10094727280,147
10094727281,131
10094727282,91
10094727283,95
10094741240,287
10094741243,218
10094743796,233
10094743797,217
10094743799,194
10094743800,263
10094743801,191
10094743802,215
10094743803,173
10094743809,300
10094743810,203
10094746493,162
10094746495,82
10094746496,122
10094746501,85
10094746502,146
10094746503,101
10094746504,91
10094746513,104
10094748417,359
10094748447,369
10094748451,267
10094748452,239
10094748486,241
10094750444,96
10094750445,103
10094750446,88
10094750447,93
10094750448,87
10094750449,66
10094750450,87
10094750451,84
10094750452,102
10094750458,87
10094750460,88
10094750467,103
10094750473,103
10094750488,114
10094750489,81
10094750490,119
10094750491,140
10094754997,366
10094755000,208
10094755012,277
10094756125,539
10094756126,507
10094756128,314
10094756129,535
10094756130,512
10094756576,243
10094756578,204
10094756579,225
10094756581,244
10094756582,196
10094756583,223
10094756588,181
10094756589,185
10094759525,225
10094759526,180
10094759528,141
10094759531,256
10094760995,217
10094760996,220
10094760998,194
10094761001,230
10094761012,155
10094761016,141
10094762985,76
10094763192,178
10094763193,216
10094763194,138
10094763197,250
10094763198,236
10094768629,45
10094768630,101
10094771278,145
10094771312,112
10094772544,353
10094773231,107
10094773232,75
10094773236,101
10094773237,47
10094773238,60
10094774326,68
10094774327,77
10094774333,76
10094774334,98
10094774338,77
10094774339,81
10094774340,60
10094774341,101
10094775405,73
10094775409,69
10094775822,169
10094775823,141
10094775827,125
10094775828,112
10094775837,112
10094780617,207
10094780618,287
10094780647,193
10094785050,66
10094785054,45
10094785066,72
10094785071,102
10094785072,64
10094785073,65
10094785078,74
10094785085,76
10094785086,94
10094785087,105
10094785091,66
10094785092,99
10094785093,93
10094785094,112
10094785095,66
10094785096,57
10094785100,50
10094786605,114
10094786606,60
10094786611,98
10094786612,110
10094786613,112
10094790249,102
10094790255,108
10094790256,56
10094790267,109
10094790268,91
10094790277,54
10094790278,54
10094790279,129
10094790287,68
10094790288,98
10094790917,163
10094790918,217
10094790919,206
10094790920,241
10094790921,166
10094790922,178
10094790923,185
10094790924,192
10094793193,254
10094793197,223
10094795299,126
10094795311,56
10094795314,78
10094796420,122
10094801032,136
10094801034,97
10094801036,165
10094801038,115
10094801055,113
10094801063,165
10094801075,106
10094802199,61
10094802200,89
10094802201,86
10094802202,86
10094802203,114
10094802204,65
10094802205,62
10094802206,73
10094802207,65
10094802208,105
10094802209,99
10094808017,93
10094808018,106
10094808019,88
10094808020,121
10094808021,85
10094808022,119
10094808023,90
10094808024,116
10094808025,87
10094808026,84
10094808027,88
10094808032,125
10094808033,72
10094808034,83
10094808057,113
10094808074,85
10094808087,107
10094808088,83
10094809127,191
10094809131,187
10094809132,277
10094809134,181
10094809140,161
10094809147,174
10094809172,120
10094809173,72
10094809174,119
10094809190,67
10094809191,87
10094809192,89
10094809196,81
10094809197,109
10094809198,77
10094809199,60
10094809200,89
10094810455,116
10094810474,133
10094810480,94
10094810482,124
10094810483,73
10094810488,130
10094810489,62
10094810490,119
10094810491,87
10094810504,96
10094810782,107
10094810794,72
10094810795,105
10094810796,107
10094810797,65
10094810798,81
10094810801,51
10094810802,68
10094810803,102
10094810810,74
10094810811,92
10094810812,59
10094810813,45
10094811796,107
10094811797,115
10094811798,155
10094811799,95
10094811800,140
10094811801,118
10094811802,139
10094811803,142
10094811804,110
10094811811,136
10094811812,97
10094817717,267
10094817718,155
10094817719,178
10094817720,211
10094817721,213
10094818023,67
10094818024,65
10094818025,66
10094818026,64
10094818032,62
10094818033,103
10094818041,356
10094818042,292
10094819819,68
10094819822,79
10094819823,106
10094819824,105
10094819829,83
10094819830,62
10094819834,76
10094822265,82
10094822266,71
10094822267,99
10094822271,38
10094822272,62
10094822273,68
10094822274,98
10094822275,49
10094822276,98
10094822277,73
10094822278,74
10094822279,47
10094843913,82
10094843914,70
10094843915,81
10094843916,133
10094850234,137
10094850236,183
10094850237,175
10094850238,204
10094850239,223
10094850242,154
10094850243,227
10094850247,214
10094850248,248
10094850263,190
10094850270,168
10094850272,171
10094850278,239
10094850280,211
10094850292,181
10094850293,154
10094850294,142
10094850297,176
10094850300,145
10094850301,214
10094850303,234
10094850306,149
10094850307,205
10094853551,62
10094853561,70
10094854970,146
10094854988,101
10094854989,120
10094854992,82
10094855014,102
10094859317,83
10094859326,89
10094859342,80
10094870823,413
10094877256,270
10094877263,375
10094879661,180
10094890417,116
10094890418,106
10094890430,107
10094910091,99
10094913768,102
10094913785,121
10094926746,275
10094926754,151
10094926755,163
10094926765,292
10094926766,245
10094931645,277
10094931646,301
10094941269,91
10094941270,72
10094941271,57
10094941272,73
10094941283,69
10094941288,54
10094942839,134
10094942863,89
10094942865,95
10094942866,59
10094942876,69
10094943121,114
10094943132,119
10094943136,115
10094961606,69
10094961607,119
10094961608,77
10094963620,88
10094963623,92
10094963624,113
10094967371,219
10094967375,160
10094969115,104
10094972861,158
10094972864,88
10094976156,88
10094976163,63
10094976207,51
10094976213,53
10094976214,41
10094981447,303
10094981448,158
10094981451,321
10094981454,321
10094981620,54
10094981621,87
10094981627,38
10094981631,53
10094981721,106
10094981722,75
10094981723,111
10094981724,105
10094981729,41
10094981730,86
10094981735,101
10094981746,77
10094986872,198
10094986873,216
10094986874,351
10094986877,211
10094992156,99
10094992157,74
10094992158,102
10094992163,73
10094992171,100
10094992177,109
10094992178,90
10094992190,77
10094992191,79
10094992192,75
10094992200,100
10094992204,68
10094992205,73
10094992214,86
10094992215,62
10095001677,53
10095001683,67
10095006099,69
10095007019,47
10095007020,67
10095007021,58
10095007022,40
10095007032,91
10095008369,238
10095023864,55
10095026023,69
10095026029,82
10095026031,91
10095026041,91
10095026046,74
10095026047,88
10095026053,101
10095026055,57
10095026056,60
10095026069,72
10095026082,101
10095026091,62
10095026095,62
10095026096,53
10095026097,102
10095026100,56
10095026102,94
10095026103,73
10095026105,100
10095028620,273
10095042450,333
10095045273,123
10095045274,95
10095045275,136
10095045276,92
10095046069,88
10095046085,79
10095046095,87
10095046420,74
10095046421,80
10095046422,52
10095046423,77
10095046424,60
10095046425,104
10095046427,74
10095046436,82
10095066244,65
10095066255,110
10095066291,92
10095066297,70
10095066300,91
10095066301,72
10095066302,38
10095066303,55
10095066308,57
10095066309,73
10095066314,46
10095066315,96
10095080613,84
10095081654,120
10095081655,141
10095081656,108
10095081657,103
10095082222,131
10095082719,59
10095082721,75
10095082722,69
10095082724,66
10095082725,73
10095082730,74
10095082731,96
10095082734,63
10095082735,90
10095082737,58
10095082745,81
10095082746,64
10095082755,94
10095082762,51
10095082775,51
10095082781,84
10095083225,204
10095083232,262
10095091905,48
10095091910,56
10095091913,72
10095103713,116
10095103714,122
10095111474,100
10095115119,61
10095115125,80
10095115126,62
10095115137,93
10095115143,59
10095115148,63
10095115156,102
10095115162,94
10095115163,83
10095115180,105
10095121077,304
10095121084,302
10095121085,317
10095121086,272
10095128422,92
10095128423,66
10095128424,69
10095128425,86
10095128428,87
10095128452,69
10095128458,87
10095133965,234
10095133966,228
10095133967,303
10095133968,214
10095133969,290
10095133979,251
10095133980,180
10095143182,124
10095143183,91
10095143186,122
10095143215,117
10095145726,110
10095145727,121
10095145728,102
10095145729,90
10095145730,105
10095145762,111
10095145768,81
10095145769,77
10095145770,102
10095145771,128
10095145772,86
10095153997,100
10095153998,77
10095154003,101
10095154006,107
10095154015,72
10095154016,83
10095157864,337
10095157871,345
10095161417,92
10095161418,102
10095161419,86
10095161432,81
10095161433,76
10095161434,109
10095161445,69
10095161447,102
10095161448,72
10095161452,71
10095161453,66
10095163806,249
10095163807,204
10095163808,225
10095163816,185
10095164848,53
10095164849,87
10095164850,40
10095164851,60
10095164852,52
10095164863,80
10095165019,87
10095165020,106
10095165021,116
10095165025,72
10095165026,81
10095165027,76
10095193864,260
10095193871,181
10095193872,238
10095193876,300
10095193877,166
10095193879,216
10095193880,291
10095193884,316
10095193885,185
10095207541,97
10095207553,103
10095207555,99
10095207578,111
10095207584,79
10095207586,145
10095207605,114
10095207611,112
10095207615,98
10095207616,88
10095211117,226
10095211139,141
10095211142,247
10095211549,310
10095211550,390
10095217058,85
10095217622,82
10095217629,79
10095218993,81
10095219294,57
10095219295,46
10095219296,28
10095219297,73
10095219298,48
10095219299,61
10095219302,29
10095219314,46
10095219316,44
10095233819,88
10095233824,58
10095233829,73
10095233837,55
10095233838,37
10095246075,126
10095265300,153
10095265301,206
10095265305,241
10095265306,154
10095265307,161
10095290287,86
10095319849,150
10095319858,163
10095319859,87
10095739661,503
10095739663,509
10096656047,350
10096659110,65
10096659111,115
10096659112,55
10096676487,241
10096676494,152
10096704550,51
10096704551,33
10096704552,73
10096704553,69
10096704554,76
10096708815,312
10096711370,97
10096728651,80
10096728652,29
10096728663,54
10096728664,75
10096728665,70
10096728666,53
10096728673,46
10096728674,56
10096728679,66
10096728683,48
10096728687,33
10096730844,53
10096730846,80
10096730849,84
10096730855,65
10096730899,78
10096733410,109
10096733416,84
10096752895,77
10096755541,32
10096755547,32
10096755557,34
10096755567,47
10096755568,28
10096755569,42
10096755570,71
10096755571,30
10096755572,76
10096755577,41
10096755579,71
10096755583,46
10096755584,55
10096755585,67
10096755586,65
10096755587,46
10096755592,33
10096760295,322
10096768160,50
10096768161,34
10096768162,33
10096768171,70
10096768175,53
10096768176,54
10096768185,42
10096768191,53
10096768196,30
10096768197,36
10096768200,54
10096768201,43
10096768202,59
10096768203,25
10096768204,68
10096768205,25
10096774740,482
10096777300,385
10096777817,53
10096777818,92
10096777822,70
10096777823,99
10096777824,78
10096777825,79
10096777827,73
10096780144,53
10096780145,39
10096780148,42
10096780156,33
10096780157,50
10096780158,35
10096780159,28
10096780160,53
10096780165,60
10096780166,67
10096780167,75
10096780181,50
10096780182,34
10096780183,52
10096780184,61
10096780185,53
10096780188,44
10096780190,36
10096780200,43
10096780201,44
10096780202,45
10096780208,43
10096780212,60
10096780213,24
10096780214,51
10096780215,52
10096794936,389
10096794937,413
10096796867,53
10096796868,32
10096800868,49
10096800869,67
10096800870,31
10096821073,78
10096848846,157
10096848851,142
10096848852,203
10096848853,192
10096848854,183
10096848855,129
10096848856,138
10096848857,132
10096848858,173
10096848878,124
10096848883,171
10096848893,196
10096848894,197
10096848895,226
10096848896,185
10096848897,166
10096848898,266
10096848902,134
10096848920,356
10096848921,294
10096850600,382
10096850612,411
10096850615,367
10096855531,30
10096855537,80
10096855542,39
10096855563,43
10096855600,41
10096855606,35
10096855607,73
10096855612,65
10096898730,46
10096898735,68
10096898737,43
10096898740,72
10096898741,35
10096898753,35
10096898771,52
10096899842,51
10096899843,50
10096903819,38
10096907807,76
10096907808,72
10096926236,554
10096950244,69
10096950247,117
10096950568,167
10096950571,119
10096954592,246
10096954595,380
10096957714,103
10096967738,78
10096967741,78
10096967743,67
10096967745,55
10096967746,137
10096982881,237
10096982883,247
10096982884,219
10096982885,307
10096982886,335
10096985268,112
10096985277,120
10096985288,165
10096985297,113
10096985302,95
10096985307,120
10096985309,160
10096986303,368
10096986308,378
10096994488,78
10096994492,116
10096994497,66
10096994498,85
10096994502,108
10096994507,105
10096994508,96
10096994509,92
10096994510,60
10096994511,94
10096994512,92
10096994513,75
10096994514,49
10096994515,61
10096994516,120
10096996217,116
10097003758,409
10097003759,379
10097003760,319
10097003766,331
10097003773,234
10097003780,336
10097003791,329
10097003794,351
10097003795,290
10097012281,289
10097012290,402
10097016451,89
10097016474,61
10097016479,29
10097016480,79
10097016485,71
10097016486,43
10097016487,79
10097016488,68
10097016494,66
10097016497,69
10097016498,38
10097016499,56
10097016503,33
10097016504,73
10097016507,54
10097016510,52
10097016525,75
10097016529,90
10097016556,61
10097016562,84
10097016566,83
10097016567,102
10097020373,78
10097020374,136
10097020378,123
10097020386,129
10097020391,139
10097020395,108
10097020396,128
10097020519,63
10097020529,82
10097020530,47
10097020531,57
10097020532,98
10097020533,116
10097020534,76
10097020535,89
10097020546,87
10097020547,94
10097020549,81
10097020553,53
10097034318,108
10097034319,98
10097034345,100
10097034352,109
10097038836,311
10097038837,277
10097038838,326
10097038839,229
10097041164,60
10097041168,70
10097041169,51
10097041172,83
10097041175,54
10097041176,68
10097041184,64
10097041193,73
10097041194,33
10097041195,51
10097041196,63
10097041200,73
10097041205,56
10097047973,97
10097065492,113
10097065649,70
10097065652,58
10097065657,58
10097065664,71
10097065665,58
10097065669,53
10097065670,86
10097065675,63
10097065677,39
10097065678,64
10097065680,96
10097065706,52
10097065711,58
10097065712,78
10097067871,105
10097067888,63
10097067900,148
10097067919,77
10097070595,361
10097070698,184
10097070699,174
10097070700,117
10097070701,180
10097070702,182
10097070703,194
10097070704,129
10097070705,118
10097070706,221
10097070707,193
10097070711,151
10097070714,179
10097078017,57
10097078018,91
10097078019,80
10097078023,101
10097083821,443
10097083828,464
10097083833,376
10097083930,88
10097083932,103
10097083934,117
10097083935,98
10097083936,85
10097083937,79
10097083938,128
10097083939,101
10097083941,123
10097083943,107
10097083948,102
10097090045,127
10097090048,82
10097090052,82
10097090053,110
10097090058,114
10097093721,132
10097093722,149
10097093723,164
10097093724,148
10097093725,189
10097093726,197
10097093727,177
10097093728,137
10097093729,111
10097093730,140
10097093731,170
10097093732,130
10097093733,186
10097093734,197
10097093735,189
10097093737,144
10097093738,143
10097093753,103
10097099620,372
10097099624,269
10097099625,323
10097099626,194
10097111146,95
10097111147,92
10097111148,61
10097115757,86
10097115774,82
10097115775,89
10097115782,137
10097123997,69
10097124013,115
10097129117,60
10097129124,116
10097129125,132
10097129126,99
10097129127,147
10097129128,113
10097129129,109
10097129130,84
10097129132,130
10097129159,143
10097154276,308
10097154277,284
10097166794,96
10097166795,82
10097166796,72
10097166797,135
10097166798,98
10097166799,100
10097166803,86
10097166804,105
10097166805,96
10097166807,125
10097166812,127
10097166813,120
10097166815,107
10097166816,82
10097167117,125
10097167119,122
10097167123,126
10097167124,98
10097167125,92
10097167126,92
10097167127,128
10097167128,77
10097167133,91
10097167136,120
10097167138,102
10097167139,101
10097167144,123
10097167145,126
10097167146,120
10097167152,89
10097167153,131
10097167209,455
10097167210,471
10097186209,451
10097188627,74
10097188628,81
10097188629,80
10097188630,90
10097188631,80
10097188632,62
10097188645,93
10097188646,123
10097188647,80
10097188649,116
10097188650,141
10097188653,90
10097188654,67
10097188655,52
10097188656,109
10097188657,48
10097188658,131
10097188674,126
10097188677,125
10097188681,94
10097188682,142
10097188691,146
10097188709,163
10097188713,153
10097194073,77
10097194075,50
10097211232,329
10097211234,479
10097211235,312
10097211237,347
10097212982,64
10097212983,91
10097217067,94
10097217080,92
10097217082,54
10097217083,39
10097217084,39
10097223353,450
10097227838,47
10097229090,90
10097229097,113
10097242705,81
10097242715,108
10097243023,97
10097264011,428
10097264012,414
10097264013,284
10097264016,450
10097278013,151
10097278014,108
10097303736,119
10097303737,152
10097303747,147
10097303748,143
10097303749,179
10097303752,142
10097303754,152
10097303755,177
10097303757,85
10097303758,141
10097303759,113
10097303765,106
10097303766,161
10097304240,408
10097304241,276
10097304242,348
10097304243,295
10097304244,450
10097304256,358
10097323280,112
10097323281,161
10097323282,133
10097323286,147
10097323289,102
10097323293,101
10097323305,101
10097323311,129
10097323313,93
10097323314,129
10097323316,168
10097327851,108
10097327852,143
10097348120,91
10097348127,68
10097348128,109
10097348517,451
10097349133,74
10097354427,369
10097354428,453
10097354436,369
10097357230,70
10097359632,122
10097359661,125
10097359662,158
10097395619,75
10097395620,141
10097395622,134
10097395624,97
10097406450,281
10097406453,350
10097406454,305
10097406455,270
10097406456,229
10097406458,315
10097406459,256
10097411629,129
10097411630,169
10097411633,172
10097411636,168
10097411637,152
10097411640,139
10097411643,118
10097425854,528
10097425859,375
10097463674,104
10097463676,124
10097463677,196
10097463678,146
10097463683,193
10097463694,175
10097463712,118
10097472045,466
10097472048,465
10097472050,313
10097472056,298
10097472057,411
10097472059,339
10097472060,353
10097472061,494
10097472062,324
10097472064,380
10097478489,175
10097478490,169
10097478491,196
10097478492,155
10097478493,241
10097482618,161
10097482619,167
10097482620,200
10097482621,126
10097482627,160
10097482645,204
10097482646,170
10097482647,225
10097482648,172
10097482650,209
10097482664,117
10097482665,112
10097482666,142
10097482667,188
10097574095,102
10097574096,101
10097574097,180
10097574103,132
10097579132,304
10097579134,224
10097579135,376
10097579136,375
10097579137,376
10097579138,253
10097579142,310
10097579143,322
10097579149,422
10097580722,143
10097580726,173
10097580732,117
10097580733,105
10097580734,171
10097580735,159
10097580736,115
10097580737,143
10097580738,117
10097583952,146
10097583953,144
10097583957,89
10097583958,148
10097583960,123
10097583968,130
10097583969,134
10097583970,161
10097583971,118
10097583976,145
10097583977,138
10097583978,164
10097583990,131
10097593915,193
10097596075,263
10097596076,401
10097604901,196
10097604902,135
10097607718,200
10097607719,180
10097607725,130
10097607727,147
10097607732,205
10097607733,171
10097607742,192
10097607743,233
10097607748,149
10097609037,233
10097609040,242
10097621296,164
10097621297,95
10097624157,155
10097624161,184
10097624165,141
10097624175,160
10097628521,122
10097628522,175
10097628526,138
10097628527,142
10097628529,169
10097628539,113
10097630241,133
10097630261,162
10097630270,140
10097630271,97
10097630275,159
10097639411,96
10097647259,85
10097647261,91
10097652510,166
10097652516,113
10097654122,133
10097654135,180
10097829422,124
10097829423,163
10097829424,142
10097829425,138
10097829426,107
10097829437,133
10097829438,93
10097829439,118
10097829440,106
10097829441,134
10097829450,138
10097829457,80
10097829465,113
10097829466,157
10097925187,161
10097925188,215
10097951873,117
10097951874,99
10097951875,124
10097951886,134
10097951888,82
10097951890,97
10097951891,159
10097951893,176
10097951895,165
10097951896,145
10097951897,110
10097951898,114
10097960524,94
10097960547,103
10097960568,156
10097960569,95
10097967750,112
10097967757,118
10097967758,137
10097967766,166
10097967779,174
10097967789,136
10097967791,188
10097983521,173
10097993224,127
10097993225,148
10097993226,106
10097993233,167
10097993234,171
10097993235,143
10097993236,123
10097993241,143
10097993242,219
10097993246,148
10097993249,224
10097993253,160
10097993254,156
10097993256,160
10097993257,123
10097993265,178
10098003777,145
10098003778,144
10098003779,140
10098003786,127
10098003787,183
10098003788,125
10098003789,184
10098003790,137
10098003791,163
10098003792,113
10098003793,117
10098003794,166
10098003795,186
10098003799,154
10098003800,121
10098013519,159
10098013520,196
10098013544,139
10098029812,131
10098029813,145
10098029814,191
10098029815,142
10098029816,147
10098069777,182
10098069779,182
10098069784,135
10098069793,170
10098069803,208
10098069804,198
10098077051,121
10098077060,204
10098077066,181
10098077067,148
10098077068,118
10098077072,233
10098077084,127
10098077088,121
10098077090,189
10098077091,203
10098077092,147
10098077093,202
10098077094,205
10098077100,216
10098095823,198
10098095839,134
10098095840,262
10098110117,166
10098110120,169
10098110121,113
10098110150,197
10098110151,145
10098110152,186
10098110153,145
10098110154,198
10098110155,118
10098110162,190
10098110163,193
10098110164,165
10098110165,226
10098110166,182
10098118150,197
10098118163,167
10098118164,209
10098118165,230
10098118166,152
10098118172,227
10098118182,141
10098118183,202
10098118188,155
10098118195,126
10098118196,174
10098118197,140
10098118198,186
10098119062,166
10098119070,192
10098119071,142
10098119079,220
10098119080,223
10098119081,180
10098119082,147
10098119088,185
10099903378,331
10099903396,443
10099903397,327
10099903398,326
10099903403,321
10099903503,158
10099909388,160
10099909389,210
10099909397,239
10099909398,151
10099909400,84
10099909414,79
10099909416,195
10099919017,225
10099935367,352
10099935384,394
10099935404,507
10099935410,374
10099982146,386
10099982150,345
10099982154,313
10099982161,312
10099982162,451
10099982173,452
10099982208,411
10099982211,476
10099982212,355
10099982215,317
10100002929,335
10100002937,312
10100002943,537
10100002963,351
10100002971,346
10100002977,521
10100002982,410
10100002984,366
10100002985,370
10100002986,350
10100030919,325
10100030999,435
10100031000,379
10100031012,321
10100031015,478
10100031016,289
10100031019,391
10100031020,317
10100031023,293
10100031024,422
10100031025,323
10100049177,53
10100049178,95
10100049179,83
10100049180,93
10100057876,289
10100098387,369
10100098388,405
10100098389,382
10100126968,358
10100126969,396
10100129939,418
10100129940,424
10100149560,373
10100174783,383
10100304578,348
10100304582,463
10100304590,407
10100304603,376
10100306609,334
10100306612,411
10100306615,377
10100306616,388
10100330768,460
10100330769,326
10100330770,357
10100330771,265
10100330772,268
10100330773,335
10100330777,350
10100330781,270
10100370121,260
10100370122,429
10100377617,464
10100377633,360
10100966860,108
10100966864,66
10100966865,75
10100966873,48
10107942647,277
10110728855,427
10110904536,331
10110997241,52
10110997249,62
10110997253,64
10110997254,34
10110997515,341
10110997687,290
10112288031,105
10112288032,100
10112288035,139
10112288036,141
10112288048,142
10112288055,93
10112288060,138
10112288075,92
10112288076,138
10112288077,130
10112288078,106
10112288080,103
10112288081,128
10112288083,105
10112297459,152
10112297460,142
10112297461,139
10112297471,107
10112297472,132
10112297475,137
10112297476,109
10112297477,88
10113293689,65
10113293690,50
10116438746,179
10116556573,85
10116556575,93
10118797274,311
10127515772,51
10127515773,60
10127515778,56
10127515779,75
10127515780,71
10127515781,40
10127515783,45
10127515784,75
10127515789,58
10127515790,84
10127515792,43
10127515793,38
10127515794,52
10127515795,90
10127515796,90
10127579104,154
10127579106,91
10127579110,129
10127601248,35
10127601258,51
10127601579,78
10127601580,35
10127601581,66
10127601583,32
10127601584,53
10127601585,38
10127601586,49
10127601587,65
10127601588,76
10127601591,79
10127601592,35
10127601594,59
10127601595,54
10127601598,89
10127601599,94
10127601601,61
10127605285,71
10127605287,96
10127605289,60
10127605290,103
10127605292,58
10127605295,89
10127605632,41
10127605709,48
10127605711,46
10127605712,57
10127605714,31
10127605715,74
10127605716,50
10127605717,30
10127605720,72
10127605721,64
10127605722,35
10127605723,28
10127605724,72
10127605725,49
10127605726,48
10127605821,56
10127605822,68
10127605827,57
10127605830,73
10127605831,60
10127605832,37
10127605833,42
10127605834,69
10127605835,68
10127605868,52
10127605869,60
10127605875,62
10127605879,53
10127605881,62
10127605885,54
10127605888,74
10127605890,55
10127605891,45
10127605892,83
10127605896,54
10127605902,73
10127605903,50
10127605904,71
10127605905,38
10127605906,72
10127605907,85
10127605979,44
10127606150,90
10127606154,38
10127606155,60
10127606156,55
10127606157,34
10127606158,50
10127606160,92
10127606161,71
10127606166,77
10127606167,89
10127606979,71
10127623930,161
10127623934,90
10127623936,149
10127623937,107
10127629079,493
10127629080,498
10127629082,593
10127629083,600
10127643263,136
10127903737,160
10127903762,156
10127903763,253
10127903787,137
10130220379,124
10130815851,296
10130815858,370
10131852949,259
10135066980,88
10135090704,159
10137548870,43
10137548871,51
10137548872,61
10137548987,73
10137548992,36
10137548994,43
10137548995,56
10137548996,64
10137548998,44
10137548999,68
10137549000,44
10137549001,71
10137549002,26
10137549003,51
10137549004,40
10137549050,74
10137549052,71
10137549054,53
10137549067,68
10137549071,69
10137549072,66
10137549075,46
10137549080,88
10137549081,45
10137549082,35
10137549083,68
10137549088,56
10137549090,50
10137549092,85
10137549093,93
10137549094,73
10137549096,93
10137549100,53
10137549101,80
10137549103,48
10137549105,67
10137549108,55
10137549109,82
10137549110,52
10137549111,59
10137549113,46
10137549115,99
10137549116,68
10137549117,89
10137549118,72
10137549124,62
10137549125,53
10137549126,37
10142148968,96
10142148969,73
10142269994,72
10142269997,49
10142537411,353
10142540514,54
10150093833,185
10154452478,139
10154452479,181
10154452480,164
10154629560,67
10156192455,75
10156912012,82
10156934535,117
10158671115,215
10164697270,299
10164697271,289
10164770601,251
10164770602,234
10164770603,355
10165804155,207
10165915995,58
10165915998,51
10166264950,377
10166264951,304
10168352978,60
10168352979,67
10168845027,149
10170505807,176
10170505808,322
10171077399,493
10171077400,479
10171077401,458
10171077402,463
10171077405,515
10171106696,168
10171106697,267
10171106698,246
10171106699,198
10171106701,183
10171106705,245
10171106706,249
10171106710,170
10171106711,173
10171106712,223
10171288713,231
10171520111,82
10171520112,103
10172868216,99
10172894027,297
10173532340,82
10173559805,323
10174933808,69
10174933809,33
10175060989,138
10175060990,123
10175060992,123
10175104294,234
10175104298,215
10175425862,179
10175450888,131
10175596690,83
10175596691,57
10175879741,175
10182540278,467
10182540279,331
10185423011,422
10185423012,494
10187586429,297
10188289472,424
10198875074,91
10199117043,414
10199117045,446
10206577858,62
10206671991,442
10206671994,449
10206671996,555
10206999456,227
10206999457,167
10207110907,391
10207110908,530
10208786217,82
10208786221,97
10209009743,123
10209451704,74
10211113554,55
10211327922,54
10211327926,71
10211964970,190
10211964971,113
10211964972,126
10212010934,113
10213707497,139
10213707499,128
10213707500,236
10213888651,406
10214300242,64
10214300243,46
10214549192,297
10214549196,237
10216247287,77
10216247290,73
10216247294,53
10216247297,62
10216247304,58
10216247305,77
10216247306,47
10216340337,65
10216340339,52
10216340340,70
10216340345,61
10216834269,65
10216834272,95
10216834273,46
10216834274,49
10222939242,114
10222939245,111
10222939246,97
10222939247,91
10223019098,275
10223019102,246
10223231882,355
10224728924,91
10224728925,41
10224852442,184
10224852443,120
10224852446,157
10225119919,338
10225119925,429
10225123896,105
10226893896,98
10226937851,312
10226937852,278
10227860514,313
10227900117,413
10228068750,162
10228068755,58
10228068756,64
10228104319,195
10228104338,168
10228104340,172
10228104347,259
10228104348,195
10228104355,280
10228275725,45
10228451741,52
10228451743,62
10228451744,47
10228451745,59
10228451749,43
10228451750,60
10229689500,285
10229689501,261
10229689502,201
10229689503,158
10229985355,125
10229985358,121
10229985359,135
10229985362,155
10230188362,58
10230188363,59
10230188364,90
10230391113,74
10230398020,358
10230398021,396
10230398024,335
10230398026,453
10230398028,321
10230684621,513
10230684634,352
10232297450,77
10232297452,105
10232297459,103
10232297460,93
10232297461,92
10232297462,118
10232297464,82
10232800915,78
10232817817,28
10232817818,31
10232817819,54
10232817821,80
10232817822,32
10232817823,58
10232817824,28
10232817841,43
10232817846,61
10232859330,63
10236604787,196
10236604791,197
10236604795,171
10236661512,282
10236661516,359
10236661517,290
10240021111,294
10240021114,343
10240021198,99
10240021199,74
10240021202,89
10240021203,84
10240021204,101
10240023516,82
10240023521,89
10240070322,99
10240070323,92
10240070328,66
10241624859,455
10241624860,360
10241624861,293
10242162794,77
10242162799,104
10242231180,40
10242231181,65
10242231183,55
10242231185,48
10242231188,67
10242231190,58
10242231192,70
10242231193,48
10242231200,29
10242231201,34
10243999639,304
10243999640,296
10243999641,267
10243999642,283
10244200666,60
10244200667,91
10244422010,313
10244425962,226
10244425964,220
10244425966,227
10244425968,203
10244425971,224
10244425975,192
10244541256,158
10245840425,86
10245840427,85
10245840431,120
10245840438,88
10245852124,72
10245852125,88
10245852126,83
10245852127,76
10246163212,289
10246163214,212
10246163223,263
10246426879,140
10246540790,110
10246540806,86
10246540807,78
10248456317,471
10248456318,468
10248456384,201
10254668999,234
10254669000,267
10254968126,329
10254991119,520
10254991120,322
10254991130,436
10255078961,54
10255078962,25
10255079130,61
10255079136,70
10255288441,287
10255341295,36
10255341296,35
10255362294,68
10255362295,63
10255476202,336
10255476203,322
10258938717,110
10258938718,95
10258938723,81
10258938728,121
10258943296,111
10258980828,288
10258980949,51
10258980950,49
10259425373,350
10259425377,370
10259425378,370
10259425379,375
10261835705,233
10262380528,105
10262388206,219
10262398210,144
10262398211,167
10262398214,193
10264231612,201
10264231613,253
10264231614,291
10264231616,278
10264231617,333
10264231618,232
10264441663,128
10264695046,388
10264695048,513
10264695049,367
10264695050,410
10264785926,307
10264785927,211
10264874584,292
10264874585,242
10266688531,115
10266688533,133
10266688534,79
10266688535,133
10266688536,97
10266893880,278
10266893881,264
10267081566,46
10267433342,121
10267433343,170
10269281885,81
10269281886,87
10269281887,102
10269281888,81
10269281889,102
10269281890,132
10269281891,132
10272242352,139
10272371119,458
10272371125,332
10272514673,38
10273082023,123
10273114140,53
10273114160,317
10273114163,247
10273114164,306
10273114166,288
10273114168,392
10275381230,262
10275381231,274
10275381232,206
10275381233,317
10277173470,223
10277173471,164
10277173473,238
10277173475,172
10277365871,185
10277365872,186
10277365873,205
10277761445,284
10277761446,380
10277761447,253
10277761448,247
10277761450,221
10277851270,112
10279621505,183
10279621506,151
10279621507,197
10279621508,293
10279916865,163
10279916867,169
10279916868,239
10279916869,226
10279916870,174
10279916871,279
10279916875,252
10279916877,228
10281649943,103
10282162607,353
10282162608,229
10282163613,386
10282163624,235
10282163626,278
10282163627,261
10287015908,226
10287292032,93
10287292034,80
10287292035,61
10289444502,108
10289453127,81
10289453128,51
10290624829,73
10290624837,75
10290624841,84
10290624845,57
10290624846,37
10290624847,78
10290624848,87
10290624849,66
10290624892,494
10290624893,541
10290624894,312
10290815691,259
10290815708,326
10290824609,420
10290824611,410
10290843603,117
10290843607,100
10291069840,191
10291069841,215
10291069844,211
10291069845,248
10291069846,288
10291069847,221
10291069850,245
10291069854,61
10291069855,79
10291069857,59
10291074545,509
10291074546,537
10292691367,303
10292900404,95
10292900405,81
10293019775,398
10293019777,375
10293019782,264
10293019783,473
10302899074,178
10304107592,211
10304507340,58
10304507341,49
10307985250,148
10307985257,213
10307985258,192
10307985259,185
10308070486,197
10308070488,243
10308070489,259
10308070490,278
10308070491,225
10308070492,199
10308070493,169
10308266229,321
10308266230,320
10309186927,118
10309186935,89
10309186936,145
10309186938,152
10310120544,100
10310473422,173
10310632999,135
10310633000,108
10310658115,110
10310658116,72
10310812084,110
10310812086,99
10314405664,228
10316068263,111
10316068290,87
10316205982,278
10316465777,317
10316465782,220
10316780300,67
10536264556,117
10536397460,250
10536397461,221
10536685355,135
10538439763,294
10538439767,301
10538439768,261
10538551079,79
10538551080,123
10538573352,102
10538573356,78
10538573357,75
10538594422,49
10538594423,51
10538594424,52
10538594425,44
10538594428,52
10538594432,64
10538594433,32
10538594436,50
10538594437,37
10538594438,57
10538603972,45
10538603974,82
10538603975,43
10538603977,71
10538603979,49
10538603980,62
10538603981,58
10538603982,85
10538603983,32
10538603984,51
10538603986,79
10538697171,63
10538697172,59
10538697173,56
10538697176,60
10538697177,57
10538697178,33
10538697179,68
10539049693,125
10539049697,151
10539049704,96
10539049705,99
10539051555,92
10539051557,183
10539123451,91
10539123457,59
10539123458,91
10539123459,93
10539123462,76
10539123463,101
10539123464,66
10539123465,95
10539123466,96
10539123467,80
10539123469,56
10540292210,86
10540292218,66
10540292238,59
10540292239,47
10540292241,31
10542436302,360
10542436305,254
10542725053,210
10547872829,134
10550579878,415
10550579880,196
10556386032,70
10556386033,66
10556386034,92
10556386035,90
10556409755,61
10559230434,95
10559461741,257
10559609535,54
10561455588,111
10561455591,95
10561455592,72
10561455593,96
10561455594,49
10561684287,22
10561684288,57
10561684289,61
10564712649,240
10566949539,78
10566973626,308
10566973627,332
10566973628,377
10567665020,207
10567665021,146
10567665023,199
10567665024,227
10567665025,145
10567778438,262
10570142418,70
10570352824,394
10570352825,460
10570425707,75
10570425708,59
10570451609,70
10575899753,67
10575899754,77
10576084051,51
10578232790,371
10578232791,227
10578573155,105
10578741827,104
10580704587,157
10580704588,248
10580704589,237
10580704591,263
10580704592,293
10580704593,167
10580972839,67
10580972840,43
10580972841,46
10580972842,36
10580972844,66
10580972845,33
10581563221,183
10581563227,148
10581563261,263
10581828333,75
10581833192,56
10581842316,45
10583672167,283
10583672168,383
10583826097,55
10583826098,59
10583826103,41
10584112883,356
10593440338,252
10593671393,261
10595428380,251
10595539492,215
10595539497,275
10598319020,174
10598319021,186
10598319022,229
10598319023,313
10598319025,180
10600574931,192
10600701246,198
10600701247,228
10600701299,147
10600701300,122
10600701301,170
10600701302,124
10600701303,189
10601044216,113
10601044217,93
10603465697,64
10603465698,70
10603484528,38
10604660953,99
10604660968,114
10604660971,89
10604660972,108
10617420746,128
10628528942,52
10631111388,419
10631111389,362
10631111390,251
10631233715,42
10635750716,65
10636094107,187
10636094155,65
10636094319,96
10636155764,97
10636657286,315
10636657291,442
10636657302,450
10637913940,59
10637913941,79
10653480128,397
10653480131,363
10653480132,349
10653480133,368
10654020919,89
10654020920,61
10657610041,415
10657610061,60
10657610062,89
10665055696,216
10666212202,59
10666212207,50
10669300900,381
10669300901,449
10669300904,339
10669347315,309
10669347316,367
10672725310,271
10673327079,91
10673327083,76
10682425872,86
10682425873,117
10682425876,61
10684819671,48
10687414874,398
10688107792,325
10690284604,214
10690284607,256
10695146802,253
10695191038,63
10695191039,56
10698715747,47
10698715748,24
10698715749,67
10698715756,39
10699440157,60
10699440158,83
10703216881,383
10703216884,493
10703253714,425
10703253720,387
10703755552,102
10703755553,77
10711363074,96
10711363075,100
10711363076,67
10711363077,86
10711479847,153
10712541277,208
10712594038,77
10712594039,75
10718390545,85
10718390547,94
10718442739,82
10718442740,74
10718442741,46
10718442742,60
10718442743,31
10718442763,57
10718442766,69
10718442772,82
10718442773,50
10718442774,67
10718442781,58
10718442792,57
10718442804,41
10718442805,76
10718442810,47
10718442811,78
10718627242,74
10718857369,419
10718857373,441
10719001057,147
10719001058,126
10719001061,156
10719001062,146
10720509623,202
10720509643,165
10720509683,143
10720509813,125
10720509819,151
10720509820,156
10720509822,156
10720509828,97
10720509829,87
10720509833,153
10720509857,131
10720509860,90
10720509865,115
10720524111,353
10720524112,406
10723261369,309
10723261375,202
10725443597,92
10728888177,68
10728888179,37
10728888180,53
10728888186,41
10728969635,61
10728969637,76
10729492037,53
10729492038,63
10729492039,72
10729492041,73
10729492042,67
10729492045,56
10729492060,38
10729492063,53
10729492064,80
10729492067,64
10729549276,72
10729549282,114
10729549283,84
10729549285,120
10729549286,119
10729549287,65
10729549288,83
10729549289,127
10729549290,116
10729549292,122
10729549295,69
10729549625,86
10729549629,70
10729549630,75
10731390847,47
10733458697,79
10733458698,44
10733458699,80
10733458700,53
10733458701,58
10733458702,40
10733458703,57
10733461005,76
10733461007,36
10733461008,83
10733461009,73
10733461011,38
10733461014,58
10733461015,90
10733461016,91
10733461077,71
10733461078,36
10733461079,62
10733461080,36
10740538946,86
10740538947,64
10740538948,74
10740538950,94
10740538953,100
10740538956,55
10740538957,64
10740616968,69
10740616970,37
10742959529,117
10742959530,91
10742959534,99
10742959535,146
10742959569,110
10742959570,136
10742959571,91
10742959582,137
10742959583,135
10742959585,123
10742959586,104
10742959709,108
10742959713,116
10742959716,77
10742959729,59
10742959733,71
10742959738,117
10742959744,62
10742959747,59
10742959748,99
10742959749,49
10742959753,63
10742959754,82
10742959755,64
10742959756,82
10742959761,62
10742959764,91
10742959783,116
10742959784,75
10742959785,104
10742959786,111
10742959787,82
10742959788,93
10742959792,120
10742959793,81
10742959794,101
10742959798,87
10742959799,110
10742959800,85
10742959801,84
10742959802,93
10742959808,83
10742959809,111
10742959810,95
10742959811,63
10742959812,90
10742959813,71
10742959814,110
10742959816,84
10742959817,92
10742959823,62
10742959824,57
10742959825,56
10742959826,77
10742959827,79
10749294361,318
10749294362,346
10749294363,369
10749294365,553
10749294366,352
10749422010,84
10749422014,98
10749422017,103
10749422018,93
10749422347,61
10749422352,55
10749422353,60
10749422358,87
10749422359,66
10749422360,67
10749422361,39
10749422366,71
10749422367,67
10749422368,68
10749422369,53
10749422370,71
10749422371,56
10749422372,75
10749422377,83
10749422378,77
10749422379,40
10749422385,80
10749422386,71
10749422387,69
10749422388,59
10749422389,97
10749422390,70
10749422391,75
10749422394,58
10749422395,98
10749422413,130
10749422427,128
10749422434,84
10749422448,78
10749422450,102
10749422451,60
10749422454,46
10749422462,91
10749422463,99
10749422467,45
10749422470,76
10749422498,69
10749422514,134
10749422518,147
10749422551,163
10749422552,134
10749422555,103
10749422556,132
10749422557,138
10749422575,246
10749422579,183
10749422580,216
10749422581,270
10751399705,55
10751399716,82
10751399717,80
10751399718,93
10751399782,71
10761937058,64
10761937059,59
10761937061,71
10761937063,34
10761937076,59
10762052366,61
10762052367,47
10762052373,32
10762052374,80
10762052375,54
10762052376,61
10762052396,57
10762052397,75
10762075851,67
10762075852,81
10762075873,92
10762075875,49
10762075880,111
10762075881,73
10762075882,80
10762075884,87
10762075885,107
10762075886,91
10762097327,114
10762097331,47
10772973253,110
10772973257,105
10772973260,100
10773515417,186
10773515418,243
10773515421,194
10773515422,182
10773576954,103
10781402325,224
10786934060,57
10786934061,33
10786934063,61
10786934065,58
10804364781,68
10804364783,122
10804364786,109
10804827486,57
10804827487,82
10804827488,52
10804918018,74
10804918021,68
10804918025,49
10872845692,60
10872845694,69
10872854902,105
10872854907,52
10872854908,102
10872854909,118
10872854914,66
10872854919,80
10872854920,81
10872855009,92
10872855011,65
10872855018,102
10872855019,59
10872855021,86
10872855022,84
10872855025,64
10872855026,64
10872855027,85
10872855028,86
10872855030,82
10872855032,52
10872855033,85
10872855034,68
10872855039,44
10872855040,81
10872855041,57
10872855042,91
10872855043,74
10872855045,60
10872905971,115
10872905974,110
10872905975,93
10872906455,96
10872906456,67
10872906457,58
10872906741,108
10872906744,97
10872906745,126
10872906746,81
10884298032,46
10884298034,53
10884298035,78
10884298046,37
10884298047,48
10884298048,37
10884298049,68
10884298528,171
10884298529,165
10884298530,159
10884298531,168
10884298582,131
10884298583,192
10884298618,210
10884298628,176
10884298632,214
10884298633,217
10884298634,253
10886981715,256
10886981716,306
10886981872,260
10886981878,298
10901225895,45
10901225897,37
10907704178,406
10907704179,506
10931165665,490
10931165682,211
10931211340,62
10931211344,74
10957055791,99
10963340009,40
10963340012,26
10963340013,61
11041713119,87
11041713124,73
11042098532,154
11043604648,156
11043604657,85
11043799652,142
11043799654,133
11043799655,113
11043799656,97
11043861296,120
11045977149,57
11046250451,79
11046258929,73
11046265145,179
11046268510,318
11046268511,279
11046276422,380
11046276423,351
11046278087,90
11046279057,168
11046281617,126
11046284764,162
11046284766,174
11046284770,244
11046284772,146
11046306543,51
11046311659,316
11046311660,241
11046312968,175
11046312969,98
11046320433,276
11046323837,85
11046323967,290
11046323968,229
11046362341,57
11046362347,96
11046362357,77
11046366088,116
11046366090,156
11046369201,139
11046388616,146
11046388618,110
11046425595,98
11046460415,315
11046460417,173
11046460420,192
11046468217,255
11046468218,214
11046474840,284
11046544883,466
11046546543,471
11048056275,161
11050337220,59
11050337221,104
11050399413,388
11050405126,128
11050680297,115
11050861798,355
11052204235,295
11052204236,243
11052232218,195
11052247008,439
11056122888,58
11056122893,28
11056122894,41
11056122895,36
11064609719,208
11066440362,50
11066553469,120
11066571130,276
11066571132,252
11066573249,194
11066606115,478
11066677786,310
11066677787,247
11066719150,89
11066730564,49
11066730565,50
11066730567,28
11066769222,87
11066769223,53
11066782241,77
11066785200,450
11066796663,61
11066799870,45
11066807252,52
11066807253,73
11066807257,41
11066807261,43
11066809844,51
11066809845,43
11066815733,228
11066815734,255
11066825459,491
11066831020,207
11066831024,142
11066831027,131
11066831030,141
11066851562,150
11066851565,121
11068148620,376
11068148621,435
11068148626,368
11068148627,474
11068148628,431
11068148629,608
11068148630,438
11068148631,343
11068148632,475
11068148633,554
11068148634,433
11068168075,540
11068168076,430
11068169335,246
11068178789,70
11068198279,254
11068198280,199
11068202433,59
11068212453,132
11068224171,66
11068224177,77
11068227744,47
11068232505,279
11068294063,495
11068294066,395
11068296640,34
11068303763,74
11068303766,131
11068317134,60
11068484831,281
11068498219,279
11068526053,107
11068526054,66
11068671773,394
11068724167,230
11068724169,123
11071031943,271
11073227123,59
11073227124,66
11078373149,61
11078513554,70
11078513558,55
11078513559,84
11078513560,90
11087093816,165
11087093818,146
11087093820,159
11087093845,139
11087093846,188
11087093847,164
11087093853,151
11087093878,181
11087093884,163
11087093887,197
11087093894,175
11087093902,133
11089104880,258
11089104883,279
11089104884,413
11095266763,235
11095269800,299
11095301725,242
11096262528,70
11096262529,51
11096369193,44
11096369194,294
11096369203,362
11096435444,308
11096435448,265
11096494939,280
11096494940,293
11096494944,46
11096494947,71
11096503058,42
11096515815,147
11096521780,207
11096713897,84
11126835265,80
11126835266,120
11126835279,106
11126835280,99
11126835281,69
11126835282,70
11142762336,101
11142762338,98
11142762339,82
11143552734,95
11143552737,110
11143552740,71
11143552744,118
11143648358,114
11145438784,464
11145459914,567
11145459920,459
11145459921,534
11145465068,112
11145465086,112
11145895149,326
11145895153,439
11145895154,434
11145895155,315
11145895158,414
11145895160,269
11158648124,86
11176694920,53
11184863452,84
11219446480,42
11222458535,58
11222519142,52
11240433889,278
11240437814,122
11240478852,60
11245169223,253
11245169224,224
11254593484,74
11254593486,67
11254593491,71
11254593494,65
11254908978,37
11257891237,40
11257891238,32
11257891239,35
11276609746,462
11306601685,158
11306601686,76
11332182799,37
11365555230,197
11372746358,278
11372746362,285
11372746363,272
11372746364,418
11372746523,328
11372746526,237
11372746528,340
11372746533,306
11372746534,295
11372746535,427
11372746546,350
11372746547,408
11372746548,447
11372746549,293
11372746553,256
11372746554,309
11372746556,383
11372753873,320
11372753874,317
11372753875,242
11372753882,239
11372769423,328
11372769424,272
11372769432,383
11372769433,440
11372769434,433
11372935439,186
11372935440,162
11372935442,153
11372935443,139
11372935444,233
11372935445,214
11372935447,175
11372935448,155
11372935453,134
11372935454,176
11372935455,144
11372935456,193
11372935457,198
11372935458,142
11372935459,158
11372935460,134
11372935461,156
11372935462,155
11372935463,168
11372935464,190
11372970729,64
11372970732,55
11372970733,92
11372970734,76
11372970735,73
11372970736,87
11372970737,86
11400176479,202
11400176481,185
11400176484,159
11400176488,164
11400176490,227
11400176538,103
11400176540,128
11400176544,128
11400176546,155
11400176547,93
11400176548,147
11400176549,84
11400176550,114
11400176551,100
11400176552,98
11400176555,163
11400176556,108
11400176557,118
11400176663,143
11400176664,102
11400176672,85
11400176674,113
11400176678,132
11400176679,130
11400176680,114
11400176681,116
11400176682,118
11400176683,107
11400176684,93
11400176686,97
11400176687,151
11400176688,144
11400176689,114
11400820164,380
11400843770,449
11400843793,302
11400843797,439
11400843958,415
11400843967,408
11400843970,296
11400843998,535
11400844007,340
11400844015,325
11400844032,392
11400844034,492
11401100464,542
11401103386,472
11401103388,483
11401103456,456
11401103457,335
11401103458,406
11401103459,438
11401103460,485
11401103461,513
11401103463,606
11401103470,471
11415893034,130
11415893035,149
11416192125,219
11416192133,247
11416192134,288
11416192135,277
11416192136,316
11428673178,146
11428673179,145
11455038293,164
11455061317,91
11455061330,64
11455061331,56
11499362893,257
11499362897,356
11499362898,296
11499362899,266
11499362900,361
11502879185,78
11568494232,124
11568494233,179
11568494237,204
11568494238,192
11568494242,168
11568494252,208
11568494253,212
11593188045,370
11594606227,48
11594606236,56
11625751560,66
11672830790,136
11672830798,81
11672830799,111
11672830800,90
11672830801,86
11672830804,103
11672880071,531
11676961313,130
11676961314,110
11676961315,127
11676961316,131
11676961320,125
11676961364,151
11676961366,127
11700162526,57
11700162527,39
11700162531,59
11700192246,48
11700192247,50
11700192248,65
11700192249,47
11700207735,454
11700207737,352
11700211578,218
11700213602,71
11700213603,54
11700216835,36
11700220166,258
11700220261,104
11700220268,64
11700222763,59
11700222765,72
11700222767,97
11700222768,51
11700228969,356
11700230169,101
11700230170,68
11700230171,87
11700230172,109
11700233907,342
11700234653,50
11700236653,90
11700236654,59
11700239914,331
11700239926,247
11700243676,73
11700243678,52
11700243683,67
11700243685,63
11700243686,72
11700258331,93
11700258335,66
11700260208,71
11700260209,98
11700260210,85
11700260211,85
11700260215,56
11700260216,83
11700260217,93
11700260218,73
11700261798,166
11700261800,286
11700261803,296
11700261805,225
11700261806,165
11700267710,50
11700285662,59
11700285663,43
11700293478,48
11700297940,96
11700297941,58
11700297955,291
11700297959,425
11700302294,64
11700309427,129
11700309428,81
11700317911,74
11700317912,80
11700389162,68
11700406231,404
11700406234,295
11700406236,259
11700435344,273
11700435347,216
11700441958,284
11700441959,398
11700443446,367
11700443448,362
11700443449,344
11700443450,251
11700444540,39
11700444541,56
11700446541,70
11700446572,282
11700446577,232
11700454133,298
11700454137,229
11700454268,81
11700459784,348
11700464685,84
11700464690,61
11700466291,61
11700466292,52
11700472508,335
11700472510,378
11700472511,253
11700472515,425
11700477754,459
11700477762,392
11700480183,259
11700482369,80
11700482370,56
11700482371,89
11700487166,133
11700487167,77
11700495696,493
11700513421,244
11700513422,214
11700516042,59
11700516043,75
11700516044,80
11700516149,445
11700516158,405
11700522221,212
11700522222,174
11700532043,337
11700532044,444
11700532059,418
11700532065,314
11700532068,127
11700534546,79
11700534549,112
11700538798,113
11700538800,167
11700538802,73
11700553892,132
11700553893,129
11700553899,90
11700553900,71
11700562052,116
11700564669,81
11700567034,424
11700567044,275
11700589388,70
11700589395,85
11700595565,83
11700599922,169
11700607649,200
11700607650,294
11700647621,339
11700648664,466
11700648667,479
11700649649,137
11700649651,93
11700662675,371
11700662676,344
11702742431,269
11702742432,242
11702828730,478
11702980031,99
11702980032,58
11702980033,95
11702980034,58
11702981504,465
11702982015,77
11702982016,77
11702982017,88
11702982018,74
11702982019,102
11702985851,201
11702985852,214
11702985854,291
11702991910,178
11702991911,240
11702991912,227
11702991913,252
11702992198,164
11703071538,59
11703071540,78
11703071542,57
11703071896,281
11703135685,92
11703135686,58
11703145131,385
11703145132,548
11703145133,390
11703145134,591
11703145135,560
11703145136,600
11703145137,403
11703145139,364
11703216416,62
11703216417,55
11703219209,76
11703284447,330
11703284448,388
11703284449,290
11703296083,199
11703296084,211
11703297547,159
11703297548,240
11703297549,251
11703298560,280
11703298561,268
11703298562,219
11703298563,267
11703298564,230
11703298565,253
11703312276,164
11703312277,219
11703316344,258
11703316350,247
11703318585,456
11703318591,352
11703318594,407
11703318595,529
11703318596,470
11703326118,66
11703326122,67
11703333573,351
11703336314,400
11703341307,46
11703341309,24
11703342543,390
11703344056,424
11703346693,44
11703346694,33
11703354794,383
11703354796,433
11703354798,443
11703354799,286
11703356558,51
11703356559,39
11703367109,40
11703368378,278
11703368380,65
11703368581,48
11703369139,369
11703371754,202
11703371759,267
11703371915,421
11703371916,363
11703372818,514
11703372822,428
11703373745,52
11703373749,76
11703373752,46
11703373756,47
11703373757,86
11703373758,43
11703373759,64
11703373760,45
11703377572,263
11703379072,64
11703379073,31
11703379074,65
11703379081,67
11703380108,62
11703380110,60
11703380111,80
11703380112,97
11703380113,85
11703380625,59
11703380626,74
11703384370,68
11703385739,233
11703388739,59
11703388740,60
11703388741,52
11703388742,73
11703388743,53
11703388744,69
11703389287,68
11703393183,63
11703393184,29
11703393185,44
11703393186,41
11703394574,47
11703394580,23
11703397796,391
11703397801,430
11703414704,485
11703414713,376
11703422848,52
11703433413,218
11703433414,227
11703433423,278
11703437014,46
11703437016,38
11703450706,67
11703456608,49
11703464014,64
11703514654,249
11703514662,237
11703556039,481
11703556040,421
11703571468,113
11703578525,247
11703578531,245
11703581193,275
11703591885,57
11703593045,289
11703593048,224
11703593056,246
11703593058,203
11703594268,70
11703600998,64
11703601000,48
11703601002,44
11703601003,45
11703605130,86
11703605131,97
11703606469,475
11703606470,446
11703615226,60
11703615227,61
11703626364,394
11703626365,451
11703626366,253
11703633930,58
11703633931,49
11703643746,227
11703648432,120
11703648433,76
11703654900,218
11703659106,158
11703659108,141
11703659122,209
11703659124,209
11703664137,306
11703664138,295
11703666778,34
11703683069,256
11703683070,249
11703683073,205
11703683074,258
11703686275,212
11703688850,137
11703699295,190
11703719396,296
11703719406,261
11703719408,303
11703719413,253
11703719420,280
11703728691,195
11703728692,167
11703738199,283
11703738200,173
11703739005,286
11703739007,228
11703739008,321
11703780353,288
11703780357,203
11703790297,239
11703790301,200
11703790304,240
11703790306,182
11703790307,335
11703790323,227
11703790324,321
11703790336,180
11703790337,209
11703795106,367
11703795110,298
11703797352,217
11703797359,362
11703797362,238
11703797363,253
11703810879,80
11703813397,106
11703813398,102
11703824342,186
11703824344,225
11703824350,242
11703824351,249
11703827192,157
11703827194,234
11703827195,259
11703827196,245
11703828046,481
11703828056,337
11703833517,278
11703833518,378
11703833519,205
11703833520,234
11703839246,255
11703839247,319
11703839248,349
11703839928,61
11703844297,432
11703844301,450
11703844303,503
11703844304,362
11703844308,422
11703851732,512
11703851736,516
11703851737,357
11703851738,313
11703867031,296
11703867035,301
11703867036,182
11703867037,180
11703867038,194
11703867041,262
11703867042,211
11703867043,205
11703867044,279
11703867045,201
11703867049,303
11703867050,227
11703867051,226
11703867052,298
11703871467,57
11703871468,85
11703874553,380
11703874560,416
11703889253,427
11703889257,543
11703889885,116
11703889886,66
11703889888,55
11703889890,72
11703891321,139
11703891322,63
11703891323,67
11703896246,101
11703898669,95
11703898670,59
11703898671,78
11703904073,163
11703904076,239
11703904077,211
11703904078,236
11703904079,169
11703904080,171
11703904081,172
11703904082,272
11703904085,254
11703904086,174
11703904087,196
11703904088,214
11703904090,166
11703920355,308
11703920356,244
11703928673,280
11703931927,74
11703931930,86
11703931937,51
11703931938,50
11703931939,35
11703931940,66
11703931941,33
11703931942,42
11703931943,88
11703931944,37
11703931945,52
11703932920,133
11703932925,112
11703938550,90
11703942625,193
11703942626,223
11703942628,323
11703942631,275
11703942632,198
11703942637,173
11703944003,87
11703944004,36
11703948854,59
11703948859,53
11703949601,65
11703949602,72
11703949603,94
11703957560,78
11703957565,62
11703965401,32
11703966781,80
11703966782,44
11703974108,45
11703974110,42
11703974112,37
11703981126,82
11703981131,33
11704428867,182
11704433746,237
11704433755,171
11707178542,162
11707178543,185
11707180391,212
11707180393,173
11707180396,163
11707180397,197
11707180398,205
11707180399,179
11707400620,165
11707452263,105
11707452264,57
11707452265,86
11707454883,98
11707460588,146
11707460618,451
11707460619,347
11707465875,216
11707465876,222
11707507145,351
11707507146,216
11707536379,72
11707536391,26
11707536394,67
11707536395,61
11707538020,425
11707538021,534
11707542144,445
11707542145,311
11707543261,316
11707560821,465
11707560822,497
11707571224,31
11707571226,43
11707571230,31
11707571474,485
11707571475,444
11707571476,71
11707571477,30
11707571480,61
11707571481,44
11707577126,51
11707577127,33
11707577128,75
11707577129,27
11707577130,60
11707577131,53
11707577134,42
11707577135,39
11707577136,47
11707577137,71
11707577138,66
11707577139,27
11707577142,49
11707577143,40
11707577146,53
11707577150,29
11707577151,49
11707577152,60
11707577328,271
11707577348,402
11707577349,229
11707583223,47
11707583224,34
11707583225,49
11707583226,42
11707596613,74
11707596614,38
11707596615,72
11707596616,42
11707604365,234
11707612931,55
11707612938,80
11707621539,75
11707621540,41
11707621541,62
11707621545,26
11707630364,43
11707633306,426
11707633618,403
11707633619,359
11707642926,45
11707642927,63
11707642933,34
11707642934,34
11707642941,78
11707666493,88
11707666494,82
11707666496,50
11707666499,55
11707670092,65
11707670093,79
11707670097,77
11707671293,58
11707671294,33
11707671295,69
11707671296,26
11707671298,62
11707671300,69
11707671301,50
11707671302,28
11707672842,64
11707672843,27
11707672844,57
11707672849,42
11707672851,52
11707672861,87
11707685828,81
11707736117,70
11707736127,55
11707775817,477
11707794288,76
11707794291,51
11707795572,73
11707795576,67
11707795577,74
11707795579,65
11707795582,64
11707795583,74
11707795584,66
11707795587,70
11707795590,50
11707795591,47
11707795592,63
11707795599,49
11707795601,55
11707795602,70
11707795603,62
11707795608,73
11707818467,316
11707824436,296
11707824437,263
11707848777,442
11707852544,404
11707856357,215
11707856364,156
11707857626,83
11707857631,108
11707875481,193
11707875482,158
11707884452,342
11707884457,323
11707884458,398
11707887752,154
11707887753,141
11707887768,135
11707901075,162
11707903883,486
11707903884,480
11707928513,458
11707928522,376
11707943862,61
11707943863,63
11707943864,44
11707946469,37
11707946470,49
11707948180,313
11707952257,85
11707952258,34
11707958466,127
11707958467,192
11707968444,82
11708004786,418
11708004787,480
11708016811,99
11708016812,65
11708031322,73
11708031324,59
11708031325,88
11708031327,70
11708044029,80
11708044030,49
11708044031,59
11708044033,82
11708044036,71
11708044037,41
11708044038,93
11708044039,61
11708049239,532
11708049246,490
11708049247,504
11708049251,408
11708052569,250
11708052572,308
11708064880,110
11708064881,73
11708067400,94
11708067401,46
11708067402,70
11708067403,71
11708070262,83
11708070265,35
11708071555,66
11708071556,55
11708075241,77
11708075243,44
11708075651,299
11708087697,57
11708087700,82
11708090727,84
11708090728,39
11708090732,72
11708090733,64
11708102535,60
11708106039,59
11708106045,61
11708106046,45
11708109867,461
11708114169,441
11708115155,40
11708115156,39
11708115157,42
11708120472,80
11708120474,52
11708127081,600
11708135493,56
11708135494,86
11708135503,61
11708135506,75
11708141142,274
11708155133,92
11708171941,59
11708171942,34
11708178784,75
11708180030,320
11708180037,254
11708188657,83
11708188664,78
11708191432,58
11708191435,40
11708191436,45
11708218076,96
11715314240,53
11715511498,57
11715511502,56
11715511503,63
11715511505,52
11715511506,79
11715511507,63
11715511508,47
11715511509,52
11715519167,258
11715519168,326
11715528749,69
11715528751,41
11715529236,59
11715529310,74
11715529311,65
11715529312,55
11715542516,77
11715542517,80
11715542518,115
11715595812,56
11715599439,96
11715599440,59
11715604649,86
11715604658,106
11715604668,109
11715618215,246
11715618216,283
11715622235,102
11715622236,94
11715622241,82
11715622242,50
11715622243,113
11715622247,48
11715627131,56
11715645855,45
11715645856,68
11715645857,41
11715666921,306
11715673574,64
11715673575,52
11715680697,551
11715680698,530
11715688427,313
11715688428,37
11715688429,34
11715688430,98
11715688431,66
11715688432,46
11715688769,85
11715688770,35
11715688775,53
11715688776,78
11715688777,41
11715689783,90
11715689785,50
11715690901,138
11715690906,100
11715691875,52
11715691883,81
11715692099,65
11715692103,50
11715692163,53
11715692164,76
11715692165,77
11715692166,88
11715694798,208
11715699863,60
11715699864,56
11715699865,68
11715699866,78
11715699867,46
11715699868,38
11715703743,48
11715703744,45
11715703804,60
11715705233,65
11715707067,48
11715707068,78
11715720557,128
11715720559,81
11715723390,106
11715723392,78
11715723407,137
11715723412,107
11715723413,118
11715723414,104
11715726951,298
11715726992,65
11715726993,63
11715726994,65
11715726997,68
11715726999,74
11715727000,54
11715727002,65
11715727069,64
11715727071,62
11715732894,59
11715732895,57
11715732896,87
11715732897,81
11715732909,64
11715732914,59
11715735509,408
11715735510,299
11715735511,297
11715739169,83
11715739170,33
11715742432,329
11715745134,51
11715745135,67
11715745136,46
11715745137,34
11715746303,64
11715748368,36
11715748369,51
11715750471,58
11715750478,67
11715750479,89
11715750483,80
11715750484,58
11715750491,90
11715750492,78
11715750493,44
11715750494,57
11715750495,80
11715750502,78
11715753845,30
11715755675,62
11715757685,92
11715757694,84
11715757697,64
11715768430,82
11715768431,58
11715768432,66
11715768433,43
11715768434,60
11715768435,37
11715769288,92
11715769292,93
11715769293,53
11715769294,99
11715769295,85
11715769296,68
11715769297,94
11715769298,83
11715779271,93
11715779272,59
11715794605,59
11715794606,35
11715794607,44
11715794614,71
11715794615,94
11715794616,29
11715794617,54
11715794621,46
11715797321,68
11715797324,54
11715797329,39
11715797330,45
11715812261,54
11715812262,45
11715812424,394
11715812425,270
11715812426,464
11715812427,469
11715812512,113
11715812513,76
11715812517,72
11715812518,48
11715815319,51
11715815351,33
11715815956,49
11715815957,37
11715817065,50
11715817067,226
11715817068,196
11715820578,48
11715823779,74
11715823781,68
11715827320,45
11715827324,51
11715827325,176
11715827326,191
11715827327,302
11715827328,294
11715827329,248
11715827330,247
11715827331,263
11715827969,179
11715829599,179
11715829600,153
11715829603,154
11715829604,245
11715829605,224
11715829627,70
11715830169,88
11715847370,387
11715847371,397
11715847372,421
11715847373,284
11715918652,58
11715918653,50
11715918654,54
11715918655,52
11715923421,360
11715923428,359
11715943454,39
11715959230,317
11715963676,437
11715963683,425
11715963893,328
11715965668,58
11715967322,351
11715967327,272
11715970875,95
11715970876,98
11715971022,321
11715971024,298
11715971025,356
11715971028,302
11715974425,323
11715976504,197
11715976508,213
11715976509,153
11715976513,130
11715990535,522
11715993301,178
11715993303,104
11716000997,78
11716000998,87
11716001011,62
11716006484,215
11716006485,344
11716016526,103
11716016527,83
11716016544,68
11716016546,85
11716018743,71
11716032501,601
11716049013,104
11716049014,111
11716049015,96
11716049017,102
11716049018,90
11716056190,85
11716056191,96
11716056192,78
11716056193,106
11716056194,47
11716056195,68
11716075415,93
11716082122,166
11716082123,163
11716082124,182
11716082125,120
11716092327,164
11716092328,94
11716092329,112
11716092330,122
11716092331,136
11716092332,147
11716123588,364
11716123597,420
11716134645,61
11716184783,180
11716184784,130
11716189524,68
11716189525,50
11716189526,58
11716189527,46
11716194329,107
11716194330,59
11716194740,429
11716195992,123
11716195993,143
11716204097,70
11716204099,80
11716204100,69
11716204101,112
11716204846,49
11716204847,39
11716205567,75
11716205568,46
11716206207,64
11716206208,71
11716207909,122
11716207919,140
11716207921,129
11716211186,134
11716217549,67
11716217550,71
11716217551,103
11716217552,54
11716222488,167
11716222489,100
11716222490,137
11716222491,138
11716225936,113
11716225937,77
11716233013,30
11716233014,59
11716233015,33
11716239569,547
11716239570,506
11716242346,46
11716242348,33
11716249282,91
11716249283,137
11716249284,69
11716249555,100
11716250493,69
11716257569,25
11716257571,42
11716257572,65
11716257573,39
11716257574,51
11716257575,27
11716257576,28
11716257577,54
11716258917,99
11716259784,75
11716259785,107
11716259786,58
11716259787,110
11716259788,86
11716259789,75
11716259790,87
11716259791,105
11716259792,88
11716259793,83
11716259794,81
11716259795,90
11716259796,56
11716259797,118
11716259798,86
11716260780,44
11716260781,33
11716264861,119
11716264862,71
11716265746,94
11716265747,58
11716265748,91
11716265749,71
11716270340,109
11716270341,70
11716270342,104
11716270343,55
11716270344,87
11716270345,69
11716270346,82
11716272477,81
11716272478,84
11716282134,71
11716282135,81
11716292717,84
11716293239,88
11716293243,115
11716303305,30
11716315391,335
11716315398,436
11716315399,285
11716315406,403
11716321389,133
11716326517,42
11716326518,66
11716329061,62
11716329062,92
11716329063,77
11716347706,61
11716347708,47
11716354043,67
11716354044,47
11716354045,30
11716354046,37
11716362205,35
11716362206,67
11716362207,33
11716362208,65
11716362209,51
11716362210,46
11716362211,40
11716362212,50
11716362213,42
11716362214,54
11716362215,50
11716411963,78
11716411964,80
11716411965,62
11716411966,76
11716411967,89
11716411968,55
11716415267,501
11716421369,60
11716433111,290
11716433112,311
11716433115,248
11716433375,259
11716433376,399
11716436826,298
11716436830,304
11716436832,286
11716440602,307
11716440606,250
11716440607,185
11716440608,292
11716444452,34
11716451368,304
11716456322,105
11716460930,65
11716476469,211
11716476470,215
11716476475,266
11716476477,238
11716476478,212
11716476479,263
11716476482,227
11716479823,239
11716497323,57
11716497324,33
11716505401,104
11716527795,74
11716527796,109
11716527797,83
11716530088,302
11716530093,195
11716532017,176
11716532018,222
11716532019,176
11716532020,193
11716532021,220
11716536752,75
11716536756,106
11716537321,74
11716537322,60
11716537323,95
11716537324,94
11716537325,63
11716537326,53
11716537471,55
11716537472,35
11716540340,72
11716540341,57
11716541992,57
11716544561,422
11716548839,40
11716548844,75
11716548851,36
11716548852,49
11716554286,65
11716554288,97
11716554289,48
11716554290,64
11716559771,88
11716559772,80
11716559773,65
11716562566,88
11716562567,57
11716564661,81
11716564662,70
11716575964,67
11716575965,46
11716598940,83
11716598941,41
11716598942,72
11716598943,53
11716598944,59
11716598945,55
11716598946,85
11716598947,58
11716599974,58
11716599975,58
11716599976,68
11716599977,42
11716607935,74
11716607936,52
11716612926,53
11716614531,77
11716614532,32
11716624572,73
11716624573,45
11721388395,171
11721388396,192
11721548333,234
11721548334,189
11721548335,195
11721548336,183
11721650732,172
11721650733,146
11721650734,240
11721651968,147
11721653329,250
11721653335,171
11721653336,198
11721653337,211
11721654056,380
11721654064,240
11721660526,145
11721660527,206
11721660528,147
11721660529,213
11721661882,408
11721662529,205
11721662538,144
11721665146,495
11721665151,301
11721665152,381
11721665153,277
11721665157,269
11721667678,66
11721667679,48
11721667963,124
11721667964,105
11721667965,92
11721667966,127
11721667967,77
11721667968,112
11721671149,261
11721671156,310
11721682019,198
11721682031,197
11721687628,72
11721688229,53
11721688230,70
11721690647,124
11721691236,62
11721691237,26
11721692932,92
11721692933,126
11721693090,79
11721698138,242
11721698142,160
11721698143,232
11721698150,130
11721698169,71
11721699884,50
11721699885,70
11721700356,63
11721700357,62
11721700655,79
11721706296,185
11721706297,244
11721706300,152
11721747896,61
11721759980,190
11721759981,244
11721760479,80
11721766468,155
11721771687,276
11721771697,253
11721773631,163
11721773632,124
11721790292,77
11721790294,63
11721790460,153
11721790468,109
11721795196,77
11721795197,75
11721795688,168
11721795705,188
11721795706,147
11721795707,125
11721798149,48
11721798151,30
11721799769,46
11721799785,48
11721800087,279
11721800088,277
11721800089,370
11721800090,227
11721800091,232
11721800092,337
11721800093,47
11721800094,45
11721806597,73
11721806598,69
11721806604,55
11721806605,48
11721806610,41
11721806611,68
11721806616,33
11721808596,46
11721808597,55
11721809397,153
11721809399,87
11721809898,43
11721809899,42
11721809906,100
11721809907,83
11721809908,116
11721809909,101
11721809911,122
11721809912,116
11721809920,69
11721809923,37
11721809928,123
11721809930,111
11721809932,148
11721809933,148
11721809934,89
11721809935,169
11721809936,129
11721809937,140
11721809938,125
11721809939,116
11721810091,112
11721810092,164
11721810261,52
11721811487,67
11721811488,51
11721811489,81
11721811490,37
11721812137,54
11721812172,300
11721812173,245
11721812457,54
11721813557,81
11721813562,100
11721813563,120
11721819814,38
11721819815,39
11721819816,61
11721820045,63
11721820798,44
11721823123,116
11721823412,40
11721823656,31
11721824231,126
11721824235,198
11721824238,141
11721831871,68
11721831872,67
11721832369,138
11721832370,143
11721832371,144
11721832550,140
11721832552,162
11721832553,109
11721832555,175
11721832556,185
11721832561,103
11721839616,36
11721846408,372
11721846410,404
11721851120,199
11721851123,237
11721851125,187
11721851130,264
11721851140,269
11721851143,165
11721851145,190
11721852375,70
11721852376,109
11721852377,65
11721867050,40
11721867051,32
11721896010,433
11721898627,71
11721898628,43
11721912722,61
11721916068,98
11721916512,71
11721935404,51
11721935409,29
11721935811,134
11721935816,74
11721946011,91
11721951305,55
11721951306,42
11721951370,95
11721952013,72
11721952020,52
11721957426,138
11721970739,109
11721970740,117
11721970745,123
11721970756,61
11721970757,41
11721970758,73
11721970759,23
11721973905,71
11721973906,65
11721975903,46
11721975908,58
11721980297,28
11721980303,59
11721980306,36
11721982355,62
11721982356,54
11721982360,47
11721985927,161
11721985928,73
11721985930,117
11721987245,527
11721987246,418
11721987247,451
11721987248,315
11721987249,372
11721987254,329
11721998211,60
11721998212,42
11721999394,293
11721999395,405
11721999396,464
11721999397,391
11722010714,86
11722010715,94
11722010716,102
11722018569,326
11722022304,77
11722022307,48
11722024672,42
11722054658,82
11722054660,56
11722099535,269
11722102276,216
11722102277,196
11722146221,93
11722166000,249
11722166001,267
11722166002,258
11722166003,269
11722316558,148
11722316563,145
11722375661,239
11722375662,328
11723632487,78
11723632490,111
11723739242,363
11724044569,438
11724044570,390
11724044571,302
11724044574,330
11724044575,345
11724044576,448
11724044577,380
11724070132,436
11724074382,314
11724239718,292
11724239726,452
11724239738,345
11724239742,350
11724239745,305
11724239746,435
11724276354,362
11724276356,552
11724276358,513
11724276359,497
11724276360,400
11724276361,315
11724276362,466
11724276363,303
11724276364,421
11725338371,47
11726200159,418
11726200160,419
11726200161,424
11726200164,467
11726200168,338
11726317432,332
11726317436,371
11726317448,432
11726317456,310
11726317457,492
11726317458,330
11726320569,323
11726320570,427
11726320573,348
11726408863,68
11726412815,52
11726412823,69
11726416359,109
11726416360,95
11726416361,103
11726416362,128
11729994984,491
11729994985,390
11729994986,545
11729994987,330
11729994988,515
11730354023,398
11730584881,346
11730584882,264
11730679070,429
11730679071,310
11730679072,274
11730679073,399
11732860783,67
11761056748,69
11761056752,71
11761056753,85
11761056754,68
11761056755,84
11761056756,55
11761056757,73
11761056760,71
11761056761,62
11761056762,68
11761056763,52
11761056764,60
11761056765,77
11766665675,60
11766665676,78
11766665677,93
11766665678,85
11767954768,445
11768038267,414
11836384119,591
11836384120,539
11836404948,87
11836404949,85
11836480030,274
11836480031,280
11836492812,263
11836495471,468
11836495472,542
11836502050,315
11836502051,225
11836505031,105
11836505033,73
11836519699,373
11836519700,225
11836519704,388
11836522669,109
11836522671,70
11836523031,77
11836523033,83
11836523622,183
11836523623,167
11836523876,318
11836523880,290
11836523882,275
11836523887,233
11836523921,70
11836524133,81
11836525648,98
11836525652,65
11836525654,94
11836530679,204
11836530680,71
11836530681,64
11836533595,52
11836535352,72
11836536395,101
11836536400,51
11836536785,81
11836536786,76
11836537431,65
11836537433,56
11836537681,90
11836537687,68
11836538857,68
11836538858,109
11836544869,66
11836544870,46
11836544871,72
11836544875,38
11836546092,118
11836546093,87
11836551183,80
11836551185,33
11836557792,85
11836557794,46
11836561155,75
11836561164,80
11836567483,109
11836567484,68
11836567485,99
11836567486,74
11836573853,73
11836573855,56
11836575084,101
11836575085,82
11836577887,360
11836577888,345
11836583870,109
11836583872,70
11836591518,98
11836591519,77
11836592889,324
11836592890,235
11836592892,329
11836592893,191
11836592895,312
11836592896,240
11836612977,223
11836612978,298
11836612983,221
11836612987,230
11836618465,257
11836618466,220
11836618467,248
11836618468,226
11836621129,90
11836621130,115
11836630732,240
11836630737,249
11836632045,307
11836632046,230
11836632050,327
11836632053,206
11836632054,256
11836637159,75
11836639576,353
11836639580,241
11836639581,295
11836639582,318
11836639583,308
11836639591,360
11836639617,72
11836644979,229
11836644991,362
11836644996,363
11836644997,368
11836649672,93
11836649673,127
11836654536,263
11836654537,296
11836654545,304
11836654550,269
11836654551,287
11836654555,245
11836654556,334
11836654559,343
11836656241,71
11836656242,67
11836672271,274
11836675506,100
11836675508,104
11836675510,52
11836675512,92
11836675870,70
11836675873,47
11836680847,325
11836680848,349
11836680856,333
11836680858,358
11836680861,250
11836682685,78
11836682689,61
11836690970,91
11836691289,87
11836691290,63
11836696308,73
11836696310,86
11836700886,57
11836701460,75
11836718102,56
11836718104,53
11836742725,140
11836745040,123
11836778606,74
11836778607,52
11836779362,53
11836789097,85
11836789098,51
11836798095,242
11836798096,174
11836798098,42
11836804326,179
11836804327,247
11836804328,309
11836804329,164
11836804722,230
11836804723,259
11836804734,170
11836804735,239
11836804736,275
11836804742,208
11836804746,261
11836806283,49
11836807770,78
11836807771,39
11836826207,250
11836831635,203
11836831636,311
11836831637,254
11836831647,333
11836831648,292
11836831649,370
11836831650,338
11836839246,275
11836839260,61
11836839261,34
11836859065,362
11836859066,311
11836859068,264
11836889655,374
11836889656,269
11836893635,323
11836893646,309
11836923135,285
11836923136,362
11836923137,374
11836923138,313
11836978686,345
11836978687,234
11836978688,293
11836978691,327
11836978746,273
11836978814,352
11836978823,307
11837024269,68
11837024270,47
11837070627,364
11837070631,224
11837071982,93
11837071983,39
11837105009,174
11837105010,277
11837105018,302
11837105027,318
11837105028,302
11837105029,231
11837105030,349
11837105031,339
11837111676,257
11837111677,364
11837111679,224
11837111685,340
11837134788,368
11837134789,382
11837137597,198
11837137599,172
11837180263,260
11837180265,242
11837180266,237
11837247208,185
11837247209,233
11837314139,260
11837314140,278
11837358564,341
11837358566,237
11837393655,227
11837398717,266
11837398719,271
11840234778,324
11840234779,229
11840248276,249
11840248277,242
11840315750,362
11840315751,261
11840321029,220
11840321035,280
11840321037,208
11840321038,304
11840368648,371
11840368649,246
11840368650,371
11840408828,335
11840409238,228
11840409240,228
11840421038,246
11840421040,218
11840427207,353
11840427209,458
11840439060,68
11840439062,73
11840442033,336
11840442094,337
11840442095,342
11840442096,395
11840442100,427
11840444963,224
11840448313,84
11840448320,53
11840448908,60
11840448909,41
11840449973,357
11840449985,232
11840459362,432
11840459363,388
11840461905,76
11840461907,77
11840461908,90
11840461909,40
11840463667,79
11840463668,49
11840463806,252
11840463816,324
11840463817,265
11840463818,291
11840464191,357
11840464193,338
11840464194,283
11840464196,229
11840466616,58
11840466617,81
11840466618,78
11840468223,71
11840468224,45
11840469626,79
11840474542,69
11840474543,53
11840476296,100
11840476297,70
11840476941,80
11840476943,42
11840485988,47
11840494672,48
11840497149,73
11840497150,49
11840512788,83
11840512789,67
11840512942,80
11840512944,67
11840513497,96
11840513498,112
11840513500,86
11840513501,59
11840514383,66
11840514385,60
11840514698,100
11840528064,269
11840528065,237
11840533375,122
11840533376,69
11840533379,120
11840533380,73
11840533384,104
11840533385,84
11840533683,80
11840533687,87
11840534205,89
11840534206,55
11840534238,50
11840534846,42
11840534980,57
11840540950,59
11840540951,52
11840545688,288
11840545689,322
11840545690,288
11840550489,64
11840552268,87
11840557808,105
11840565221,83
11840565222,73
11840567597,320
11840567969,37
11840572588,100
11840572589,42
11840580567,325
11840593752,106
11840593753,73
11840595237,97
11840595238,45
11840599656,253
11840599657,228
11840600748,75
11840604279,259
11840604280,211
11840604281,246
11840604417,114
11840604418,73
11840606773,343
11840606776,215
11840613223,90
11840613224,53
11840618862,114
11840618863,92
11840618864,84
11840618865,75
11840618866,104
11840618867,96
11840618868,67
11840624732,75
11840624733,52
11840628370,58
11840643705,79
11840643709,79
11840661483,70
11840663109,91
11840663110,80
11840664543,102
11840664545,55
11840743185,273
11840743541,174
11840743542,134
11840743543,103
11840743544,91
11840743545,117
11840743546,123
11840743547,146
11840743549,86
11840747986,135
11840747988,111
11840754054,118
11840754055,69
11840781451,77
11840781453,71
11840789525,47
11840791467,100
11840804073,104
11840804074,133
11840804078,127
11840804079,106
11840804083,87
11840804601,108
11840804606,72
11840819793,109
11840819794,116
11840819795,101
11840819796,139
11840819797,123
11840821058,230
11840821494,83
11840821569,60
11840828790,111
11840832521,289
11840832528,404
11840832531,333
11840832532,382
11840832533,270
11840853381,134
11840853382,144
11840853383,124
11840853384,161
11840853385,163
11840853386,153
11840856541,92
11840856545,93
11840859939,282
11840869520,164
11840869521,101
11840869522,151
11840869527,116
11840879775,165
11840879776,147
11840890086,471
11840890096,335
11840890101,476
11840890105,399
11840890106,431
11840890108,345
11840890109,468
11840894098,115
11840896544,159
11840896547,106
11841004479,276
11841030029,56
11841030030,37
11841030031,62
11841032205,82
11841032206,39
11841035214,53
11841035218,60
11841035262,79
11841035267,50
11841042245,62
11841061262,103
11841061267,151
11841069233,60
11841069236,66
11841069896,158
11841069899,147
11841084254,82
11841084259,77
11841101241,88
11841104193,84
11841104194,35
11841104195,78
11841104196,67
11841104197,43
11841104198,61
11841106044,40
11841106045,40
11841106046,58
11841106047,84
11841108925,93
11841108926,47
11841108928,57
11841108929,41
11841110249,94
11841110250,52
11841110251,89
11841110252,48
11841115312,83
11841115313,52
11841116827,62
11841116828,62
11841120054,62
11841124664,67
11841124665,84
11841124666,76
11841166473,94
11841166474,46
11841169774,106
11841169775,113
11841169777,95
11841169780,66
11841181185,60
11841181186,69
11841181187,60
11841181188,103
11841181189,82
11841181190,84
11841181195,105
11841189053,85
11841189060,49
11841189061,91
11841189062,46
11841189065,55
11841189680,43
11841189681,97
11841189682,64
11841189683,92
11841189684,48
11841193848,77
11841193853,60
11841193854,64
11841193855,82
11841193856,50
11841193857,32
11841193858,75
11841193859,52
11841193860,64
11841193861,49
11841193863,86
11841193864,53
11841194808,97
11841198570,58
11841204203,48
11841225239,49
11841225240,40
11841225241,79
11841225242,44
11841249709,47
11841249710,29
11841299963,332
11841299964,239
11841910107,234
11841910108,374
11842722368,208
11842754918,362
11842754919,199
11842762049,55
11842762050,36
11842771203,72
11842771206,41
11842859216,54
11842859217,44
11842864512,76
11842864513,40
11842864517,67
11842864518,42
11842864519,34
11842867813,52
11842871347,73
11842876140,371
11842876142,358
11842876215,76
11842876216,76
11842876353,83
11842876354,44
11842876356,79
11842876357,50
11842908017,32
11842909602,69
11842909603,75
11842911523,29
11842913672,65
11842913673,29
11842915332,56
11842915333,41
11842915602,55
11842915603,45
11842916900,44
11842918471,37
11842925962,45
11842925963,34
11842925964,65
11842925965,46
11842925966,68
11842925967,29
11842925968,63
11842935369,51
11842938043,82
11842938045,76
11842938046,58
11842938047,30
11842938048,42
11842938050,62
11842946480,317
11842946481,220
11842949086,371
11842950211,379
11842964076,130
11842964619,337
11842969181,293
11843011196,282
11843014033,122
11843014034,84
11843017580,75
11843030148,62
11843031363,57
11843031364,61
11843042717,286
11843062299,67
11843062301,49
11843080437,436
11843080439,307
11843095138,84
11843095140,90
11843095143,67
11843096101,73
11843096298,260
11843096299,408
11843096301,476
11843111136,255
11843111137,435
11843123822,288
11843133405,67
11843133406,82
11843133407,52
11843139616,473
11843141582,389
11843142661,288
11843142662,436
11843144620,280
11843144959,98
11843144960,45
11843145021,356
11843145022,362
11843145023,374
11843145024,378
11843145025,349
11843145026,407
11843174875,64
11843174876,66
11843177789,56
11843177791,65
11843178308,92
11843178309,65
11843180801,323
11843183167,473
11843183168,438
11843183892,465
11843183893,273
11843183895,451
11843199613,54
11843199614,100
11843199615,51
11843279901,320
11843279902,480
11843279904,352
11843307463,75
11843307466,38
11843307467,84
11843343640,66
11843343641,37
11843343643,80
11843343644,31
11843343645,32
11843343646,83
11843343647,40
11843345324,55
11843345357,443
11843345358,370
11843345359,546
11843350658,77
11843350659,51
11843359316,79
11843359317,52
11843360288,378
11843360289,468
11843363173,52
11843369359,469
11843371691,88
11843371692,52
11843371693,51
11843371694,43
11843371930,107
11843371931,179
11843371932,184
11843371935,158
11843371941,98
11843371942,137
11843374550,55
11843374551,45
11843374552,87
11843374553,40
11843374554,50
11843388836,506
11843388837,519
11843388838,330
11843388839,355
11843388840,349
11843388841,370
11843388842,306
11843388843,430
11843388844,480
11843405579,37
11843405580,73
11843405581,71
11843405582,51
11843405583,37
11843405584,57
11843405585,44
11843405587,74
11843405588,39
11843405589,53
11843405594,60
11843405597,49
11843406163,77
11843406164,47
11843406165,74
11843406166,45
11843406167,59
11843406168,32
11843419471,45
11843419473,76
11843419477,81
11843419478,75
11843419479,46
11843419480,80
11843419481,50
11843419488,55
11843419489,47
11843419490,34
11843419491,70
11843419492,64
11843419493,61
11843419495,78
11843428317,345
11843433152,153
11843433153,89
11843433154,147
11843433155,132
11843445446,338
11843445447,308
11843450399,401
11843462349,196
11843462351,121
11843462352,145
11843462353,124
11843462356,200
11843462357,253
11843462358,203
11843462359,216
11843462360,278
11843463876,351
11843464914,344
11843464916,396
11843471507,374
11843473102,318
11843475882,252
11843475883,372
11843475884,393
11843475885,253
11843476672,422
11843479121,258
11843479126,253
11843490826,381
11843490827,266
11843500291,268
11843500292,308
11843504625,466
11843504626,434
11843513392,336
11843513394,364
11843513397,331
11843526758,399
11843526767,342
11843542970,334
11843542971,365
11843543029,294
11843543034,293
11843554422,385
11843554423,376
11843555858,308
11843555859,337
11843555860,389
11843555867,325
11843564867,399
11843566752,232
11843566753,242
11843569669,357
11843581974,297
11843581978,344
11843581979,253
11843581983,236
11843589475,487
11843589476,327
11843591614,585
11843591615,375
11843654547,514
11843658035,418
11843658036,556
11843671342,304
11843683110,399
11843683114,284
11843688250,335
11843688251,204
11843692887,282
11843692899,252
11843695450,551
11843695451,454
11843718826,482
11843725399,207
11843725400,186
11843725401,267
11843725404,233
11843725405,230
11843725409,311
11843730289,362
11843798081,365
11843798082,232
11843798083,375
11843798084,324
11843884699,318
11843884701,292
11843889779,126
11843889782,121
11843903933,115
11843928382,170
11843928384,137
11843928387,138
11843928388,155
11843928389,142
11843928390,125
11844257598,416
11844257602,395
11844291030,426
11844291034,554
11846029517,282
11846029518,178
11846030767,69
11846038345,200
11846038346,227
11846038964,206
11846038965,154
11846042739,253
11846070642,194
11846070649,143
11846070655,306
11846070657,297
11846079598,299
11846079599,248
11846080026,336
11846102652,169
11846102653,239
11846102654,250
11846102659,162
11846102660,142
11846102661,214
11846102662,191
11846102663,171
11846102664,173
11846102665,169
11846102666,162
11846142403,216
11846142404,226
11846142437,190
11846142438,138
11846142439,195
11846142440,125
11846144512,112
11846144515,168
11846145816,194
11846145817,181
11846145818,190
11846147036,146
11846147037,174
11846159295,220
11846159296,292
11846161700,113
11846224448,368
11846224452,385
11846228074,47
11846237508,119
11846237515,136
11846237516,122
11846237520,162
11846237806,385
11846237815,297
11846237816,318
11846237817,335
11846247557,297
11846247564,363
11846248829,251
11846253981,332
11846253982,278
11846253983,349
11846253984,413
11846253996,489
11846255162,319
11846267988,345
11846287099,188
11846292512,293
11846292515,216
11846292516,217
11846292518,176
11846292519,189
11846292520,310
11846293385,439
11846293386,307
11846310629,431
11846311899,455
11846313057,243
11846313058,234
11846313181,565
11846313187,299
11846313188,398
11846313190,426
11846313191,487
11846313192,409
11846323792,201
11846329940,330
11846329941,320
11846332694,274
11846332695,308
11846332696,400
11846332697,323
11846332701,396
11846335585,349
11846336920,333
11846336921,229
11846337651,356
11846337652,298
11846345797,300
11846345798,385
11846347179,370
11846347180,421
11846347184,381
11846347185,337
11846347189,415
11846347190,252
11846351361,321
11846351362,268
11846351658,237
11846351659,281
11846352513,476
11846352515,310
11846352550,320
11846352551,283
11846352552,309
11846352553,268
11846352586,365
11846352591,377
11846352592,509
11846355113,253
11846355114,262
11846365696,268
11846365697,251
11846365698,341
11846365699,341
11846365700,302
11846371066,114
11846372408,482
11846372984,305
11846372990,272
11846372993,312
11846372994,370
11846372995,299
11846373008,325
11846373009,218
11846373010,323
11846373011,274
11846373012,418
11846373013,401
11846376305,549
11846376306,441
11846376307,555
11846376308,349
11846376590,440
11846376600,489
11846376601,426
11846376602,355
11846377852,360
11846377853,388
11846380453,297
11846380454,248
11846380872,270
11846384722,249
11846384723,350
11846384725,322
11846384726,246
11846384730,398
11846384731,289
11846384732,384
11846384733,356
11846387919,328
11846387920,370
11846388472,357
11846388473,222
11846390383,260
11846390384,363
11846391766,319
11846391767,280
11846391785,460
11846391792,406
11846391793,369
11846391794,345
11846391795,483
11846391796,482
11846392792,428
11846392795,431
11846392938,258
11846392945,298
11846392948,286
11846392955,274
11846394503,294
11846398894,334
11846398895,448
11846401073,394
11846401076,380
11846401077,279
11846402893,75
11846410410,307
11846410415,343
11846410827,538
11846410832,446
11846410833,381
11846410838,493
11846410941,305
11846410942,379
11846410949,227
11846417386,322
11846417390,327
11846417391,386
11846417392,335
11846427555,211
11846427557,256
11846431335,281
11846431336,318
11846434263,245
11846434268,276
11846443306,380
11846443307,307
11846443309,297
11846443310,516
11846443316,386
11846443317,475
11846453875,244
11846453876,170
11846461190,421
11846461649,216
11846466759,345
11846474011,351
11846474020,372
11846474021,392
11846497182,371
11846501913,199
11846501914,241
11846540255,356
11846575364,500
11846575365,296
11846577629,464
11846577630,474
11846583497,415
11846583498,362
11846590497,378
11846590498,362
11846594944,334
11846594945,428
11846606888,436
11846606889,404
11846614950,476
11846636610,526
11846636613,374
11846636614,488
11846636617,330
11846638403,471
11846638404,496
11846638410,369
11846638412,414
11846638415,427
11846638416,378
11846638417,452
11846645635,467
11846659085,410
11846659093,330
11846661306,395
11846661307,444
11846665277,97
11846665278,69
11846665279,105
11846665280,69
11846680202,275
11846680203,249
11846680204,348
11846680205,324
11846683617,116
11846683618,119
11846683619,83
11846683620,113
11846683985,439
11846683988,476
11846683989,478
11846683990,325
11846683991,345
11846683992,476
11846683993,320
11846683994,312
11846683995,521
11846683996,518
11846683999,364
11846684001,283
11846684002,357
11846684005,289
11846684007,318
11846684008,315
11846684852,353
11846684853,247
11846684854,209
11846684855,291
11846685274,217
11846685275,337
11846700726,318
11846700730,334
11846700731,372
11846700735,287
11846700736,274
11846700737,493
11846700738,467
11846703021,443
11846718594,432
11846718598,277
11846723913,503
11846732406,366
11846732411,308
11846732412,370
11846732413,337
11846746439,414
11846746440,447
11846746442,472
11846756203,454
11846756205,447
11846759867,358
11846770018,290
11846770019,324
11846775908,357
11846775916,252
11846775917,360
11846775918,325
11846775919,318
11846775920,389
11846779526,459
11846779529,322
11846779531,437
11846779534,315
11846783723,377
11846783724,434
11846783727,447
11846783728,317
11846795807,382
11846795808,404
11846796537,269
11846800450,285
11846800451,328
11846800454,200
11846802147,400
11846802148,374
11846803027,314
11846808332,367
11846808335,313
11846808336,369
11846808337,496
11846809873,297
11846809876,307
11846809877,289
11846815069,273
11846815070,256
11846821230,320
11846821231,200
11846821232,240
11846821233,318
11846821236,376
11846821237,260
11846821990,200
11846821995,238
11846825060,386
11846825491,262
11846825492,366
11846841633,251
11846841638,162
11846841639,179
11846841642,217
11846841643,155
11846841644,186
11846842844,230
11846842849,211
11846842850,231
11846842851,226
11846842852,212
11846842853,244
11846844682,339
11846844683,342
11846875539,361
11846875541,413
11846876559,374
11846876560,334
11846884570,184
11846884572,170
11846884574,182
11846884575,160
11846888939,55
11846888942,50
11846888943,49
11846888946,68
11846888947,73
11846888948,70
11846888949,75
11846888950,39
11846888952,78
11846888953,76
11846888954,75
11846888955,49
11846889917,299
11846889918,344
11846893461,234
11846893462,162
11846893466,151
11846896552,219
11846896555,183
11846905130,255
11846905131,235
11846905132,133
11846905135,177
11846906590,326
11846906591,297
11846906592,309
11846937146,154
11846937148,284
11846937151,216
11846937153,161
11846937154,170
11846937155,264
11846944140,265
11846944141,190
11846959889,249
11846959890,315
11846959893,215
11846970216,229
11846973925,237
11846973926,184
11846974683,337
11846974684,197
11846975368,261
11846979170,261
11846991985,189
11846991988,202
11846991989,266
11846991991,183
11846995825,168
11846995827,226
11846995831,266
11846995832,293
11846995833,297
11846995836,181
11847005272,321
11847005275,319
11847006926,160
11847006927,205
11847007020,349
11847007021,339
11847008893,231
11847008894,229
11847009726,193
11847010458,165
11847012548,64
11847014147,181
11847014149,150
11847014151,130
11847014153,152
11847014155,136
11847023598,165
11847023601,192
11847030304,269
11847030308,153
11847030310,240
11847030315,173
11847032393,186
11847032400,269
11847032401,58
11847033649,189
11847033650,228
11847037716,210
11847037719,267
11847037720,235
11847039668,234
11847042592,233
11847042593,196
11847042595,260
11847042596,162
11847042597,257
11847042598,212
11847049869,202
11847064241,207
11847064243,228
11847103071,201
11847103072,174
11847103077,123
11847103078,148
11847108299,158
11847112577,192
11847130090,299
11847130094,244
11847130095,195
11847130096,231
11847137635,213
11847198351,62
11847198355,56
11847341589,218
11847341590,157
11847349571,225
11847349572,197
11847349573,256
11847349574,223
11847349575,287
11847349576,255
11849467697,260
11849467698,256
11849467707,261
11849479632,218
11849479633,175
11849533425,216
11849533426,257
11849603101,288
11849807400,177
11849807401,135
11849876820,450
11849876821,378
11849878877,458
11849878878,393
11849878888,333
11849878896,384
11849878897,351
11849878898,391
11849930065,448
11849930066,333
11853003889,253
11853003890,151
11853095361,164
11853095362,192
11853096496,159
11853096497,256
11853096498,221
11853100585,236
11853100586,232
11853100940,245
11853100941,269
11853166083,166
11853166092,108
11853241515,70
11853241517,57
11853267000,74
11853269132,73
11853269134,33
11853289036,80
11853318463,58
11853323194,61
11853327038,88
11853327039,66
11853334808,61
11853352459,36
11853463157,57
11853463159,53
11853538920,76
11853538921,50
11853558916,85
11853558917,55
11853576958,60
11853576959,39
11853607093,52
11853617463,49
11853622270,55
11853671748,149
11853671749,111
11853671884,67
11853671886,64
11853672622,120
11853710502,118
11853710503,162
11853710504,185
11853710505,153
11853710559,65
11853710760,73
11853711262,67
11853713909,70
11853713911,43
11853713922,184
11853713925,224
11853713930,175
11853713938,196
11853728550,75
11853728551,34
11853748668,81
11853755463,196
11853755467,113
11853755468,142
11853756469,146
11853756659,70
11853756660,53
11853757074,147
11853757078,166
11853757079,138
11853757080,152
11853757199,108
11853757200,133
11853758069,67
11853760467,124
11853760468,168
11853760551,74
11853760553,42
11853760986,91
11853760988,56
11853763156,93
11853767069,87
11853767070,51
11853767072,42
11853767273,194
11853767274,143
11853770770,76
11853772249,162
11853772250,153
11853772251,215
11853772252,153
11853779332,142
11853779335,204
11853779338,212
11853779341,190
11853783106,173
11853783107,120
11853783109,152
11853783114,106
11853794605,52
11853794606,48
11853796518,85
11853796519,60
11853796760,176
11853796761,259
11853801355,138
11853801358,150
11853801359,120
11853801360,164
11853801361,136
11853801363,193
11853801364,157
11853801365,170
11853801366,133
11853801549,55
11853801550,32
11853805273,62
11853805274,37
11853806755,45
11853806756,78
11853817942,152
11853821182,205
11853821186,191
11853823068,53
11853823997,37
11853825544,50
11853825545,46
11853829002,64
11853829003,33
11853830791,143
11853830796,122
11853830797,202
11853830801,189
11853830803,174
11853830806,144
11853830808,222
11853830812,202
11853835025,154
11853835027,161
11853835028,174
11853835033,152
11853835035,141
11853835038,158
11853886637,44
11853886639,26
11853891464,62
11853892952,58
11853893293,79
11853893294,117
11853893295,92
11853894169,83
11853894170,64
11853906188,127
11853906189,88
11853907247,72
11853907248,73
11853907250,49
11853918887,110
11853918888,65
11853920136,34
11853921730,104
11853921734,71
11853921738,107
11853921791,43
11853924022,43
11853924025,50
11853932648,76
11853932649,26
11853932750,97
11853932754,60
11853938738,53
11853938739,40
11853940055,88
11853940056,109
11853940060,66
11853941942,58
11853941945,28
11853943076,125
11853949985,66
11853949986,34
11853951040,42
11853951042,32
11853953136,39
11853956276,67
11853956284,42
11853977340,71
11853977342,31
11853977343,68
11853977344,31
11853983858,77
11853983859,49
11854000496,84
11854000500,62
11854000741,117
11854000748,114
11854000920,109
11854000923,78
11854001075,56
11854001076,81
11854017654,80
11854017657,79
11854029301,71
11854029302,70
11854029303,136
11854029447,106
11854038679,112
11854038685,108
11854040387,110
11854040388,126
11854042686,129
11854042690,91
11854042691,83
11854042694,62
11854062728,110
11854062729,84
11854063021,99
11854063022,72
11854063023,80
11854063024,102
11854064671,95
11854064676,66
11854065782,128
11854065783,110
11854065784,121
11854065785,112
11854103318,85
11854103319,93
11854103320,100
11854103321,81
11854103324,116
11854103325,122
11854103328,77
11854114038,103
11854114048,127
11854114867,111
11854114868,78
11854118032,92
11854118033,89
11854118052,120
11854119407,108
11854119408,72
11854131000,136
11854131007,105
11854131010,104
11854135089,47
11854142717,69
11854142718,100
11854142719,103
11854142722,63
11854160248,69
11854165047,84
11854165053,86
11854165058,77
11854174649,59
11854178773,104
11854178774,126
11854178775,85
11854178776,125
11854178777,151
11854188181,61
11854188182,48
11854188183,66
11854190987,64
11854193126,79
11854193127,46
11854198403,56
11854216373,68
11864355439,205
11864355442,162
11864355444,175
11864355445,300
11864739307,172
11865053433,64
11865053434,30
11865082468,30
11865099403,98
11865104409,49
11865104410,37
11865108908,41
11865108909,34
11865112038,103
11865112039,88
11865112040,114
11865112041,96
11865112043,71
11865112045,90
11865112046,97
11865112047,127
11865112049,129
11865282417,80
11865282419,97
11865289418,128
11865289419,92
11865289420,63
11865289421,74
11865314234,130
11865314235,76
11865314236,87
11865314237,74
11865315448,40
11865315449,65
11865315450,42
11865323454,48
11865323455,48
11865325856,103
11865325860,68
11865363237,91
11865363244,67
11865363245,106
11865363246,62
11865364397,125
11865364398,103
11865369791,42
11865369797,53
11865369798,82
11865374972,87
11865374973,107
11865374981,95
11865378754,105
11865378757,65
11865380679,72
11865382279,105
11865382285,99
11865386148,34
11865386152,75
11865386157,56
11865386158,91
11865392596,78
11865401882,80
11865401883,106
11865401888,75
11865404859,53
11865404865,50
11865404866,61
11865404867,62
11865411667,91
11865411668,64
11865411969,109
11865411978,78
11865419772,68
11865421369,61
11865421370,71
11865421374,87
11865421375,99
11865421376,64
11865425557,241
11865425560,239
11865426640,315
11865426641,236
11865426842,126
11865656621,150
11865656622,125
11865656623,117
11865656624,114
11865664283,144
11865664287,73
11865664288,149
11865682521,405
11865682526,439
11865682527,425
11865682532,527
11865683557,309
11865683560,358
11865689668,164
11865724513,436
11865724514,529
11865727691,73
11865727693,104
11865727694,109
11865727695,121
11865727696,108
11865727697,106
11865727699,90
11865727700,98
11865731026,104
11865731028,84
11865734969,94
11865734972,98
11865744908,72
11865744909,107
11865749161,47
11865754241,83
11865754244,84
11865754245,87
11865754246,90
11865754868,39
11865761985,95
11865761988,131
11865775920,100
11865775921,138
11865775923,140
11865775931,86
11865775940,67
11865775941,99
11865776069,44
11865778923,117
11865778924,74
11865787358,74
11865787359,101
11865823603,72
11865823614,57
11865823615,75
11865823632,58
11865825128,56
11865825129,62
11865847122,36
11865847123,65
11865847124,49
11865851761,55
11865863839,110
11865863842,91
11865874873,114
11865874880,163
11865874881,119
11865874882,127
11865900345,80
11865900349,135
11865918763,57
11865925906,90
11865925909,111
11865925910,98
11865925911,75
11865934965,276
11865939361,54
11865939362,74
11865939364,39
11865941793,385
11865942582,80
11865942583,49
11865949400,68
11865949405,92
11865950920,78
11865952591,79
11865952604,69
11865969619,107
11865969620,105
11865969621,106
11865969622,68
11865970502,347
11865970504,329
11865970505,242
11865973312,438
11865973315,296
11865973316,478
11865973319,349
11865974347,87
11865993653,55
11866020159,119
11866020160,95
11866024227,74
11866024238,43
11866032485,59
11866032486,69
11866145682,98
11866145689,68
11866145690,80
11866145691,56
11866168496,331
11866168505,270
11866168507,330
11866168511,226
11866171973,78
11866171977,55
11867804514,179
11867804515,104
11867895637,191
11867895642,222
11867895645,150
11867895646,236
11867897905,197
11867897907,144
11867910965,82
11867910966,39
11867913869,74
11867913871,92
11867930221,109
11867930222,157
11867930223,143
11867930224,85
11867930532,232
11867930533,258
11867935612,182
11867938700,285
11867938701,267
11867944719,259
11867947557,195
11868036481,155
11868036482,199
11868036483,179
11868046553,114
11868066123,138
11868066125,103
11868067829,210
11868072289,249
11868072290,177
11868074333,238
11868074336,253
11868074337,184
11868074338,170
11868075749,304
11868075750,245
11868078855,274
11868084367,120
11868084368,157
11868085880,211
11868085881,250
11868085882,184
11868085900,181
11868091095,400
11868091096,293
11868093517,162
11868093518,258
11868093521,192
11868093522,204
11868093523,248
11868093524,179
11868093531,191
11868094161,264
11868094162,189
11868095261,224
11868095263,168
11868095265,249
11868097706,206
11868097707,250
11868104696,365
11868127501,138
11868127502,135
11868127503,178
11868127504,189
11868128258,163
11868128259,270
11868135403,164
11868154919,238
11868154921,254
11868154922,286
11868154924,254
11868155401,152
11868160894,183
11868160895,174
11868160896,191
11868160902,168
11868160903,189
11868160904,137
11868160905,191
11868160906,189
11868160907,274
11868160913,156
11868166640,146
11868166641,215
11868166642,246
11868166643,220
11868176162,83
11868182754,124
11868182755,240
11868210837,119
11868210838,109
11868210840,109
11868210841,141
11868210843,108
11868210967,77
11868220335,58
11868220336,81
11868220913,298
11868220914,204
11868224289,112
11868224290,102
11868234270,134
11868239078,114
11868239079,90
11868252937,90
11868252938,91
11868278440,179
11868278443,278
11868278444,292
11868278445,275
11868278446,184
11868278448,184
11868286693,198
11868286694,151
11868289161,309
11868289162,279
11868289163,310
11868306817,146
11868306818,90
11868307853,201
11868307854,273
11868307858,212
11868307859,250
11868307860,212
11868307861,206
11868315584,206
11868315585,188
11868315586,213
11868315587,157
11868315588,215
11868315589,248
11868315590,183
11868315591,265
11868315592,166
11868315593,233
11868315594,172
11868318484,246
11868318485,183
11868319532,139
11868319533,97
11868320579,215
11868320586,223
11868320587,212
11868320588,209
11868337064,218
11868345177,104
11868345178,123
11868364377,289
11868367195,174
11868367198,213
11868408126,120
11868408127,152
11868408132,105
11868421576,103
11868421579,126
11868425977,240
11868425978,248
11868425979,226
11868443088,45
11868443089,65
11868445363,77
11868445364,111
11868445365,80
11868445366,113
11868445367,83
11868445368,152
11868462725,101
11868462726,94
11868462727,107
11868462728,111
11868462729,122
11868463920,29
11868473069,117
11868473070,133
11868473071,90
11868473072,114
11868473073,69
11868478670,73
11868478672,58
11868479016,84
11868479018,93
11868481892,73
11868481894,27
11868485969,146
11868496449,59
11868496452,30
11868497913,285
11868497919,307
11868497920,242
11868497926,195
11868522374,52
11868523324,54
11868529891,54
11868529892,37
11868529973,30
11868529974,28
11868529975,65
11868529976,46
11868545163,60
11868545168,84
11868548323,51
11868548324,112
11868555686,57
11868563315,57
11868564746,152
11868564751,208
11868577636,160
11868577637,191
11868577649,172
11868898446,398
11868942350,142
11868942351,213
11873197529,304
11873197530,227
11873197531,280
11873197532,236
11873202128,130
11873202129,137
11873213056,291
11873213057,172
11873213058,278
11873213059,222
11873216536,207
11873216537,163
11873216538,201
11873216539,184
11873216540,188
11873216545,186
11873216547,219
11873216548,188
11873224547,211
11873224553,207
11873225716,269
11873225722,171
11873228861,213
11873228863,171
11873230258,176
11873251932,146
11873251934,141
11873251937,179
11873251938,179
11873257809,32
11873261053,189
11873261054,182
11873262244,229
11873262248,124
11873262455,192
11873262456,126
11873263615,179
11873270641,164
11873270645,164
11873271477,323
11873271483,200
11873273223,140
11873273224,147
11873274872,146
11873275126,175
11873275127,172
11873275391,302
11873275393,322
11873275394,216
11873275396,195
11873275397,334
11873275400,67
11873279451,180
11873279452,108
11873284171,188
11873284172,111
11873301945,532
11873301946,316
11873326313,125
11873326314,132
11873346389,39
11873359037,121
11873361413,270
11873369200,263
11873375182,182
11873375183,250
11873375184,202
11873375185,293
11873375186,354
11873375187,246
11873380220,503
11873380469,213
11873385866,295
11873401702,517
11873401704,518
11873417113,217
11873417114,278
11873417115,261
11873417119,221
11873419336,402
11873419343,395
11873419344,336
11873419345,419
11873425335,520
11873425336,462
11873425346,292
11873425349,283
11873425350,188
11873425351,165
11873425352,213
11873425353,328
11873425354,283
11873425355,271
11873425356,219
11873425359,350
11873427562,209
11873427563,196
11873438571,274
11873439850,463
11873439854,548
11873449581,336
11873449584,359
11873449585,297
11873452649,541
11873463043,311
11873463044,262
11873463057,290
11873463062,346
11873463065,211
11873463066,289
11873463537,268
11873464610,511
11873464611,494
11873469699,236
11873469705,312
11873481069,292
11873481070,234
11873481071,309
11873481072,206
11873481073,315
11873481076,330
11873498527,188
11873498528,237
11873504447,204
11873504449,281
11873504450,196
11873504451,247
11873510496,257
11873510502,318
11873511636,287
11873511638,249
11873511639,267
11873511640,283
11873517595,115
11873517596,112
11873517774,158
11873517781,190
11873520303,426
11873520411,277
11873520413,268
11873520414,340
11873520415,209
11873521227,272
11873521228,313
11873521230,237
11873521231,274
11873521232,256
11873530282,255
11873530283,202
11873530284,196
11873538341,216
11873538344,313
11873538345,223
11873538346,202
11873538348,294
11873538349,351
11873541147,305
11873541148,451
11873541149,319
11873541150,308
11873549528,241
11873555136,353
11873555137,305
11873582309,235
11873582317,326
11873582318,216
11873582320,295
11873590276,241
11873590277,199
11873644067,112
11873644068,59
11873686184,354
11873703330,361
11873703334,327
11873722076,137
11873722080,140
11873727156,187
11873727158,160
11873728879,210
11873728881,138
11873735095,202
11873735097,186
11873742172,235
11873742174,123
11873744870,235
11873744872,204
11873749804,162
11873749805,261
11873749812,213
11873749813,196
11873749814,222
11873749817,261
11873752202,173
11873752203,137
11873752204,188
11873752205,153
11873753092,144
11873753093,161
11873753213,148
11873753216,191
11873759278,200
11873759280,184
11873759281,152
11873759283,192
11873761993,193
11873761995,133
11873761996,228
11873762220,239
11873762224,221
11873762225,173
11873762226,169
11873762227,249
11873762228,295
11873767337,185
11873767341,120
11873767342,159
11873767348,156
11873767990,63
11873780200,121
11873780201,82
11873780207,114
11873780208,62
11873789901,159
11873789902,181
11873803656,59
11873803658,35
11873803659,39
11873803660,63
11873817350,66
11873817351,48
11873817361,57
11873817362,63
11873817363,60
11873818843,53
11873818844,45
11873818845,47
11873818846,46
11873819370,70
11873825726,63
11873825727,46
11873825728,36
11873825729,26
11873825732,75
11873825733,52
11873831316,59
11873831317,68
11873831318,45
11873837105,60
11873837107,66
11873840668,188
11873842653,28
11873842654,58
11873842655,36
11873842656,57
11873853746,51
11873853747,32
11873853998,30
11873853999,49
11873854000,57
11873854001,32
11873895591,33
11873895592,40
11873904335,37
11873904338,41
11873904339,46
11873904341,81
11873904342,73
11873904343,43
11873904344,60
11873904345,28
11873905921,40
11873905922,61
11873918604,45
11873918605,60
11873925160,33
11873925161,41
11873925162,46
11873925164,62
11873925165,73
11873925166,55
11873926683,63
11873939953,30
11873939960,25
11873939961,72
11873942896,59
11873961720,77
11873961721,74
11873966206,112
11873966207,95
11873967308,29
11873967309,39
11873972174,39
11873972176,44
11873972178,27
11873972181,36
11873972182,59
11873972183,71
11873978140,54
11873978472,52
11873986357,74
11873986360,90
11874024204,59
11874024205,24
11874024862,61
11874024863,81
11874024864,66
11875456060,45
11875456061,29
11875471265,71
11875471266,57
11875471267,108
11875474332,38
11875474333,37
11875492293,39
11875544809,54
11875544810,83
11875544811,85
11875544812,70
11875544813,52
11875544814,50
11875544815,59
11875544818,60
11875553148,71
11875607102,68
11875607103,39
11875617295,63
11875617296,61
11875620171,48
11875707031,31
11875707034,41
11875707036,26
11875716251,76
11875716980,55
11875716982,42
11875718738,46
11875718740,30
11875720169,94
11875720170,109
11875720171,95
11875720172,90
11875720174,61
11875720177,75
11875720178,103
11875742124,91
11875742125,52
11875742126,72
11875742127,75
11875742128,71
11875742129,89
11875743725,73
11875743726,53
11875743727,62
11875743728,69
11875767827,63
11875767829,46
11875767831,94
11875767832,82
11875772032,52
11875772034,35
11875773629,85
11875773630,49
11875774628,78
11875774631,90
11875774632,67
11875774633,101
11875782079,53
11875782082,67
11875782084,41
11875782086,61
11875788628,52
11875788629,78
11875829832,54
11875829833,45
11875829834,56
11875829835,87
11875829837,71
11875829838,81
11875829839,65
11875829841,56
11875829842,66
11875830276,64
11875830278,33
11875830279,69
11875830281,26
11875830282,42
11875830283,62
11875831579,35
11875831580,87
11875839306,50
11875842575,126
11875842576,61
11875846591,46
11875879231,73
11875879232,43
11875879233,86
11875879241,45
11875879242,67
11875885834,59
11875885835,50
11875888296,44
11875888300,59
11875889526,40
11875889638,79
11875889640,60
11875889641,53
11875889645,42
11875891402,73
11875891405,46
11875891486,56
11875891487,55
11875891490,45
11875899855,78
11875899856,48
11875906368,29
11875908623,80
11875908624,44
11875908625,77
11875908626,57
11875924827,63
11875924828,34
11875929869,53
11875929870,44
11875935659,91
11875935660,65
11875949740,60
11875961248,151
11875961249,147
11875977888,95
11875977892,96
11875982427,44
11875982428,73
11875982429,56
11875982430,45
11875983266,129
11875983267,111
11875987262,64
11875988226,123
11875988229,90
11876006808,108
11876006810,108
11876021295,103
11876021297,69
11876085988,85
11876085993,54
11876121196,74
11876127048,53
11876127051,49
11876172767,44
11876172768,62
11876175424,42
11876175426,27
11876179825,30
11876186819,66
11876186821,61
11876198715,53
11876198716,37
11876198717,35
11876198718,70
11876198721,68
11876204152,59
11876204153,84
11876207615,81
11876207616,65
11876208627,59
11876208630,71
11876208637,76
11876208639,69
11876211580,38
11876211581,54
11876211582,32
11876213211,58
11876213212,49
11876213573,61
11876213578,70
11876215481,127
11876215486,76
11876215487,89
11876215491,73
11876219355,48
11876219360,61
11876221815,68
11876221820,78
11876227798,49
11876227800,50
11876227803,40
11876227806,48
11876236727,74
11876236728,57
11876252807,65
11876255673,98
11876255674,83
11876255675,103
11876255676,73
11876255677,98
11876255678,56
11876255818,53
11876255823,73
11876273384,110
11876273385,56
11876276880,63
11876276902,55
11876276903,26
11876284182,113
11876284183,82
11876290604,50
11876290609,67
11876302298,49
11876306118,59
11876306122,74
11876306123,68
11876306125,60
11876312401,53
11876312406,65
11876313409,91
11876319991,57
11876320254,51
11876320255,43
11876320256,71
11876320257,60
11876320370,61
11876320375,51
11876320376,74
11876320377,49
11876321853,84
11876321856,89
11876325520,57
11876325526,47
11876325528,71
11876325529,54
11876328035,59
11876328040,42
11876328041,53
11876328042,60
11876352582,64
11876352586,73
11876352587,60
11876352589,49
11876373848,75
11876373851,54
11876380755,55
11876388159,54
11876388162,42
11876388163,53
11876388164,50
11876388165,58
11876388166,85
11876431546,52
11876431550,71
11876496655,70
11876496659,69
11876534118,47
11878288772,252
11878288773,274
11878288778,270
11878288779,211
11878300073,147
11878300075,161
11878302162,67
11878308783,33
11878314222,52
11878314224,37
11878333863,66
11878333868,68
11878334469,72
11878334470,63
11878648613,123
11878660592,141
11878660593,93
11878661784,148
11878661785,159
11878661786,167
11878661787,163
11878661788,129
11878661789,137
11878667962,104
11878667964,93
11878671241,137
11878671677,99
11878671678,120
11878678676,97
11878691284,114
11878705056,120
11878756723,114
11878756724,68
11878756888,71
11878756889,72
11878782525,86
11878782526,93
11878784618,127
11878784619,91
11878801272,108
11878801273,88
11878804250,76
11878814243,87
11882769718,118
11882769719,139
11882769720,144
11882769721,170
11882769722,115
11882793865,91
11882885614,76
11882885615,73
11882902634,71
11882908217,82
11882908222,90
11882908223,78
11882908224,64
11882923311,71
11882923313,41
11882939185,145
11882942023,214
11882942024,202
11882942025,163
11882942026,129
11882959190,160
11882959191,126
11882963475,216
11882963485,115
11882963487,190
11882963491,127
11882963541,201
11882963542,204
11882965447,75
11882965452,50
11882966316,49
11882966371,117
11882966372,129
11882968146,65
11882968151,75
11882971740,174
11882971741,129
11882971742,218
11882971749,225
11882971750,234
11882971751,131
11882973826,64
11882973964,164
11882973965,206
11882973966,173
11882981243,89
11882981252,178
11882981253,127
11882981254,120
11882981255,142
11882984953,338
11883014112,390
11883038640,63
11883038644,78
11883038649,56
11883038651,333
11883038652,215
11883045217,329
11883045218,382
11883091450,360
11883091454,478
11883091458,393
11883091459,278
11883091964,66
11883097075,66
11883097076,65
11883097082,61
11883097088,60
11883097095,90
11883112865,109
11883113128,58
11883113138,86
11883113721,62
11883113722,74
11883113723,60
11883113724,63
11883113725,69
11883113726,82
11883113727,73
11883113728,87
11883113729,55
11883113730,76
11883113731,55
11883113732,56
11883113733,64
11883113734,55
11883113739,83
11883113743,72
11883113747,52
11883122175,53
11883122176,61
11883122177,73
11883125774,54
11883160426,58
11883160427,34
11883182026,89
11883182028,68
11883192326,30
11883196111,70
11883196112,60
11883197986,59
11883197996,61
11883199004,63
11883199005,88
11883199012,74
11883205663,58
11883206755,60
11883206765,87
11883219042,79
11883219051,65
11883223370,51
11883223373,56
11883223374,81
11883224648,90
11883224658,65
11883224951,75
11883224952,83
11883224959,78
11883237089,60
11883237099,90
11883246924,51
11883246934,74
11883251197,59
11883251198,79
11883251199,74
11883251207,58
11883253341,72
11883253342,72
11883253343,68
11883253350,52
11883253351,59
11883253352,91
11883255244,57
11883255245,69
11883255252,61
11883255255,82
11883255256,74
11883255257,80
11883255264,76
11883257254,71
11883257255,89
11883257256,52
11883257257,51
11883257259,78
11883257266,69
11883315212,46
11883341886,32
11883387187,91
11883473037,85
11883473041,68
11883473045,71
11883473046,80
11883473048,109
11883473049,74
11883473052,114
11883473053,71
11883473056,74
11883473057,69
11883473058,71
11883473059,84
11883473060,68
11883503157,77
11883503160,54
11883503161,103
11883503163,66
11883506550,48
11883506551,92
11883506557,42
11883544874,43
11883544875,45
11883544876,60
11883544879,89
11883544880,81
11883544882,82
11886474774,123
11886474775,108
11886474776,134
11890732874,158
11890732877,140
11890933887,184
11890933891,156
11890933892,144
11890933895,139
11890933898,217
11890955218,190
11891020645,251
11891042743,251
11891042747,246
11891042750,270
11891042751,202
11891042754,321
11891228194,217
11891228198,268
11891228203,206
11891228204,240
11891228207,233
11891228208,216
11891228209,225
11891228211,229
11891228212,300
11891263913,241
11892750643,173
11892857419,209
11892857420,324
11892857421,187
11902596768,260
11902702272,298
11902702278,343
11902702279,324
11902702282,459
11902702287,388
11902702292,342
11902702316,199
11902705127,159
11902705129,299
11902705130,217
11902705134,294
11902705138,285
11902705143,172
11903394856,66
11903394857,98
11903394858,61
11903394859,74
11903394860,57
11903394861,57
11903394862,65
11903394863,63
11903394864,59
11903394865,90
11903394866,67
11903394867,91
11903394868,62
11903502369,84
11903502370,79
11903502372,54
11905945479,181
11905945480,136
11905945481,165
11905945482,129
11905945485,140
11916319062,130
11916319206,172
11916319207,112
11916319214,136
11918223024,84
11918223025,131
11921998957,368
11921998961,275
11936178646,403
11936178649,429
11936422651,200
11936422655,153
11936422659,103
11936422660,122
11936422661,128
11936422662,129
11936469688,176
11936469689,121
11936469690,128
11936469691,129
11936528978,58
11936528979,44
11936528980,67
11936528981,61
11936528986,61
11936528990,26
11936528991,23
11953789037,211
11953789039,132
11955282112,272
11955327813,272
11955327814,193
11955327815,285
11955327818,208
11955327820,228
11955327822,351
11955327826,280
11955327827,346
11955327830,269
11955327838,320
11955327844,195
11955400464,383
11955403175,208
11955403195,199
11955420225,73
11955442408,272
11955442409,286
11955442410,265
11955442414,220
11955457776,88
11955457777,77
11955580417,296
11955624299,458
11955666425,43
11955681041,75
11955681042,69
11955681043,84
11955681044,56
11955681045,34
11955681046,34
11955681047,86
11955681048,46
11958324052,33
11958324062,75
11971423596,76
11971423597,83
11977591450,101
11977591460,97
11977602474,79
11977602478,62
11977602481,95
11977602498,74
11977602499,74
11977602502,51
11977602503,88
11977602512,68
11977602519,89
11977602520,55
11977602521,72
11977602551,62
11977602552,73
11977602553,101
11977602554,73
11977602555,91
11977602556,88
11977602557,66
11977602558,79
11994221378,153
11994221379,135
12005616288,149
12005616289,211
12094575285,196
12094575289,217
12094597783,43
12094604541,253
12094604550,61
12094604556,48
12094619409,81
12094619411,37
12094620832,241
12094621184,196
12094621185,221
12094621186,57
12094621188,37
12094622447,191
12094623522,115
12094623524,146
12094623525,97
12094626266,267
12094626268,157
12094626278,136
12094626279,128
12094626280,90
12094627542,280
12094627549,175
12094638934,38
12094641360,44
12094641361,35
12094654056,218
12094654058,245
12094654716,313
12094654718,71
12094654720,31
12094654721,50
12094654723,35
12094654788,286
12094654789,324
12094654790,270
12094670045,295
12094675387,90
12094675388,61
12094676452,299
12094676458,212
12094676504,264
12094692073,52
12094692074,59
12094692783,221
12094698288,160
12094698292,221
12094708221,268
12094708222,299
12094708372,411
12094708376,404
12094708377,321
12094708381,335
12094711009,324
12094711010,350
12094712637,357
12094712642,354
12094715107,56
12094715110,41
12094720027,114
12094720033,85
12094730933,237
12094730938,198
12094731356,121
12094731364,157
12094731709,267
12094732429,282
12094732433,285
12094734385,232
12094735641,57
12094735642,56
12094735671,107
12094735676,57
12094737836,54
12094737837,64
12094740170,187
12094740171,249
12094740499,301
12094742083,269
12094743900,62
12094745851,82
12094745852,70
12094747525,184
12094751190,216
12094751191,180
12094751194,243
12094751195,191
12094754752,66
12094754763,57
12094763802,40
12094763823,249
12094763826,172
12094763827,250
12094782463,235
12094782466,128
12094782467,147
12094789374,266
12094792043,170
12094792044,180
12094796419,395
12094796428,380
12094796429,339
12094796430,382
12094799875,202
12094799878,282
12094799879,179
12094799880,189
12094806824,310
12094806825,461
12094843866,99
12094843868,118
12094846395,118
12094846397,88
12094851699,85
12094851700,43
12094851872,109
12094851883,123
12094880362,302
12094880367,342
12094881410,285
12094887478,298
12094887481,370
12094887484,214
12094887485,232
12094898201,78
12094898202,51
12094898203,114
12094898207,111
12094898522,360
12094898529,306
12094899458,410
12094899459,437
12094932198,467
12094932199,395
12094936572,61
12094942212,61
12094942213,52
12094952804,411
12094952805,448
12094952806,341
12094973476,267
12094973478,474
12094973479,349
12094973990,246
12094973991,346
12094973992,404
12094984726,49
12094984727,53
12094985512,45
12094989091,392
12094989098,388
12094997861,113
12094997876,89
12094997885,103
12095012094,95
12095013875,222
12095013876,235
12095013877,326
12095013878,328
12095013879,352
12095017136,306
12095018196,186
12095023843,36
12095023844,85
12095023845,61
12095023846,76
12095023937,394
12095023938,496
12095026892,66
12095026899,60
12095037276,449
12095037281,362
12095037285,381
12095037286,450
12095038947,167
12095039354,72
12095039358,80
12095039359,78
12095039361,92
12095039365,38
12095041815,294
12095041816,316
12095041817,73
12095041818,89
12095042206,68
12095042207,42
12095042208,268
12095042211,351
12095042212,271
12095042213,368
12095063402,218
12095063959,24
12095063960,28
12095063961,39
12095063962,32
12095063964,394
12095063966,442
12095067455,105
12095067456,73
12095072894,144
12095079234,103
12095079235,73
12095087871,57
12095087874,100
12095087879,93
12095087882,86
12095092541,75
12095092542,47
12095092590,255
12095092591,323
12095092592,306
12095092593,425
12095095703,401
12095095704,350
12095095705,343
12095095706,458
12095106599,99
12095131104,220
12095131107,149
12095131143,65
12095131144,43
12095132824,58
12095133229,60
12095133230,89
12095133231,71
12095137101,82
12095137104,68
12095137105,82
12095137106,62
12095137107,68
12095138542,78
12095138543,54
12095146910,91
12095146911,60
12095150520,94
12095151833,89
12095151834,51
12095153484,101
12095153485,42
12095157780,63
12095173796,474
12095173799,336
12095174196,388
12095181075,336
12095184643,399
12095184644,255
12095185195,71
12095186238,77
12095191998,303
12095191999,436
12095198099,170
12095198100,129
12095198109,545
12095198111,538
12095198112,512
12095198113,340
12095198114,531
12095198115,378
12095198630,406
12095199872,91
12095199877,40
12095201716,253
12095201717,342
12095201718,218
12095201719,248
12095203482,66
12095203483,84
12095205425,75
12095205431,71
12095210786,86
12095210787,80
12095213109,66
12095213110,56
12095213789,84
12095213790,59
12095217258,581
12095219003,53
12095219004,74
12095228112,577
12095233987,332
12095233994,332
12095234093,45
12095234812,44
12095257749,62
12095257750,46
12095259773,342
12095259775,310
12095259777,263
12095259779,404
12095259780,290
12095268265,44
12095268266,48
12095273346,360
12095278863,245
12095278864,239
12095278878,51
12095278883,36
12095279278,68
12095279286,73
12095279543,507
12095292655,480
12095292656,333
12095294270,335
12095294271,367
12095321956,467
12095321957,344
12095322631,518
12095322632,382
12095651356,56
12095651357,43
12095655368,78
12095655372,76
12095658634,165
12095658635,94
12095673804,36
12095689430,52
12096321279,284
12096321280,338
12096321281,215
12096379002,52
12096379003,105
12096386023,62
12096386026,48
12096390418,81
12096390419,36
12096391822,65
12096391823,69
12096393341,34
12096402337,45
12096402352,25
12096409708,52
12096417277,76
12096417415,226
12096417416,237
12096419482,28
12096419483,64
12096420263,173
12096423888,187
12096424285,310
12096424286,303
12096424287,64
12096424289,44
12096424474,99
12096424475,113
12096424476,43
12096443390,45
12096444511,89
12096444512,92
12096444513,267
12096444514,327
12096444516,351
12096444517,427
12096444518,291
12096444519,364
12096444520,233
12096444522,418
12096444529,303
12096444542,265
12096444543,258
12096444549,79
12096444550,49
12096444552,47
12096447039,225
12096447832,65
12096447833,74
12096447973,50
12096447974,62
12096447985,330
12096447986,335
12096448520,324
12096448521,336
12096450016,315
12096450017,247
12096450018,195
12096452823,72
12096452824,76
12096452825,57
12096452827,54
12096452829,78
12096452830,55
12096452833,82
12096452834,52
12096487853,71
12096487854,58
12096490206,305
12096490211,439
12096490213,512
12096490217,298
12096510654,419
12096510656,424
12096510657,351
12096510659,416
12096510660,257
12096510661,443
12096510662,238
12096510664,236
12096526996,58
12096526998,38
12096532814,91
12096534234,91
12096534235,101
12096535692,109
12096535694,95
12096538109,222
12096538110,343
12096541235,441
12096541239,429
12096541240,330
12096541338,73
12096541339,45
12096541344,34
12096541345,43
12096541352,73
12096541353,74
12096565228,112
12096565229,101
12096565230,116
12096565232,68
12096565329,263
12096565331,173
12096573619,120
12096573622,74
12096576503,211
12096576506,293
12096576507,262
12096576508,313
12096576510,265
12096576511,230
12096576515,271
12096577964,42
12096577970,65
12096577972,42
12096577973,39
12096577982,58
12096577983,72
12096577984,49
12096577985,75
12096577986,60
12096577987,49
12096577988,64
12096577992,38
12096589326,59
12096589328,26
12096589329,68
12096589330,68
12096589332,38
12096594485,128
12096594487,80
12096605366,117
12096605368,101
12096607474,246
12096607477,300
12096618932,44
12096618933,69
12096681897,358
12096706402,336
12096706403,218
12096713412,577
12096713413,504
12096713416,421
12096713417,333
12096714136,498
12096714137,411
12096714138,551
12096714139,521
12096714140,520
12096714141,381
12096714256,377
12096714257,480
12096714258,456
12096714259,518
12096714260,478
12096727396,352
12096727397,328
12096737240,465
12096737241,569
12096737806,373
12096737808,314
12096745403,297
12096745404,294
12096763116,493
12096763118,562
12096763119,525
12096763120,605
12096785897,328
12096785898,362
12096795885,55
12096795889,56
12096798392,58
12096798393,54
12096798394,54
12096798395,75
12096799142,325
12096799143,409
12096799144,459
12096804242,70
12096804246,83
12096807065,64
12096807449,391
12096819282,89
12096819283,70
12096824917,512
12096824918,454
12096824944,86
12096824945,69
12096831394,52
12096831395,53
12096854080,44
12096886862,88
12096891458,61
12096891459,77
12096962569,121
12096962570,71
12096969351,473
12096969353,576
12096970597,439
12096980594,61
12096984147,134
12096984153,180
12096986100,105
12096986224,316
12096986227,327
12096991778,101
12096991779,163
12096991784,102
12096991785,81
12096993936,80
12096993937,79
12096993938,91
12097001702,78
12097008081,124
12097008082,108
12097011721,167
12097011722,204
12097020969,162
12097020970,143
12097023602,152
12097023608,150
12097023609,133
12097023610,136
12097025850,193
12097025851,139
12097069593,75
12097085377,116
12097085378,78
12097104289,90
12097104290,70
12097120268,99
12097120272,140
12097137135,53
12097137136,40
12097144487,112
12097144488,76
12097151117,65
12098509135,31
12098526705,65
12098526706,36
12098526707,43
12098526708,27
12102913246,121
12157417586,187
12157417587,195
12157419034,132
12157419035,93
12157419036,129
12157419037,174
12176608656,52
12176608657,82
12176608658,67
12176608659,50
12176608664,64
12176608665,29
12176608666,50
12176608667,44
12176608668,65
12176608669,45
12176608670,64
12176608671,65
12176608672,67
12176608673,30
12176608674,53
12176608675,33
12176608676,28
12176608677,53
12176608678,53
12176608802,102
12176608804,61
12176608805,68
12176608809,46
12176608810,94
12176608811,54
12194076383,93
12194076384,95
12194076385,62
12194076386,55
12194083602,68
12206323686,101
12206323687,119
12206351918,57
12206351920,98
12206351921,89
12206353104,122
12206353105,129
12206353106,112
12206353107,126
12206353108,137
12206353109,123
12206353144,84
12206353145,119
12206353156,188
12206353157,220
12206353158,128
12206353159,133
12206353161,154
12206353162,234
12206353163,154
12207248775,145
12207248776,224
12207248777,167
12207248778,198
12207248782,159
12207248783,310
12207248784,179
12207248792,180
12207440738,62
12207440739,22
12207440741,38
12207440743,72
12207440783,96
12207440785,64
12207440786,103
12207521924,188
12207521930,168
12207521933,263
12207521934,152
12207521936,185
12207521937,124
12207521944,172
12207521945,188
12207521946,167
12207521947,178
12207521948,123
12207521949,140
12207521963,202
12207521988,48
12207521989,39
12207521992,39
12207521993,82
12207521995,59
12207521996,59
12207521998,46
12207521999,73
12207522000,29
12207522001,47
12208366860,51
12208366861,38
12208366862,42
12208366864,51
12208366865,46
12208366866,48
12208366867,34
12208366868,52
12208366869,58
12208366870,74
12208366871,96
12208366872,72
12208366873,68
12208366876,74
12208366879,112
12208366880,116
12208366881,96
12208366882,88
12208366883,56
12208380102,113
12208380105,89
12208380108,79
12219383667,287
12231297622,153
12231297623,189
12231364923,129
12231364924,118
12255408333,123
12282371826,344
12282371828,377
12282371833,341
12282371846,447
12295766275,143
12334221512,67
12357593718,80
12357639878,92
12357639899,131
12357639900,116
12357643920,109
12357643921,125
12357643922,108
12357644475,67
12357914952,137
12360588633,140
12360588634,170
12360889165,102
12360889166,72
12360980097,104
12360994871,311
12361246423,341
12361262766,309
12361289350,216
12361326247,298
12361357335,219
12361357336,222
12361368439,240
12361477848,229
12361491141,127
12361549914,353
12361549915,306
12361585898,323
12363457470,76
12363612174,33
12363633013,65
12363770803,46
12363770804,36
12363796599,61
12363800764,73
12363800765,77
12364235469,313
12364253675,298
12364253676,303
12364428294,66
12364454471,92
12364474936,47
12364711814,144
12364746810,225
12364779429,146
12364809180,187
12364817455,168
12364817456,156
12364820790,161
12372760595,207
12372760596,193
12372820576,287
12372820585,382
12372835183,364
12372835186,206
12372857208,325
12372857224,205
12372889874,324
12372889882,345
12372949432,453
12372949433,385
12372950966,224
12372950967,370
12372963209,257
12372989071,211
12372995604,81
12372996165,443
12372996166,438
12373003662,456
12373003663,376
12373005025,417
12373005026,453
12373005027,429
12373005028,332
12373005030,497
12373005031,468
12373013421,417
12373013422,379
12373017011,334
12373017012,312
12373022798,45
12373024422,500
12373024423,415
12373027670,446
12373027671,346
12373090097,63
12373090098,66
12373125309,69
12373282918,307
12373336336,63
12373385654,265
12373385660,249
12373385661,231
12373437315,297
12373474170,273
12373474171,213
12373557164,350
12373557165,353
12373562141,387
12375006845,489
12375006846,478
12375006848,498
12375006850,467
12375046434,442
12375046435,383
12375075997,413
12375098840,64
12375125067,320
12375126272,300
12375131715,51
12375133818,58
12375147195,85
12375147196,73
12375147197,67
12375488614,60
12375488616,74
12375488618,105
12375488641,64
12375623684,346
12375641438,70
12375641439,65
12375641440,58
12375641441,38
12375655568,40
12375655569,63
12375655570,70
12375655571,34
12375655572,22
12375655629,24
12375655630,29
12375719376,206
12375719378,129
12375826112,397
12375826120,460
12375841794,173
12375857274,154
12375857279,163
12375889331,446
12375889337,388
12375889587,324
12375889588,425
12375889589,509
12375889590,467
12375918983,447
12375932085,460
12375932086,495
12376025738,41
12376034683,27
12376101605,67
12376109996,269
12376125580,316
12376126093,271
12376137262,459
12376139248,451
12376141545,278
12376146443,332
12377251075,62
12377561691,336
12377567457,356
12377567461,365
12377570196,468
12377577738,517
12377580374,170
12377580376,211
12377615238,340
12377642694,327
12377642695,301
12382107565,46
12382130034,234
12382130035,184
12382130037,150
12393562915,80
12393562918,63
12397182125,159
12397182126,94
12397278470,220
12397278471,231
12508929884,113
12508969188,26
12508993460,88
12518394321,66
12520070434,147
12531273164,378
12531273171,332
12543305440,285
12543305445,266
12560919987,72
12560919990,93
12560919991,154
12560919994,105
12561188157,157
12561188158,210
12561188167,143
12574399153,67
12579647712,350
12579647713,416
12618124346,67
12618124347,44
12618124348,100
12618124354,101
12622917664,58
12622917668,70
12624191158,169
12624191165,216
12649652996,96
12650085767,254
12681369214,183
12681369215,220
12681373171,173
12691306445,224
12701974815,136
12749642680,425
12754100097,569
12754103103,357
12754103115,429
12754103123,559
12754103127,469
12785864758,37
12785864759,54
12785864760,69
12785864761,68
12785864762,53
12785864763,39
12785864764,57
12785864765,45
12785864766,46
12785864767,53
12785864769,65
12785864771,81
12785864772,39
12785864773,48
12785864774,59
12785864775,59
12785864786,49
12785864788,25
12785864789,48
12785864791,83
12785864793,47
12785864795,55
12785864798,40
12785867237,70
12785867238,180
12785867239,246
12785867240,213
12785867241,205
12785867248,139
12785867251,227
12785867294,152
12785867295,160
12785867298,144
12785867311,116
12785867312,112
12785867313,120
12785867314,104
12785867316,100
12785867317,122
12785867318,125
12785867320,152
12785867321,154
12785867326,155
12785867327,85
12785867333,75
12785867360,118
12785867364,93
12785867365,97
12785867366,83
12785867367,117
12785867368,87
12785867369,127
12785867370,157
12785867371,123
12785867372,136
12785867373,88
12785867374,67
12878725035,202
12878739206,91
12887265507,331
12887265509,495
12891930896,263
12891930897,264
12891955547,75
12891960970,68
12891960971,61
12891960972,80
12891960974,96
12891960975,98
12891960976,66
12891960978,99
12891960985,70
12891960986,85
12891960987,42
12891960988,47
12891960989,53
12891960990,51
12891960991,89
12891960992,97
12895349086,27
13011642312,105
13011642316,119
13011642317,106
13094342544,134
13094342545,146
13094342546,135
13094342547,147
13094342548,101
13094342550,174
13094342551,96
13094342552,143
13094342553,122
13094342554,110
13094342555,176
13094342556,146
13094342557,140
13094342558,138
13094342559,152
13094342560,110
13094342561,131
13094342581,115
13094342584,169
13094343004,90
13094343010,170
13094343011,99
13094343012,103
13094548973,375
13094594004,59
13099979930,105
13099979931,98
13100389066,84
13100389068,61
13100389069,75
13100389070,69
13100389071,86
13100389072,97
13100389073,129
13100389074,94
13100389075,98
13100389076,78
13100389078,149
13100389092,76
13100389093,97
13100389095,109
13100389100,171
13100406004,151
13108960352,107
13108960353,76
13108960354,90
13108960355,131
13108960356,163
13108960360,138
13108960361,152
13108960381,67
13110475283,56
13110475287,68
13142704872,190
13142704875,136
13142706339,284
13142706340,271
13142722211,52
13142722212,97
13142722213,78
13142722214,46
13142722215,100
13142754904,169
13142754906,162
13142754907,261
13142754908,231
13142754909,148
13142754917,240
13142754918,248
13142754919,240
13142754920,216
13201992103,119
13201992104,75
13201992105,106
13201992106,63
13201992107,56
13201992108,75
13201992109,67
13201992110,81
13201992111,97
13201992112,68
13201992113,78
13201992114,70
13201992116,54
13201992117,94
13201992118,62
13201992119,49
13201992120,81
13201992121,61
13201992122,90
13202087366,80
13202087367,67
13202087368,82
13202087369,59
13202087370,79
13202087374,77
13202679781,70
13202679785,55
13202679786,47
13202679790,61
13254088011,39
13254396029,61
13254396032,52
13254396034,60
13254396037,72
13254396038,56
13254396042,55
13254396043,59
13254396044,61
13254396047,53
13254396048,64
13254396051,43
13254396054,60
13254396055,66
13255777106,72
13255777107,94
13255777108,58
13255777114,62
13255777117,56
13255860857,185
13255860860,116
13255860861,179
13255860862,167
13255860863,221
13255860864,182
13255861069,177
13255861070,187
13255861071,200
13255861075,151
13255861076,179
13255861077,175
13255861078,194
13255861079,211
13255861080,249
13255861081,198
13255861082,155
13255861083,194
13255861084,183
13255861123,128
13255861124,129
13255861342,75
13255861344,58
13255861345,31
13255861346,50
13255861347,82
13255861348,56
13255861349,49
13255861350,51
13255861351,68
13256584762,70
13256584764,46
13256584765,86
13256584766,73
13256584767,63
13256584768,83
13256584769,78
13256584770,57
13256584773,64
13256584774,67
13256584776,68
13256584777,96
13256584780,65
13256584781,73
13256584783,95
13256584784,87
13256584786,62
13256584787,58
13256584788,87
13256584789,41
13256584790,57
13256584791,62
13256584792,86
13256584793,91
13256584794,48
13256584804,68
13256584806,38
13256584807,40
13256584808,92
13256584809,84
13256584810,57
13256584811,87
13256584814,53
13256584815,72
13256584816,45
13256584817,37
13256584821,94
13256584822,99
13256584823,75
13256584825,85
13256584826,62
13256584827,92
13256584828,95
13256584831,52
13256584832,97
13256584833,71
13256584834,61
13256584835,66
13256584836,81
13256584837,74
13256584838,108
13256584839,64
13256584840,76
13256584842,75
13256584844,46
13256584845,78
13256584846,70
13256584847,62
13256584848,97
13256584849,47
13256584850,92
13256584851,64
13256584852,86
13256584853,60
13256584854,51
13256584855,93
13256584858,48
13256584859,54
13256584860,60
13256584861,59
13256584864,79
13256584865,70
13256584868,48
13256584869,40
13256584871,77
13256584872,51
13256584873,71
13256584875,67
13256584878,40
13256584879,43
13256584880,61
13256584881,74
13256584882,39
13256584883,52
13256584884,39
13256584886,53
13256584887,64
13256584888,74
13256584889,42
13256584890,64
13256584891,63
13256584892,24
13256584893,34
13256584902,29
13256584903,35
13256584904,69
13256584905,44
13256584906,64
13256584910,37
13256584911,66
13256584912,43
13256584913,56
13256584914,26
13256584915,64
13256584916,59
13256584917,39
13256584918,66
13256584919,65
13256584920,31
13256584921,56
13256584922,41
13256584923,32
13256584924,34
13256584925,63
13256584926,44
13256584927,66
13256584928,40
13256584929,73
13256584930,59
13256584931,55
13256584932,38
13256584933,68
13256584934,27
13256584935,24
13256584936,58
13256584937,36
13256584938,45
13256584939,34
13256584940,58
13256584941,40
13256584942,39
13256584943,26
13256584944,65
13256584945,57
13256584946,56
13256584948,45
13256584949,39
13256584950,70
13256584951,28
13256584952,42
13256584953,75
13256584954,43
13256584955,64
13256584956,29
13256584957,71
13256584958,34
13256584959,58
13256584960,25
13256584961,42
13256584962,35
13256584963,69
13256584964,39
13256584965,74
13256584966,34
13256584967,63
13256584968,37
13256584969,54
13256584970,24
13256584971,70
13256584972,25
13256584973,75
13256584974,41
13256584975,45
13256584976,26
13256584977,40
13256584978,61
13256584980,65
13256584981,32
13256584982,44
13256584983,37
13256584984,37
13256584985,93
13256584986,42
13256584987,39
13256584988,87
13256584989,49
13256584990,72
13256584991,73
13256584992,30
13256584993,68
13256584995,68
13256584996,33
13256585041,34
13256585056,59
13256585061,57
13256585063,28
13256585064,64
13256585065,54
13256585066,59
13256585067,72
13256585068,26
13256585074,125
13256585075,76
13256585077,125
13256585078,82
13256585082,81
13256585097,95
13256585100,91
13256585101,79
13256585102,101
13256585103,69
13256585104,89
13256585105,86
13256585107,81
13256585108,112
13256585109,66
13256585110,98
13256585111,99
13256585112,82
13256585113,84
13256585114,69
13256585115,81
13259055001,151
13259055016,126
13259055023,200
13259055025,207
13259055031,135
13259055032,152
13259055037,162
13259055038,138
13288961153,86
13288961154,107
13288961158,69
13288969912,114
13288969913,151
13288969915,145
13288969916,125
13294450968,54
13294450969,49
13295962862,347
13295962863,417
13295962882,378
13296000087,151
13296000088,235
13296013604,182
13296013605,160
13296037302,77
13296037303,49
13296037308,52
13296037309,45
13296037310,63
13296039499,70
13296049902,71
13296049906,67
13312783487,345
13312783488,434
13312783489,409
13312783490,435
13312783492,296
13312783493,374
13312783500,250
13312833516,258
13312833517,312
13368994943,80
13368994946,82
13386332847,154
13386332848,140
13413523961,177
13413523964,97
13439355472,297
13439355473,368
13439355476,458
13442376523,102
13442376526,57
13518858659,189
13518858660,168
13518858661,182
13518858662,118
13518858663,122
13526956711,67
13584140221,235
13613690335,41
13613690337,65
13613690355,36
13613716580,26
13613723057,34
13613723060,30
13660483595,71
13660483596,79
13660483597,73
13660483599,73
13673552570,70
13673552578,100
13673552582,94
13673581479,66
13673581488,82
13673581491,74
13673581496,83
13673740588,58
13673740590,110
13676923669,176
13676923670,176
13686557631,86
13686557632,106
13819932917,98
13823829764,172
13823829765,171
13823829766,223
13823829767,165
13823829768,161
13823829769,206
13823829770,160
13823829771,116
13957910297,439
13957910300,423
13976724208,232
14022293375,28
14028232318,200
14028232319,184
14055181047,77
14061526650,48
14074580020,70
14074580024,48
14074580025,42
14074580026,87
14074580027,49
14074580028,56
14074580029,63
14074580030,33
14085592598,181
14183170218,80
14183170233,55
14183170234,45
